"VERSION","1"
"PRODUCT","P001","Chuot khong day Logitech M185","500000","20","5"
"PRODUCT","P002","Ban phim Keychron K2","750000","10","3"
"PRODUCT","P003","Man hinh Dell 24 inch","3000000","5","2"
"PRODUCT","P004","Tai nghe Sony - Mau 004","4110000","38","15"
"PRODUCT","P005","SSD Samsung - Mau 005","540000","126","20"
"PRODUCT","P006","RAM Kingston - Mau 006","2370000","177","5"
"PRODUCT","P007","Laptop Asus - Mau 007","14700000","2","5"
"PRODUCT","P008","Webcam Logitech - Mau 008","1630000","66","20"
"PRODUCT","P009","Loa Bluetooth JBL - Mau 009","2660000","112","15"
"PRODUCT","P010","Sac du phong Anker - Mau 010","1850000","15","15"
"PRODUCT","P011","Cap USB-C Ugreen - Mau 011","70000","72","15"
"PRODUCT","P012","Router WiFi TP-Link - Mau 012","2950000","96","5"
"PRODUCT","P013","USB Sandisk - Mau 013","360000","33","15"
"PRODUCT","P014","Gia do laptop Baseus - Mau 014","340000","3","5"
"PRODUCT","P015","O cung HDD Seagate - Mau 015","2310000","102","15"
"PRODUCT","P016","Chuot gaming Razer - Mau 016","1520000","52","10"
"PRODUCT","P017","Ban phim gaming Corsair - Mau 017","3150000","128","15"
"PRODUCT","P018","Microphone HyperX - Mau 018","3780000","98","10"
"PRODUCT","P019","May in Canon - Mau 019","6790000","99","10"
"PRODUCT","P020","Bo chia HDMI Ugreen - Mau 020","410000","0","10"
"PRODUCT","P021","Chuot khong day Logitech - Mau 021","270000","1","5"
"PRODUCT","P022","Ban phim Keychron - Mau 022","2870000","128","10"
"PRODUCT","P023","Man hinh Dell - Mau 023","1970000","32","15"
"PRODUCT","P024","Tai nghe Sony - Mau 024","2460000","160","10"
"PRODUCT","P025","SSD Samsung - Mau 025","4160000","181","5"
"PRODUCT","P026","RAM Kingston - Mau 026","1620000","120","5"
"PRODUCT","P027","Laptop Asus - Mau 027","29720000","155","10"
"PRODUCT","P028","Webcam Logitech - Mau 028","1040000","9","20"
"PRODUCT","P029","Loa Bluetooth JBL - Mau 029","1250000","24","10"
"PRODUCT","P030","Sac du phong Anker - Mau 030","1030000","5","5"
"PRODUCT","P031","Cap USB-C Ugreen - Mau 031","450000","147","10"
"PRODUCT","P032","Router WiFi TP-Link - Mau 032","1380000","92","20"
"PRODUCT","P033","USB Sandisk - Mau 033","190000","155","20"
"PRODUCT","P034","Gia do laptop Baseus - Mau 034","230000","29","15"
"PRODUCT","P035","O cung HDD Seagate - Mau 035","1870000","2","5"
"PRODUCT","P036","Chuot gaming Razer - Mau 036","2140000","41","10"
"PRODUCT","P037","Ban phim gaming Corsair - Mau 037","3170000","155","20"
"PRODUCT","P038","Microphone HyperX - Mau 038","1420000","184","5"
"PRODUCT","P039","May in Canon - Mau 039","3990000","193","15"
"PRODUCT","P040","Bo chia HDMI Ugreen - Mau 040","550000","0","10"
"PRODUCT","P041","Chuot khong day Logitech - Mau 041","370000","102","10"
"PRODUCT","P042","Ban phim Keychron - Mau 042","1700000","6","10"
"PRODUCT","P043","Man hinh Dell - Mau 043","4760000","141","5"
"PRODUCT","P044","Tai nghe Sony - Mau 044","390000","78","15"
"PRODUCT","P045","SSD Samsung - Mau 045","500000","32","15"
"PRODUCT","P046","RAM Kingston - Mau 046","890000","88","20"
"PRODUCT","P047","Laptop Asus - Mau 047","11470000","181","5"
"PRODUCT","P048","Webcam Logitech - Mau 048","980000","153","10"
"PRODUCT","P049","Loa Bluetooth JBL - Mau 049","1730000","1","5"
"PRODUCT","P050","Sac du phong Anker - Mau 050","1990000","20","20"
"PRODUCT","P051","Cap USB-C Ugreen - Mau 051","330000","120","10"
"PRODUCT","P052","Router WiFi TP-Link - Mau 052","2900000","86","20"
"PRODUCT","P053","USB Sandisk - Mau 053","550000","27","15"
"PRODUCT","P054","Gia do laptop Baseus - Mau 054","240000","190","20"
"PRODUCT","P055","O cung HDD Seagate - Mau 055","1730000","191","20"
"PRODUCT","P056","Chuot gaming Razer - Mau 056","1570000","14","15"
"PRODUCT","P057","Ban phim gaming Corsair - Mau 057","4180000","127","10"
"PRODUCT","P058","Microphone HyperX - Mau 058","2290000","40","15"
"PRODUCT","P059","May in Canon - Mau 059","8360000","129","20"
"PRODUCT","P060","Bo chia HDMI Ugreen - Mau 060","490000","0","20"
"PRODUCT","P061","Chuot khong day Logitech - Mau 061","330000","184","20"
"PRODUCT","P062","Ban phim Keychron - Mau 062","3390000","137","15"
"PRODUCT","P063","Man hinh Dell - Mau 063","10740000","1","5"
"PRODUCT","P064","Tai nghe Sony - Mau 064","680000","189","20"
"PRODUCT","P065","SSD Samsung - Mau 065","3240000","104","10"
"PRODUCT","P066","RAM Kingston - Mau 066","2220000","169","5"
"PRODUCT","P067","Laptop Asus - Mau 067","14550000","151","10"
"PRODUCT","P068","Webcam Logitech - Mau 068","770000","43","5"
"PRODUCT","P069","Loa Bluetooth JBL - Mau 069","1600000","58","20"
"PRODUCT","P070","Sac du phong Anker - Mau 070","1540000","15","15"
"PRODUCT","P071","Cap USB-C Ugreen - Mau 071","240000","38","10"
"PRODUCT","P072","Router WiFi TP-Link - Mau 072","1040000","123","15"
"PRODUCT","P073","USB Sandisk - Mau 073","110000","29","15"
"PRODUCT","P074","Gia do laptop Baseus - Mau 074","450000","173","10"
"PRODUCT","P075","O cung HDD Seagate - Mau 075","2610000","184","15"
"PRODUCT","P076","Chuot gaming Razer - Mau 076","700000","144","10"
"PRODUCT","P077","Ban phim gaming Corsair - Mau 077","4260000","5","10"
"PRODUCT","P078","Microphone HyperX - Mau 078","2690000","163","5"
"PRODUCT","P079","May in Canon - Mau 079","2810000","106","20"
"PRODUCT","P080","Bo chia HDMI Ugreen - Mau 080","360000","0","15"
"PRODUCT","P081","Chuot khong day Logitech - Mau 081","120000","102","10"
"PRODUCT","P082","Ban phim Keychron - Mau 082","1200000","194","15"
"PRODUCT","P083","Man hinh Dell - Mau 083","5500000","182","10"
"PRODUCT","P084","Tai nghe Sony - Mau 084","700000","1","10"
"PRODUCT","P085","SSD Samsung - Mau 085","1470000","107","5"
"PRODUCT","P086","RAM Kingston - Mau 086","2550000","181","15"
"PRODUCT","P087","Laptop Asus - Mau 087","20810000","108","15"
"PRODUCT","P088","Webcam Logitech - Mau 088","2300000","53","15"
"PRODUCT","P089","Loa Bluetooth JBL - Mau 089","5960000","162","5"
"PRODUCT","P090","Sac du phong Anker - Mau 090","1070000","15","15"
"PRODUCT","P091","Cap USB-C Ugreen - Mau 091","70000","1","5"
"PRODUCT","P092","Router WiFi TP-Link - Mau 092","2500000","56","5"
"PRODUCT","P093","USB Sandisk - Mau 093","570000","82","20"
"PRODUCT","P094","Gia do laptop Baseus - Mau 094","790000","126","10"
"PRODUCT","P095","O cung HDD Seagate - Mau 095","1090000","50","10"
"PRODUCT","P096","Chuot gaming Razer - Mau 096","2410000","24","5"
"PRODUCT","P097","Ban phim gaming Corsair - Mau 097","590000","36","10"
"PRODUCT","P098","Microphone HyperX - Mau 098","3910000","3","10"
"PRODUCT","P099","May in Canon - Mau 099","3680000","166","15"
"PRODUCT","P100","Bo chia HDMI Ugreen - Mau 100","220000","0","10"
"PRODUCT","P101","Chuot khong day Logitech - Mau 101","730000","144","10"
"PRODUCT","P102","Ban phim Keychron - Mau 102","2680000","141","15"
"PRODUCT","P103","Man hinh Dell - Mau 103","9160000","102","10"
"PRODUCT","P104","Tai nghe Sony - Mau 104","1670000","101","10"
"PRODUCT","P105","SSD Samsung - Mau 105","3750000","7","15"
"PRODUCT","P106","RAM Kingston - Mau 106","1560000","162","5"
"PRODUCT","P107","Laptop Asus - Mau 107","29990000","124","15"
"PRODUCT","P108","Webcam Logitech - Mau 108","2470000","85","5"
"PRODUCT","P109","Loa Bluetooth JBL - Mau 109","6430000","189","15"
"PRODUCT","P110","Sac du phong Anker - Mau 110","390000","5","5"
"PRODUCT","P111","Cap USB-C Ugreen - Mau 111","240000","51","5"
"PRODUCT","P112","Router WiFi TP-Link - Mau 112","640000","7","15"
"PRODUCT","P113","USB Sandisk - Mau 113","400000","115","20"
"PRODUCT","P114","Gia do laptop Baseus - Mau 114","530000","190","10"
"PRODUCT","P115","O cung HDD Seagate - Mau 115","2600000","139","10"
"PRODUCT","P116","Chuot gaming Razer - Mau 116","1060000","127","15"
"PRODUCT","P117","Ban phim gaming Corsair - Mau 117","3760000","174","20"
"PRODUCT","P118","Microphone HyperX - Mau 118","3670000","108","10"
"PRODUCT","P119","May in Canon - Mau 119","8100000","7","10"
"PRODUCT","P120","Bo chia HDMI Ugreen - Mau 120","390000","0","10"
"PRODUCT","P121","Chuot khong day Logitech - Mau 121","210000","35","20"
"PRODUCT","P122","Ban phim Keychron - Mau 122","780000","113","20"
"PRODUCT","P123","Man hinh Dell - Mau 123","14950000","148","15"
"PRODUCT","P124","Tai nghe Sony - Mau 124","3450000","97","5"
"PRODUCT","P125","SSD Samsung - Mau 125","2710000","51","20"
"PRODUCT","P126","RAM Kingston - Mau 126","2300000","13","15"
"PRODUCT","P127","Laptop Asus - Mau 127","21510000","58","15"
"PRODUCT","P128","Webcam Logitech - Mau 128","1340000","49","10"
"PRODUCT","P129","Loa Bluetooth JBL - Mau 129","4080000","73","5"
"PRODUCT","P130","Sac du phong Anker - Mau 130","1480000","5","5"
"PRODUCT","P131","Cap USB-C Ugreen - Mau 131","290000","181","10"
"PRODUCT","P132","Router WiFi TP-Link - Mau 132","2350000","186","15"
"PRODUCT","P133","USB Sandisk - Mau 133","570000","8","15"
"PRODUCT","P134","Gia do laptop Baseus - Mau 134","530000","173","10"
"PRODUCT","P135","O cung HDD Seagate - Mau 135","1900000","191","15"
"PRODUCT","P136","Chuot gaming Razer - Mau 136","1160000","93","15"
"PRODUCT","P137","Ban phim gaming Corsair - Mau 137","2950000","49","20"
"PRODUCT","P138","Microphone HyperX - Mau 138","910000","172","20"
"PRODUCT","P139","May in Canon - Mau 139","3970000","41","20"
"PRODUCT","P140","Bo chia HDMI Ugreen - Mau 140","810000","0","15"
"PRODUCT","P141","Chuot khong day Logitech - Mau 141","400000","116","5"
"PRODUCT","P142","Ban phim Keychron - Mau 142","1980000","183","20"
"PRODUCT","P143","Man hinh Dell - Mau 143","4540000","93","15"
"PRODUCT","P144","Tai nghe Sony - Mau 144","2030000","60","20"
"PRODUCT","P145","SSD Samsung - Mau 145","890000","182","15"
"PRODUCT","P146","RAM Kingston - Mau 146","1160000","42","15"
"PRODUCT","P147","Laptop Asus - Mau 147","33220000","7","10"
"PRODUCT","P148","Webcam Logitech - Mau 148","360000","20","10"
"PRODUCT","P149","Loa Bluetooth JBL - Mau 149","1840000","187","10"
"PRODUCT","P150","Sac du phong Anker - Mau 150","1890000","5","5"
"PRODUCT","P151","Cap USB-C Ugreen - Mau 151","280000","69","15"
"PRODUCT","P152","Router WiFi TP-Link - Mau 152","2580000","72","15"
"PRODUCT","P153","USB Sandisk - Mau 153","280000","92","10"
"PRODUCT","P154","Gia do laptop Baseus - Mau 154","790000","10","20"
"PRODUCT","P155","O cung HDD Seagate - Mau 155","1140000","166","20"
"PRODUCT","P156","Chuot gaming Razer - Mau 156","390000","170","20"
"PRODUCT","P157","Ban phim gaming Corsair - Mau 157","1240000","134","5"
"PRODUCT","P158","Microphone HyperX - Mau 158","1040000","80","20"
"PRODUCT","P159","May in Canon - Mau 159","1970000","116","10"
"PRODUCT","P160","Bo chia HDMI Ugreen - Mau 160","680000","0","20"
"PRODUCT","P161","Chuot khong day Logitech - Mau 161","870000","2","20"
"PRODUCT","P162","Ban phim Keychron - Mau 162","510000","166","10"
"PRODUCT","P163","Man hinh Dell - Mau 163","12950000","78","15"
"PRODUCT","P164","Tai nghe Sony - Mau 164","5850000","166","20"
"PRODUCT","P165","SSD Samsung - Mau 165","1450000","120","10"
"PRODUCT","P166","RAM Kingston - Mau 166","1060000","178","20"
"PRODUCT","P167","Laptop Asus - Mau 167","26820000","92","20"
"PRODUCT","P168","Webcam Logitech - Mau 168","1890000","12","20"
"PRODUCT","P169","Loa Bluetooth JBL - Mau 169","5790000","163","10"
"PRODUCT","P170","Sac du phong Anker - Mau 170","770000","15","15"
"PRODUCT","P171","Cap USB-C Ugreen - Mau 171","410000","61","15"
"PRODUCT","P172","Router WiFi TP-Link - Mau 172","3450000","60","20"
"PRODUCT","P173","USB Sandisk - Mau 173","410000","56","15"
"PRODUCT","P174","Gia do laptop Baseus - Mau 174","240000","196","20"
"PRODUCT","P175","O cung HDD Seagate - Mau 175","2300000","7","15"
"PRODUCT","P176","Chuot gaming Razer - Mau 176","2240000","53","15"
"PRODUCT","P177","Ban phim gaming Corsair - Mau 177","4150000","145","20"
"PRODUCT","P178","Microphone HyperX - Mau 178","2130000","110","15"
"PRODUCT","P179","May in Canon - Mau 179","2700000","89","5"
"PRODUCT","P180","Bo chia HDMI Ugreen - Mau 180","300000","0","15"
"PRODUCT","P181","Chuot khong day Logitech - Mau 181","450000","187","20"
"PRODUCT","P182","Ban phim Keychron - Mau 182","2140000","12","15"
"PRODUCT","P183","Man hinh Dell - Mau 183","7700000","196","20"
"PRODUCT","P184","Tai nghe Sony - Mau 184","4450000","73","5"
"PRODUCT","P185","SSD Samsung - Mau 185","1480000","88","10"
"PRODUCT","P186","RAM Kingston - Mau 186","2630000","103","10"
"PRODUCT","P187","Laptop Asus - Mau 187","18790000","129","15"
"PRODUCT","P188","Webcam Logitech - Mau 188","2020000","113","10"
"PRODUCT","P189","Loa Bluetooth JBL - Mau 189","3230000","12","20"
"PRODUCT","P190","Sac du phong Anker - Mau 190","400000","10","10"
"PRODUCT","P191","Cap USB-C Ugreen - Mau 191","80000","84","10"
"PRODUCT","P192","Router WiFi TP-Link - Mau 192","2770000","55","10"
"PRODUCT","P193","USB Sandisk - Mau 193","170000","32","15"
"PRODUCT","P194","Gia do laptop Baseus - Mau 194","330000","71","10"
"PRODUCT","P195","O cung HDD Seagate - Mau 195","1430000","33","15"
"PRODUCT","P196","Chuot gaming Razer - Mau 196","2440000","2","10"
"PRODUCT","P197","Ban phim gaming Corsair - Mau 197","1660000","77","20"
"PRODUCT","P198","Microphone HyperX - Mau 198","3480000","36","10"
"PRODUCT","P199","May in Canon - Mau 199","4280000","36","10"
"PRODUCT","P200","Bo chia HDMI Ugreen - Mau 200","700000","0","10"
"PRODUCT","P201","Chuot khong day Logitech - Mau 201","760000","102","20"
"PRODUCT","P202","Ban phim Keychron - Mau 202","3090000","168","10"
"PRODUCT","P203","Man hinh Dell - Mau 203","8050000","2","5"
"PRODUCT","P204","Tai nghe Sony - Mau 204","1080000","81","15"
"PRODUCT","P205","SSD Samsung - Mau 205","3750000","139","5"
"PRODUCT","P206","RAM Kingston - Mau 206","480000","127","20"
"PRODUCT","P207","Laptop Asus - Mau 207","9900000","35","15"
"PRODUCT","P208","Webcam Logitech - Mau 208","590000","105","10"
"PRODUCT","P209","Loa Bluetooth JBL - Mau 209","1150000","113","15"
"PRODUCT","P210","Sac du phong Anker - Mau 210","1180000","15","15"
"PRODUCT","P211","Cap USB-C Ugreen - Mau 211","170000","84","15"
"PRODUCT","P212","Router WiFi TP-Link - Mau 212","1430000","75","10"
"PRODUCT","P213","USB Sandisk - Mau 213","460000","160","10"
"PRODUCT","P214","Gia do laptop Baseus - Mau 214","150000","64","15"
"PRODUCT","P215","O cung HDD Seagate - Mau 215","1950000","93","20"
"PRODUCT","P216","Chuot gaming Razer - Mau 216","2040000","182","20"
"PRODUCT","P217","Ban phim gaming Corsair - Mau 217","2580000","8","20"
"PRODUCT","P218","Microphone HyperX - Mau 218","1430000","98","10"
"PRODUCT","P219","May in Canon - Mau 219","2080000","161","5"
"PRODUCT","P220","Bo chia HDMI Ugreen - Mau 220","490000","0","20"
"PRODUCT","P221","Chuot khong day Logitech - Mau 221","550000","102","20"
"PRODUCT","P222","Ban phim Keychron - Mau 222","2500000","150","20"
"PRODUCT","P223","Man hinh Dell - Mau 223","12490000","112","15"
"PRODUCT","P224","Tai nghe Sony - Mau 224","2540000","7","20"
"PRODUCT","P225","SSD Samsung - Mau 225","2970000","123","5"
"PRODUCT","P226","RAM Kingston - Mau 226","1070000","113","5"
"PRODUCT","P227","Laptop Asus - Mau 227","20930000","65","15"
"PRODUCT","P228","Webcam Logitech - Mau 228","2240000","170","15"
"PRODUCT","P229","Loa Bluetooth JBL - Mau 229","4010000","144","10"
"PRODUCT","P230","Sac du phong Anker - Mau 230","700000","10","10"
"PRODUCT","P231","Cap USB-C Ugreen - Mau 231","130000","1","5"
"PRODUCT","P232","Router WiFi TP-Link - Mau 232","2230000","94","10"
"PRODUCT","P233","USB Sandisk - Mau 233","510000","136","15"
"PRODUCT","P234","Gia do laptop Baseus - Mau 234","770000","84","20"
"PRODUCT","P235","O cung HDD Seagate - Mau 235","2740000","133","15"
"PRODUCT","P236","Chuot gaming Razer - Mau 236","930000","117","5"
"PRODUCT","P237","Ban phim gaming Corsair - Mau 237","1630000","165","20"
"PRODUCT","P238","Microphone HyperX - Mau 238","2250000","3","5"
"PRODUCT","P239","May in Canon - Mau 239","6670000","167","5"
"PRODUCT","P240","Bo chia HDMI Ugreen - Mau 240","840000","0","15"
"PRODUCT","P241","Chuot khong day Logitech - Mau 241","580000","178","10"
"PRODUCT","P242","Ban phim Keychron - Mau 242","1620000","52","20"
"PRODUCT","P243","Man hinh Dell - Mau 243","13020000","109","5"
"PRODUCT","P244","Tai nghe Sony - Mau 244","4200000","38","20"
"PRODUCT","P245","SSD Samsung - Mau 245","3750000","2","10"
"PRODUCT","P246","RAM Kingston - Mau 246","1410000","113","15"
"PRODUCT","P247","Laptop Asus - Mau 247","19920000","193","15"
"PRODUCT","P248","Webcam Logitech - Mau 248","1070000","61","5"
"PRODUCT","P249","Loa Bluetooth JBL - Mau 249","3900000","153","5"
"PRODUCT","P250","Sac du phong Anker - Mau 250","650000","15","15"
"PRODUCT","P251","Cap USB-C Ugreen - Mau 251","390000","41","20"
"PRODUCT","P252","Router WiFi TP-Link - Mau 252","950000","14","15"
"PRODUCT","P253","USB Sandisk - Mau 253","280000","100","10"
"PRODUCT","P254","Gia do laptop Baseus - Mau 254","330000","152","5"
"PRODUCT","P255","O cung HDD Seagate - Mau 255","1420000","61","5"
"PRODUCT","P256","Chuot gaming Razer - Mau 256","430000","122","15"
"PRODUCT","P257","Ban phim gaming Corsair - Mau 257","2180000","57","10"
"PRODUCT","P258","Microphone HyperX - Mau 258","690000","90","5"
"PRODUCT","P259","May in Canon - Mau 259","8000000","2","5"
"PRODUCT","P260","Bo chia HDMI Ugreen - Mau 260","660000","0","5"
"PRODUCT","P261","Chuot khong day Logitech - Mau 261","850000","150","5"
"PRODUCT","P262","Ban phim Keychron - Mau 262","570000","39","5"
"PRODUCT","P263","Man hinh Dell - Mau 263","6840000","121","15"
"PRODUCT","P264","Tai nghe Sony - Mau 264","5820000","26","10"
"PRODUCT","P265","SSD Samsung - Mau 265","600000","144","20"
"PRODUCT","P266","RAM Kingston - Mau 266","540000","8","10"
"PRODUCT","P267","Laptop Asus - Mau 267","20290000","101","15"
"PRODUCT","P268","Webcam Logitech - Mau 268","340000","93","10"
"PRODUCT","P269","Loa Bluetooth JBL - Mau 269","2300000","37","20"
"PRODUCT","P270","Sac du phong Anker - Mau 270","800000","15","15"
"PRODUCT","P271","Cap USB-C Ugreen - Mau 271","440000","119","10"
"PRODUCT","P272","Router WiFi TP-Link - Mau 272","1060000","39","10"
"PRODUCT","P273","USB Sandisk - Mau 273","510000","8","20"
"PRODUCT","P274","Gia do laptop Baseus - Mau 274","400000","48","10"
"PRODUCT","P275","O cung HDD Seagate - Mau 275","980000","80","20"
"PRODUCT","P276","Chuot gaming Razer - Mau 276","2350000","141","15"
"PRODUCT","P277","Ban phim gaming Corsair - Mau 277","500000","44","10"
"PRODUCT","P278","Microphone HyperX - Mau 278","610000","99","15"
"PRODUCT","P279","May in Canon - Mau 279","4510000","128","5"
"PRODUCT","P280","Bo chia HDMI Ugreen - Mau 280","130000","0","20"
"PRODUCT","P281","Chuot khong day Logitech - Mau 281","170000","103","5"
"PRODUCT","P282","Ban phim Keychron - Mau 282","3150000","32","15"
"PRODUCT","P283","Man hinh Dell - Mau 283","9220000","67","20"
"PRODUCT","P284","Tai nghe Sony - Mau 284","5720000","97","20"
"PRODUCT","P285","SSD Samsung - Mau 285","4490000","75","10"
"PRODUCT","P286","RAM Kingston - Mau 286","2110000","73","20"
"PRODUCT","P287","Laptop Asus - Mau 287","18720000","15","20"
"PRODUCT","P288","Webcam Logitech - Mau 288","1480000","56","15"
"PRODUCT","P289","Loa Bluetooth JBL - Mau 289","3350000","172","15"
"PRODUCT","P290","Sac du phong Anker - Mau 290","1910000","20","20"
"PRODUCT","P291","Cap USB-C Ugreen - Mau 291","140000","36","10"
"PRODUCT","P292","Router WiFi TP-Link - Mau 292","2120000","106","20"
"PRODUCT","P293","USB Sandisk - Mau 293","300000","38","15"
"PRODUCT","P294","Gia do laptop Baseus - Mau 294","360000","6","10"
"PRODUCT","P295","O cung HDD Seagate - Mau 295","1870000","135","5"
"PRODUCT","P296","Chuot gaming Razer - Mau 296","2170000","161","15"
"PRODUCT","P297","Ban phim gaming Corsair - Mau 297","4210000","35","10"
"PRODUCT","P298","Microphone HyperX - Mau 298","3390000","89","20"
"PRODUCT","P299","May in Canon - Mau 299","7750000","55","15"
"PRODUCT","P300","Bo chia HDMI Ugreen - Mau 300","660000","0","20"
"PRODUCT","P301","Chuot khong day Logitech - Mau 301","1170000","16","20"
"PRODUCT","P302","Ban phim Keychron - Mau 302","1000000","170","10"
"PRODUCT","P303","Man hinh Dell - Mau 303","4810000","171","5"
"PRODUCT","P304","Tai nghe Sony - Mau 304","5630000","154","20"
"PRODUCT","P305","SSD Samsung - Mau 305","3690000","37","15"
"PRODUCT","P306","RAM Kingston - Mau 306","2000000","124","10"
"PRODUCT","P307","Laptop Asus - Mau 307","23260000","187","15"
"PRODUCT","P308","Webcam Logitech - Mau 308","1020000","11","20"
"PRODUCT","P309","Loa Bluetooth JBL - Mau 309","3560000","170","15"
"PRODUCT","P310","Sac du phong Anker - Mau 310","350000","20","20"
"PRODUCT","P311","Cap USB-C Ugreen - Mau 311","160000","171","5"
"PRODUCT","P312","Router WiFi TP-Link - Mau 312","2420000","104","10"
"PRODUCT","P313","USB Sandisk - Mau 313","590000","21","5"
"PRODUCT","P314","Gia do laptop Baseus - Mau 314","710000","178","20"
"PRODUCT","P315","O cung HDD Seagate - Mau 315","2220000","13","20"
"PRODUCT","P316","Chuot gaming Razer - Mau 316","360000","84","15"
"PRODUCT","P317","Ban phim gaming Corsair - Mau 317","1520000","183","10"
"PRODUCT","P318","Microphone HyperX - Mau 318","720000","23","5"
"PRODUCT","P319","May in Canon - Mau 319","3690000","144","5"
"PRODUCT","P320","Bo chia HDMI Ugreen - Mau 320","780000","0","20"
"PRODUCT","P321","Chuot khong day Logitech - Mau 321","850000","30","5"
"PRODUCT","P322","Ban phim Keychron - Mau 322","3040000","8","20"
"PRODUCT","P323","Man hinh Dell - Mau 323","6380000","131","10"
"PRODUCT","P324","Tai nghe Sony - Mau 324","3420000","98","20"
"PRODUCT","P325","SSD Samsung - Mau 325","2670000","74","5"
"PRODUCT","P326","RAM Kingston - Mau 326","2270000","68","20"
"PRODUCT","P327","Laptop Asus - Mau 327","25570000","143","10"
"PRODUCT","P328","Webcam Logitech - Mau 328","1910000","151","20"
"PRODUCT","P329","Loa Bluetooth JBL - Mau 329","5330000","4","10"
"PRODUCT","P330","Sac du phong Anker - Mau 330","630000","10","10"
"PRODUCT","P331","Cap USB-C Ugreen - Mau 331","390000","190","10"
"PRODUCT","P332","Router WiFi TP-Link - Mau 332","1540000","184","5"
"PRODUCT","P333","USB Sandisk - Mau 333","620000","35","10"
"PRODUCT","P334","Gia do laptop Baseus - Mau 334","790000","51","20"
"PRODUCT","P335","O cung HDD Seagate - Mau 335","1330000","171","20"
"PRODUCT","P336","Chuot gaming Razer - Mau 336","380000","2","10"
"PRODUCT","P337","Ban phim gaming Corsair - Mau 337","1560000","35","20"
"PRODUCT","P338","Microphone HyperX - Mau 338","710000","179","20"
"PRODUCT","P339","May in Canon - Mau 339","7760000","130","5"
"PRODUCT","P340","Bo chia HDMI Ugreen - Mau 340","320000","0","20"
"PRODUCT","P341","Chuot khong day Logitech - Mau 341","440000","149","10"
"PRODUCT","P342","Ban phim Keychron - Mau 342","1580000","120","5"
"PRODUCT","P343","Man hinh Dell - Mau 343","11850000","9","10"
"PRODUCT","P344","Tai nghe Sony - Mau 344","6090000","47","15"
"PRODUCT","P345","SSD Samsung - Mau 345","3620000","91","20"
"PRODUCT","P346","RAM Kingston - Mau 346","1500000","65","15"
"PRODUCT","P347","Laptop Asus - Mau 347","17040000","36","10"
"PRODUCT","P348","Webcam Logitech - Mau 348","2360000","136","10"
"PRODUCT","P349","Loa Bluetooth JBL - Mau 349","2760000","155","20"
"PRODUCT","P350","Sac du phong Anker - Mau 350","1410000","20","20"
"PRODUCT","P351","Cap USB-C Ugreen - Mau 351","290000","189","20"
"PRODUCT","P352","Router WiFi TP-Link - Mau 352","3140000","147","15"
"PRODUCT","P353","USB Sandisk - Mau 353","320000","126","10"
"PRODUCT","P354","Gia do laptop Baseus - Mau 354","760000","62","10"
"PRODUCT","P355","O cung HDD Seagate - Mau 355","1770000","77","15"
"PRODUCT","P356","Chuot gaming Razer - Mau 356","2210000","145","15"
"PRODUCT","P357","Ban phim gaming Corsair - Mau 357","690000","7","10"
"PRODUCT","P358","Microphone HyperX - Mau 358","2570000","156","20"
"PRODUCT","P359","May in Canon - Mau 359","2510000","103","15"
"PRODUCT","P360","Bo chia HDMI Ugreen - Mau 360","100000","0","5"
"PRODUCT","P361","Chuot khong day Logitech - Mau 361","490000","38","10"
"PRODUCT","P362","Ban phim Keychron - Mau 362","2790000","61","5"
"PRODUCT","P363","Man hinh Dell - Mau 363","10390000","93","20"
"PRODUCT","P364","Tai nghe Sony - Mau 364","5980000","11","15"
"PRODUCT","P365","SSD Samsung - Mau 365","3340000","82","5"
"PRODUCT","P366","RAM Kingston - Mau 366","2320000","130","10"
"PRODUCT","P367","Laptop Asus - Mau 367","22210000","185","20"
"PRODUCT","P368","Webcam Logitech - Mau 368","2230000","31","20"
"PRODUCT","P369","Loa Bluetooth JBL - Mau 369","410000","76","10"
"PRODUCT","P370","Sac du phong Anker - Mau 370","830000","5","5"
"PRODUCT","P371","Cap USB-C Ugreen - Mau 371","430000","3","5"
"PRODUCT","P372","Router WiFi TP-Link - Mau 372","2980000","89","15"
"PRODUCT","P373","USB Sandisk - Mau 373","600000","184","5"
"PRODUCT","P374","Gia do laptop Baseus - Mau 374","240000","36","15"
"PRODUCT","P375","O cung HDD Seagate - Mau 375","980000","61","10"
"PRODUCT","P376","Chuot gaming Razer - Mau 376","370000","84","5"
"PRODUCT","P377","Ban phim gaming Corsair - Mau 377","3810000","88","5"
"PRODUCT","P378","Microphone HyperX - Mau 378","3810000","19","20"
"PRODUCT","P379","May in Canon - Mau 379","2400000","70","15"
"PRODUCT","P380","Bo chia HDMI Ugreen - Mau 380","430000","0","15"
"PRODUCT","P381","Chuot khong day Logitech - Mau 381","410000","144","5"
"PRODUCT","P382","Ban phim Keychron - Mau 382","1060000","85","15"
"PRODUCT","P383","Man hinh Dell - Mau 383","8900000","20","10"
"PRODUCT","P384","Tai nghe Sony - Mau 384","5450000","75","5"
"PRODUCT","P385","SSD Samsung - Mau 385","4110000","3","5"
"PRODUCT","P386","RAM Kingston - Mau 386","1210000","131","5"
"PRODUCT","P387","Laptop Asus - Mau 387","33030000","126","10"
"PRODUCT","P388","Webcam Logitech - Mau 388","230000","145","15"
"PRODUCT","P389","Loa Bluetooth JBL - Mau 389","1660000","155","15"
"PRODUCT","P390","Sac du phong Anker - Mau 390","1900000","15","15"
"PRODUCT","P391","Cap USB-C Ugreen - Mau 391","60000","190","10"
"PRODUCT","P392","Router WiFi TP-Link - Mau 392","1440000","4","5"
"PRODUCT","P393","USB Sandisk - Mau 393","90000","179","5"
"PRODUCT","P394","Gia do laptop Baseus - Mau 394","120000","84","5"
"PRODUCT","P395","O cung HDD Seagate - Mau 395","1330000","139","10"
"PRODUCT","P396","Chuot gaming Razer - Mau 396","1450000","116","10"
"PRODUCT","P397","Ban phim gaming Corsair - Mau 397","1710000","104","15"
"PRODUCT","P398","Microphone HyperX - Mau 398","3240000","100","5"
"PRODUCT","P399","May in Canon - Mau 399","1590000","10","20"
"PRODUCT","P400","Bo chia HDMI Ugreen - Mau 400","560000","0","15"
"PRODUCT","P401","Chuot khong day Logitech - Mau 401","140000","130","10"
"PRODUCT","P402","Ban phim Keychron - Mau 402","950000","76","15"
"PRODUCT","P403","Man hinh Dell - Mau 403","5070000","55","5"
"PRODUCT","P404","Tai nghe Sony - Mau 404","6750000","30","15"
"PRODUCT","P405","SSD Samsung - Mau 405","3090000","142","15"
"PRODUCT","P406","RAM Kingston - Mau 406","770000","2","5"
"PRODUCT","P407","Laptop Asus - Mau 407","31890000","93","10"
"PRODUCT","P408","Webcam Logitech - Mau 408","710000","180","5"
"PRODUCT","P409","Loa Bluetooth JBL - Mau 409","5980000","106","5"
"PRODUCT","P410","Sac du phong Anker - Mau 410","1300000","20","20"
"PRODUCT","P411","Cap USB-C Ugreen - Mau 411","400000","90","10"
"PRODUCT","P412","Router WiFi TP-Link - Mau 412","3450000","119","10"
"PRODUCT","P413","USB Sandisk - Mau 413","310000","15","20"
"PRODUCT","P414","Gia do laptop Baseus - Mau 414","470000","198","20"
"PRODUCT","P415","O cung HDD Seagate - Mau 415","990000","174","10"
"PRODUCT","P416","Chuot gaming Razer - Mau 416","440000","91","5"
"PRODUCT","P417","Ban phim gaming Corsair - Mau 417","1490000","48","15"
"PRODUCT","P418","Microphone HyperX - Mau 418","1680000","116","20"
"PRODUCT","P419","May in Canon - Mau 419","7040000","164","5"
"PRODUCT","P420","Bo chia HDMI Ugreen - Mau 420","740000","0","10"
"PRODUCT","P421","Chuot khong day Logitech - Mau 421","800000","49","20"
"PRODUCT","P422","Ban phim Keychron - Mau 422","2050000","129","10"
"PRODUCT","P423","Man hinh Dell - Mau 423","13700000","111","15"
"PRODUCT","P424","Tai nghe Sony - Mau 424","5130000","70","20"
"PRODUCT","P425","SSD Samsung - Mau 425","2150000","61","20"
"PRODUCT","P426","RAM Kingston - Mau 426","1880000","79","20"
"PRODUCT","P427","Laptop Asus - Mau 427","25530000","9","10"
"PRODUCT","P428","Webcam Logitech - Mau 428","1770000","162","15"
"PRODUCT","P429","Loa Bluetooth JBL - Mau 429","1820000","113","5"
"PRODUCT","P430","Sac du phong Anker - Mau 430","830000","10","10"
"PRODUCT","P431","Cap USB-C Ugreen - Mau 431","110000","111","20"
"PRODUCT","P432","Router WiFi TP-Link - Mau 432","2580000","188","15"
"PRODUCT","P433","USB Sandisk - Mau 433","490000","138","15"
"PRODUCT","P434","Gia do laptop Baseus - Mau 434","650000","2","15"
"PRODUCT","P435","O cung HDD Seagate - Mau 435","1250000","177","20"
"PRODUCT","P436","Chuot gaming Razer - Mau 436","1060000","127","20"
"PRODUCT","P437","Ban phim gaming Corsair - Mau 437","1350000","131","10"
"PRODUCT","P438","Microphone HyperX - Mau 438","2520000","38","10"
"PRODUCT","P439","May in Canon - Mau 439","3830000","68","10"
"PRODUCT","P440","Bo chia HDMI Ugreen - Mau 440","290000","0","20"
"PRODUCT","P441","Chuot khong day Logitech - Mau 441","820000","4","20"
"PRODUCT","P442","Ban phim Keychron - Mau 442","470000","179","10"
"PRODUCT","P443","Man hinh Dell - Mau 443","5790000","169","10"
"PRODUCT","P444","Tai nghe Sony - Mau 444","6530000","73","10"
"PRODUCT","P445","SSD Samsung - Mau 445","4280000","96","5"
"PRODUCT","P446","RAM Kingston - Mau 446","840000","43","15"
"PRODUCT","P447","Laptop Asus - Mau 447","19350000","36","15"
"PRODUCT","P448","Webcam Logitech - Mau 448","1590000","9","10"
"PRODUCT","P449","Loa Bluetooth JBL - Mau 449","5730000","190","15"
"PRODUCT","P450","Sac du phong Anker - Mau 450","260000","15","15"
"PRODUCT","P451","Cap USB-C Ugreen - Mau 451","300000","123","15"
"PRODUCT","P452","Router WiFi TP-Link - Mau 452","1660000","168","15"
"PRODUCT","P453","USB Sandisk - Mau 453","300000","122","20"
"PRODUCT","P454","Gia do laptop Baseus - Mau 454","260000","127","15"
"PRODUCT","P455","O cung HDD Seagate - Mau 455","1880000","8","20"
"PRODUCT","P456","Chuot gaming Razer - Mau 456","2000000","125","10"
"PRODUCT","P457","Ban phim gaming Corsair - Mau 457","2370000","174","15"
"PRODUCT","P458","Microphone HyperX - Mau 458","2290000","27","15"
"PRODUCT","P459","May in Canon - Mau 459","2620000","136","10"
"PRODUCT","P460","Bo chia HDMI Ugreen - Mau 460","480000","0","5"
"PRODUCT","P461","Chuot khong day Logitech - Mau 461","420000","134","15"
"PRODUCT","P462","Ban phim Keychron - Mau 462","1630000","12","15"
"PRODUCT","P463","Man hinh Dell - Mau 463","7210000","115","15"
"PRODUCT","P464","Tai nghe Sony - Mau 464","1500000","119","15"
"PRODUCT","P465","SSD Samsung - Mau 465","4210000","31","15"
"PRODUCT","P466","RAM Kingston - Mau 466","2390000","117","5"
"PRODUCT","P467","Laptop Asus - Mau 467","21770000","198","20"
"PRODUCT","P468","Webcam Logitech - Mau 468","1640000","167","20"
"PRODUCT","P469","Loa Bluetooth JBL - Mau 469","1800000","5","10"
"PRODUCT","P470","Sac du phong Anker - Mau 470","1220000","5","5"
"PRODUCT","P471","Cap USB-C Ugreen - Mau 471","420000","185","15"
"PRODUCT","P472","Router WiFi TP-Link - Mau 472","1300000","37","20"
"PRODUCT","P473","USB Sandisk - Mau 473","190000","63","20"
"PRODUCT","P474","Gia do laptop Baseus - Mau 474","640000","35","10"
"PRODUCT","P475","O cung HDD Seagate - Mau 475","2280000","36","10"
"PRODUCT","P476","Chuot gaming Razer - Mau 476","1660000","4","5"
"PRODUCT","P477","Ban phim gaming Corsair - Mau 477","760000","132","15"
"PRODUCT","P478","Microphone HyperX - Mau 478","470000","71","5"
"PRODUCT","P479","May in Canon - Mau 479","5780000","90","10"
"PRODUCT","P480","Bo chia HDMI Ugreen - Mau 480","620000","0","10"
"PRODUCT","P481","Chuot khong day Logitech - Mau 481","230000","67","15"
"PRODUCT","P482","Ban phim Keychron - Mau 482","2740000","130","15"
"PRODUCT","P483","Man hinh Dell - Mau 483","10540000","9","10"
"PRODUCT","P484","Tai nghe Sony - Mau 484","5550000","142","20"
"PRODUCT","P485","SSD Samsung - Mau 485","3450000","189","10"
"PRODUCT","P486","RAM Kingston - Mau 486","370000","66","20"
"PRODUCT","P487","Laptop Asus - Mau 487","17250000","94","15"
"PRODUCT","P488","Webcam Logitech - Mau 488","1620000","117","15"
"PRODUCT","P489","Loa Bluetooth JBL - Mau 489","1000000","103","20"
"PRODUCT","P490","Sac du phong Anker - Mau 490","850000","15","15"
"PRODUCT","P491","Cap USB-C Ugreen - Mau 491","220000","129","5"
"PRODUCT","P492","Router WiFi TP-Link - Mau 492","2890000","129","5"
"PRODUCT","P493","USB Sandisk - Mau 493","300000","144","20"
"PRODUCT","P494","Gia do laptop Baseus - Mau 494","220000","56","10"
"PRODUCT","P495","O cung HDD Seagate - Mau 495","2380000","138","5"
"PRODUCT","P496","Chuot gaming Razer - Mau 496","1150000","25","10"
"PRODUCT","P497","Ban phim gaming Corsair - Mau 497","590000","2","5"
"PRODUCT","P498","Microphone HyperX - Mau 498","2610000","157","15"
"PRODUCT","P499","May in Canon - Mau 499","6680000","48","5"
"PRODUCT","P500","Bo chia HDMI Ugreen - Mau 500","820000","0","20"
"PRODUCT","P501","Chuot khong day Logitech - Mau 501","850000","41","20"
"PRODUCT","P502","Ban phim Keychron - Mau 502","1730000","94","20"
"PRODUCT","P503","Man hinh Dell - Mau 503","13840000","164","5"
"PRODUCT","P504","Tai nghe Sony - Mau 504","2490000","11","15"
"PRODUCT","P505","SSD Samsung - Mau 505","3510000","55","15"
"PRODUCT","P506","RAM Kingston - Mau 506","1550000","112","15"
"PRODUCT","P507","Laptop Asus - Mau 507","15320000","66","10"
"PRODUCT","P508","Webcam Logitech - Mau 508","1950000","45","15"
"PRODUCT","P509","Loa Bluetooth JBL - Mau 509","1380000","94","10"
"PRODUCT","P510","Sac du phong Anker - Mau 510","1930000","15","15"
"PRODUCT","P511","Cap USB-C Ugreen - Mau 511","160000","6","10"
"PRODUCT","P512","Router WiFi TP-Link - Mau 512","3480000","18","5"
"PRODUCT","P513","USB Sandisk - Mau 513","280000","48","15"
"PRODUCT","P514","Gia do laptop Baseus - Mau 514","710000","62","10"
"PRODUCT","P515","O cung HDD Seagate - Mau 515","1260000","168","5"
"PRODUCT","P516","Chuot gaming Razer - Mau 516","2310000","128","15"
"PRODUCT","P517","Ban phim gaming Corsair - Mau 517","2020000","115","5"
"PRODUCT","P518","Microphone HyperX - Mau 518","930000","2","15"
"PRODUCT","P519","May in Canon - Mau 519","2630000","183","5"
"PRODUCT","P520","Bo chia HDMI Ugreen - Mau 520","800000","0","5"
"PRODUCT","P521","Chuot khong day Logitech - Mau 521","120000","144","5"
"PRODUCT","P522","Ban phim Keychron - Mau 522","3170000","104","10"
"PRODUCT","P523","Man hinh Dell - Mau 523","5520000","83","5"
"PRODUCT","P524","Tai nghe Sony - Mau 524","6550000","135","20"
"PRODUCT","P525","SSD Samsung - Mau 525","3550000","2","5"
"PRODUCT","P526","RAM Kingston - Mau 526","2570000","89","20"
"PRODUCT","P527","Laptop Asus - Mau 527","32450000","45","10"
"PRODUCT","P528","Webcam Logitech - Mau 528","980000","70","5"
"PRODUCT","P529","Loa Bluetooth JBL - Mau 529","5190000","71","20"
"PRODUCT","P530","Sac du phong Anker - Mau 530","860000","15","15"
"PRODUCT","P531","Cap USB-C Ugreen - Mau 531","160000","171","15"
"PRODUCT","P532","Router WiFi TP-Link - Mau 532","2110000","12","20"
"PRODUCT","P533","USB Sandisk - Mau 533","80000","167","5"
"PRODUCT","P534","Gia do laptop Baseus - Mau 534","790000","41","5"
"PRODUCT","P535","O cung HDD Seagate - Mau 535","2440000","130","20"
"PRODUCT","P536","Chuot gaming Razer - Mau 536","1090000","164","5"
"PRODUCT","P537","Ban phim gaming Corsair - Mau 537","3780000","112","20"
"PRODUCT","P538","Microphone HyperX - Mau 538","2940000","170","20"
"PRODUCT","P539","May in Canon - Mau 539","8330000","4","5"
"PRODUCT","P540","Bo chia HDMI Ugreen - Mau 540","810000","0","20"
"PRODUCT","P541","Chuot khong day Logitech - Mau 541","120000","183","5"
"PRODUCT","P542","Ban phim Keychron - Mau 542","980000","119","20"
"PRODUCT","P543","Man hinh Dell - Mau 543","3370000","75","10"
"PRODUCT","P544","Tai nghe Sony - Mau 544","4640000","128","10"
"PRODUCT","P545","SSD Samsung - Mau 545","1800000","85","20"
"PRODUCT","P546","RAM Kingston - Mau 546","1640000","9","15"
"PRODUCT","P547","Laptop Asus - Mau 547","23150000","92","10"
"PRODUCT","P548","Webcam Logitech - Mau 548","2490000","176","5"
"PRODUCT","P549","Loa Bluetooth JBL - Mau 549","3060000","83","20"
"PRODUCT","P550","Sac du phong Anker - Mau 550","1530000","15","15"
"PRODUCT","P551","Cap USB-C Ugreen - Mau 551","450000","77","15"
"PRODUCT","P552","Router WiFi TP-Link - Mau 552","1320000","115","5"
"PRODUCT","P553","USB Sandisk - Mau 553","310000","12","15"
"PRODUCT","P554","Gia do laptop Baseus - Mau 554","300000","81","15"
"PRODUCT","P555","O cung HDD Seagate - Mau 555","1340000","108","15"
"PRODUCT","P556","Chuot gaming Razer - Mau 556","980000","180","20"
"PRODUCT","P557","Ban phim gaming Corsair - Mau 557","2760000","115","5"
"PRODUCT","P558","Microphone HyperX - Mau 558","3820000","38","10"
"PRODUCT","P559","May in Canon - Mau 559","4060000","86","10"
"PRODUCT","P560","Bo chia HDMI Ugreen - Mau 560","870000","0","20"
"PRODUCT","P561","Chuot khong day Logitech - Mau 561","530000","118","5"
"PRODUCT","P562","Ban phim Keychron - Mau 562","2460000","69","15"
"PRODUCT","P563","Man hinh Dell - Mau 563","10850000","154","20"
"PRODUCT","P564","Tai nghe Sony - Mau 564","5670000","55","10"
"PRODUCT","P565","SSD Samsung - Mau 565","3740000","191","20"
"PRODUCT","P566","RAM Kingston - Mau 566","1050000","32","10"
"PRODUCT","P567","Laptop Asus - Mau 567","13950000","14","15"
"PRODUCT","P568","Webcam Logitech - Mau 568","1210000","35","15"
"PRODUCT","P569","Loa Bluetooth JBL - Mau 569","3930000","52","15"
"PRODUCT","P570","Sac du phong Anker - Mau 570","390000","5","5"
"PRODUCT","P571","Cap USB-C Ugreen - Mau 571","330000","177","10"
"PRODUCT","P572","Router WiFi TP-Link - Mau 572","2680000","128","20"
"PRODUCT","P573","USB Sandisk - Mau 573","480000","155","5"
"PRODUCT","P574","Gia do laptop Baseus - Mau 574","640000","1","10"
"PRODUCT","P575","O cung HDD Seagate - Mau 575","2010000","173","20"
"PRODUCT","P576","Chuot gaming Razer - Mau 576","1610000","161","5"
"PRODUCT","P577","Ban phim gaming Corsair - Mau 577","2420000","131","10"
"PRODUCT","P578","Microphone HyperX - Mau 578","3100000","18","5"
"PRODUCT","P579","May in Canon - Mau 579","2140000","167","5"
"PRODUCT","P580","Bo chia HDMI Ugreen - Mau 580","540000","0","20"
"PRODUCT","P581","Chuot khong day Logitech - Mau 581","190000","2","5"
"PRODUCT","P582","Ban phim Keychron - Mau 582","1370000","159","5"
"PRODUCT","P583","Man hinh Dell - Mau 583","8260000","62","15"
"PRODUCT","P584","Tai nghe Sony - Mau 584","3650000","152","10"
"PRODUCT","P585","SSD Samsung - Mau 585","3430000","132","10"
"PRODUCT","P586","RAM Kingston - Mau 586","360000","84","20"
"PRODUCT","P587","Laptop Asus - Mau 587","16950000","72","10"
"PRODUCT","P588","Webcam Logitech - Mau 588","690000","16","20"
"PRODUCT","P589","Loa Bluetooth JBL - Mau 589","5020000","162","20"
"PRODUCT","P590","Sac du phong Anker - Mau 590","290000","20","20"
"PRODUCT","P591","Cap USB-C Ugreen - Mau 591","70000","80","10"
"PRODUCT","P592","Router WiFi TP-Link - Mau 592","2620000","86","15"
"PRODUCT","P593","USB Sandisk - Mau 593","530000","161","15"
"PRODUCT","P594","Gia do laptop Baseus - Mau 594","470000","43","5"
"PRODUCT","P595","O cung HDD Seagate - Mau 595","2530000","3","5"
"PRODUCT","P596","Chuot gaming Razer - Mau 596","1090000","165","15"
"PRODUCT","P597","Ban phim gaming Corsair - Mau 597","580000","119","15"
"PRODUCT","P598","Microphone HyperX - Mau 598","2540000","120","10"
"PRODUCT","P599","May in Canon - Mau 599","2680000","127","10"
"PRODUCT","P600","Bo chia HDMI Ugreen - Mau 600","780000","0","5"
"PRODUCT","P601","Chuot khong day Logitech - Mau 601","670000","118","10"
"PRODUCT","P602","Ban phim Keychron - Mau 602","1870000","9","20"
"PRODUCT","P603","Man hinh Dell - Mau 603","11710000","35","20"
"PRODUCT","P604","Tai nghe Sony - Mau 604","6260000","184","10"
"PRODUCT","P605","SSD Samsung - Mau 605","1170000","17","5"
"PRODUCT","P606","RAM Kingston - Mau 606","520000","22","5"
"PRODUCT","P607","Laptop Asus - Mau 607","19160000","19","5"
"PRODUCT","P608","Webcam Logitech - Mau 608","1940000","164","5"
"PRODUCT","P609","Loa Bluetooth JBL - Mau 609","5150000","6","15"
"PRODUCT","P610","Sac du phong Anker - Mau 610","950000","20","20"
"PRODUCT","P611","Cap USB-C Ugreen - Mau 611","250000","75","5"
"PRODUCT","P612","Router WiFi TP-Link - Mau 612","940000","152","5"
"PRODUCT","P613","USB Sandisk - Mau 613","440000","19","5"
"PRODUCT","P614","Gia do laptop Baseus - Mau 614","380000","142","20"
"PRODUCT","P615","O cung HDD Seagate - Mau 615","1620000","34","15"
"PRODUCT","P616","Chuot gaming Razer - Mau 616","1270000","1","5"
"PRODUCT","P617","Ban phim gaming Corsair - Mau 617","500000","110","5"
"PRODUCT","P618","Microphone HyperX - Mau 618","470000","90","15"
"PRODUCT","P619","May in Canon - Mau 619","5680000","71","20"
"PRODUCT","P620","Bo chia HDMI Ugreen - Mau 620","600000","0","5"
"PRODUCT","P621","Chuot khong day Logitech - Mau 621","810000","68","5"
"PRODUCT","P622","Ban phim Keychron - Mau 622","1760000","61","10"
"PRODUCT","P623","Man hinh Dell - Mau 623","3730000","9","10"
"PRODUCT","P624","Tai nghe Sony - Mau 624","6090000","46","20"
"PRODUCT","P625","SSD Samsung - Mau 625","3970000","71","5"
"PRODUCT","P626","RAM Kingston - Mau 626","650000","162","20"
"PRODUCT","P627","Laptop Asus - Mau 627","20210000","174","15"
"PRODUCT","P628","Webcam Logitech - Mau 628","1410000","31","10"
"PRODUCT","P629","Loa Bluetooth JBL - Mau 629","900000","72","15"
"PRODUCT","P630","Sac du phong Anker - Mau 630","1270000","5","5"
"PRODUCT","P631","Cap USB-C Ugreen - Mau 631","300000","152","5"
"PRODUCT","P632","Router WiFi TP-Link - Mau 632","810000","154","15"
"PRODUCT","P633","USB Sandisk - Mau 633","590000","144","15"
"PRODUCT","P634","Gia do laptop Baseus - Mau 634","240000","145","5"
"PRODUCT","P635","O cung HDD Seagate - Mau 635","1110000","31","15"
"PRODUCT","P636","Chuot gaming Razer - Mau 636","1360000","77","10"
"PRODUCT","P637","Ban phim gaming Corsair - Mau 637","1380000","5","20"
"PRODUCT","P638","Microphone HyperX - Mau 638","3180000","57","10"
"PRODUCT","P639","May in Canon - Mau 639","2300000","48","15"
"PRODUCT","P640","Bo chia HDMI Ugreen - Mau 640","860000","0","5"
"PRODUCT","P641","Chuot khong day Logitech - Mau 641","910000","39","5"
"PRODUCT","P642","Ban phim Keychron - Mau 642","1830000","161","15"
"PRODUCT","P643","Man hinh Dell - Mau 643","5950000","116","15"
"PRODUCT","P644","Tai nghe Sony - Mau 644","5030000","4","5"
"PRODUCT","P645","SSD Samsung - Mau 645","1800000","92","10"
"PRODUCT","P646","RAM Kingston - Mau 646","1950000","186","20"
"PRODUCT","P647","Laptop Asus - Mau 647","26570000","112","5"
"PRODUCT","P648","Webcam Logitech - Mau 648","1560000","105","15"
"PRODUCT","P649","Loa Bluetooth JBL - Mau 649","3970000","54","5"
"PRODUCT","P650","Sac du phong Anker - Mau 650","1190000","20","20"
"PRODUCT","P651","Cap USB-C Ugreen - Mau 651","370000","9","15"
"PRODUCT","P652","Router WiFi TP-Link - Mau 652","1500000","79","10"
"PRODUCT","P653","USB Sandisk - Mau 653","570000","177","5"
"PRODUCT","P654","Gia do laptop Baseus - Mau 654","490000","134","20"
"PRODUCT","P655","O cung HDD Seagate - Mau 655","2250000","113","5"
"PRODUCT","P656","Chuot gaming Razer - Mau 656","1640000","33","10"
"PRODUCT","P657","Ban phim gaming Corsair - Mau 657","1010000","179","5"
"PRODUCT","P658","Microphone HyperX - Mau 658","3820000","4","10"
"PRODUCT","P659","May in Canon - Mau 659","5160000","170","5"
"PRODUCT","P660","Bo chia HDMI Ugreen - Mau 660","430000","0","20"
"PRODUCT","P661","Chuot khong day Logitech - Mau 661","580000","123","15"
"PRODUCT","P662","Ban phim Keychron - Mau 662","2480000","159","10"
"PRODUCT","P663","Man hinh Dell - Mau 663","11420000","66","15"
"PRODUCT","P664","Tai nghe Sony - Mau 664","610000","188","15"
"PRODUCT","P665","SSD Samsung - Mau 665","1800000","4","15"
"PRODUCT","P666","RAM Kingston - Mau 666","1600000","26","10"
"PRODUCT","P667","Laptop Asus - Mau 667","20190000","176","10"
"PRODUCT","P668","Webcam Logitech - Mau 668","2080000","52","10"
"PRODUCT","P669","Loa Bluetooth JBL - Mau 669","2530000","21","10"
"PRODUCT","P670","Sac du phong Anker - Mau 670","1090000","20","20"
"PRODUCT","P671","Cap USB-C Ugreen - Mau 671","420000","76","5"
"PRODUCT","P672","Router WiFi TP-Link - Mau 672","1910000","9","10"
"PRODUCT","P673","USB Sandisk - Mau 673","110000","162","10"
"PRODUCT","P674","Gia do laptop Baseus - Mau 674","390000","175","20"
"PRODUCT","P675","O cung HDD Seagate - Mau 675","1530000","162","10"
"PRODUCT","P676","Chuot gaming Razer - Mau 676","890000","37","15"
"PRODUCT","P677","Ban phim gaming Corsair - Mau 677","2400000","61","10"
"PRODUCT","P678","Microphone HyperX - Mau 678","2580000","99","5"
"PRODUCT","P679","May in Canon - Mau 679","1690000","5","15"
"PRODUCT","P680","Bo chia HDMI Ugreen - Mau 680","610000","0","5"
"PRODUCT","P681","Chuot khong day Logitech - Mau 681","360000","119","10"
"PRODUCT","P682","Ban phim Keychron - Mau 682","1680000","173","15"
"PRODUCT","P683","Man hinh Dell - Mau 683","13710000","158","5"
"PRODUCT","P684","Tai nghe Sony - Mau 684","2050000","191","20"
"PRODUCT","P685","SSD Samsung - Mau 685","3500000","102","20"
"PRODUCT","P686","RAM Kingston - Mau 686","1160000","14","20"
"PRODUCT","P687","Laptop Asus - Mau 687","22290000","163","20"
"PRODUCT","P688","Webcam Logitech - Mau 688","970000","118","15"
"PRODUCT","P689","Loa Bluetooth JBL - Mau 689","5060000","145","20"
"PRODUCT","P690","Sac du phong Anker - Mau 690","780000","5","5"
"PRODUCT","P691","Cap USB-C Ugreen - Mau 691","190000","189","10"
"PRODUCT","P692","Router WiFi TP-Link - Mau 692","3240000","123","10"
"PRODUCT","P693","USB Sandisk - Mau 693","130000","8","20"
"PRODUCT","P694","Gia do laptop Baseus - Mau 694","800000","189","10"
"PRODUCT","P695","O cung HDD Seagate - Mau 695","2180000","73","20"
"PRODUCT","P696","Chuot gaming Razer - Mau 696","2440000","148","20"
"PRODUCT","P697","Ban phim gaming Corsair - Mau 697","800000","61","10"
"PRODUCT","P698","Microphone HyperX - Mau 698","500000","32","15"
"PRODUCT","P699","May in Canon - Mau 699","1890000","100","10"
"PRODUCT","P700","Bo chia HDMI Ugreen - Mau 700","530000","0","10"
"PRODUCT","P701","Chuot khong day Logitech - Mau 701","810000","56","10"
"PRODUCT","P702","Ban phim Keychron - Mau 702","2500000","159","5"
"PRODUCT","P703","Man hinh Dell - Mau 703","6580000","184","15"
"PRODUCT","P704","Tai nghe Sony - Mau 704","5780000","109","20"
"PRODUCT","P705","SSD Samsung - Mau 705","4470000","161","20"
"PRODUCT","P706","RAM Kingston - Mau 706","2520000","78","20"
"PRODUCT","P707","Laptop Asus - Mau 707","32730000","1","5"
"PRODUCT","P708","Webcam Logitech - Mau 708","210000","154","5"
"PRODUCT","P709","Loa Bluetooth JBL - Mau 709","3950000","62","20"
"PRODUCT","P710","Sac du phong Anker - Mau 710","670000","5","5"
"PRODUCT","P711","Cap USB-C Ugreen - Mau 711","320000","166","20"
"PRODUCT","P712","Router WiFi TP-Link - Mau 712","890000","56","20"
"PRODUCT","P713","USB Sandisk - Mau 713","250000","21","10"
"PRODUCT","P714","Gia do laptop Baseus - Mau 714","800000","6","10"
"PRODUCT","P715","O cung HDD Seagate - Mau 715","2720000","109","10"
"PRODUCT","P716","Chuot gaming Razer - Mau 716","1580000","102","10"
"PRODUCT","P717","Ban phim gaming Corsair - Mau 717","2220000","174","10"
"PRODUCT","P718","Microphone HyperX - Mau 718","3400000","55","10"
"PRODUCT","P719","May in Canon - Mau 719","7970000","31","10"
"PRODUCT","P720","Bo chia HDMI Ugreen - Mau 720","450000","0","15"
"PRODUCT","P721","Chuot khong day Logitech - Mau 721","640000","6","15"
"PRODUCT","P722","Ban phim Keychron - Mau 722","2200000","81","20"
"PRODUCT","P723","Man hinh Dell - Mau 723","1890000","85","5"
"PRODUCT","P724","Tai nghe Sony - Mau 724","3570000","183","10"
"PRODUCT","P725","SSD Samsung - Mau 725","2360000","162","20"
"PRODUCT","P726","RAM Kingston - Mau 726","2160000","22","10"
"PRODUCT","P727","Laptop Asus - Mau 727","32410000","114","20"
"PRODUCT","P728","Webcam Logitech - Mau 728","1940000","4","10"
"PRODUCT","P729","Loa Bluetooth JBL - Mau 729","2210000","182","15"
"PRODUCT","P730","Sac du phong Anker - Mau 730","1190000","15","15"
"PRODUCT","P731","Cap USB-C Ugreen - Mau 731","190000","36","20"
"PRODUCT","P732","Router WiFi TP-Link - Mau 732","970000","172","20"
"PRODUCT","P733","USB Sandisk - Mau 733","190000","30","10"
"PRODUCT","P734","Gia do laptop Baseus - Mau 734","730000","75","15"
"PRODUCT","P735","O cung HDD Seagate - Mau 735","2280000","3","10"
"PRODUCT","P736","Chuot gaming Razer - Mau 736","1900000","161","20"
"PRODUCT","P737","Ban phim gaming Corsair - Mau 737","1600000","68","15"
"PRODUCT","P738","Microphone HyperX - Mau 738","860000","57","20"
"PRODUCT","P739","May in Canon - Mau 739","3950000","126","5"
"PRODUCT","P740","Bo chia HDMI Ugreen - Mau 740","260000","0","10"
"PRODUCT","P741","Chuot khong day Logitech - Mau 741","390000","161","15"
"PRODUCT","P742","Ban phim Keychron - Mau 742","2820000","7","15"
"PRODUCT","P743","Man hinh Dell - Mau 743","10320000","128","10"
"PRODUCT","P744","Tai nghe Sony - Mau 744","4440000","111","5"
"PRODUCT","P745","SSD Samsung - Mau 745","4090000","36","20"
"PRODUCT","P746","RAM Kingston - Mau 746","2480000","164","20"
"PRODUCT","P747","Laptop Asus - Mau 747","17900000","160","5"
"PRODUCT","P748","Webcam Logitech - Mau 748","750000","183","15"
"PRODUCT","P749","Loa Bluetooth JBL - Mau 749","3180000","1","15"
"PRODUCT","P750","Sac du phong Anker - Mau 750","550000","20","20"
"PRODUCT","P751","Cap USB-C Ugreen - Mau 751","70000","29","10"
"PRODUCT","P752","Router WiFi TP-Link - Mau 752","2230000","84","15"
"PRODUCT","P753","USB Sandisk - Mau 753","640000","54","5"
"PRODUCT","P754","Gia do laptop Baseus - Mau 754","740000","162","10"
"PRODUCT","P755","O cung HDD Seagate - Mau 755","2080000","135","20"
"PRODUCT","P756","Chuot gaming Razer - Mau 756","810000","7","10"
"PRODUCT","P757","Ban phim gaming Corsair - Mau 757","3460000","93","5"
"PRODUCT","P758","Microphone HyperX - Mau 758","540000","54","10"
"PRODUCT","P759","May in Canon - Mau 759","4180000","103","20"
"PRODUCT","P760","Bo chia HDMI Ugreen - Mau 760","320000","0","20"
"PRODUCT","P761","Chuot khong day Logitech - Mau 761","370000","144","10"
"PRODUCT","P762","Ban phim Keychron - Mau 762","1780000","31","20"
"PRODUCT","P763","Man hinh Dell - Mau 763","10380000","9","10"
"PRODUCT","P764","Tai nghe Sony - Mau 764","1110000","152","5"
"PRODUCT","P765","SSD Samsung - Mau 765","4220000","93","15"
"PRODUCT","P766","RAM Kingston - Mau 766","2640000","68","5"
"PRODUCT","P767","Laptop Asus - Mau 767","14870000","189","20"
"PRODUCT","P768","Webcam Logitech - Mau 768","2020000","94","15"
"PRODUCT","P769","Loa Bluetooth JBL - Mau 769","4940000","108","10"
"PRODUCT","P770","Sac du phong Anker - Mau 770","1660000","10","10"
"PRODUCT","P771","Cap USB-C Ugreen - Mau 771","300000","87","5"
"PRODUCT","P772","Router WiFi TP-Link - Mau 772","890000","105","10"
"PRODUCT","P773","USB Sandisk - Mau 773","570000","107","10"
"PRODUCT","P774","Gia do laptop Baseus - Mau 774","110000","123","15"
"PRODUCT","P775","O cung HDD Seagate - Mau 775","2140000","28","10"
"PRODUCT","P776","Chuot gaming Razer - Mau 776","2290000","164","20"
"PRODUCT","P777","Ban phim gaming Corsair - Mau 777","2940000","4","5"
"PRODUCT","P778","Microphone HyperX - Mau 778","1860000","23","10"
"PRODUCT","P779","May in Canon - Mau 779","7210000","22","5"
"PRODUCT","P780","Bo chia HDMI Ugreen - Mau 780","370000","0","5"
"PRODUCT","P781","Chuot khong day Logitech - Mau 781","990000","21","5"
"PRODUCT","P782","Ban phim Keychron - Mau 782","2360000","163","5"
"PRODUCT","P783","Man hinh Dell - Mau 783","9610000","78","10"
"PRODUCT","P784","Tai nghe Sony - Mau 784","5780000","13","15"
"PRODUCT","P785","SSD Samsung - Mau 785","1920000","152","5"
"PRODUCT","P786","RAM Kingston - Mau 786","2750000","73","10"
"PRODUCT","P787","Laptop Asus - Mau 787","28790000","135","20"
"PRODUCT","P788","Webcam Logitech - Mau 788","2010000","71","20"
"PRODUCT","P789","Loa Bluetooth JBL - Mau 789","890000","197","20"
"PRODUCT","P790","Sac du phong Anker - Mau 790","1530000","5","5"
"PRODUCT","P791","Cap USB-C Ugreen - Mau 791","430000","8","10"
"PRODUCT","P792","Router WiFi TP-Link - Mau 792","1160000","127","15"
"PRODUCT","P793","USB Sandisk - Mau 793","570000","185","10"
"PRODUCT","P794","Gia do laptop Baseus - Mau 794","640000","107","20"
"PRODUCT","P795","O cung HDD Seagate - Mau 795","2100000","85","20"
"PRODUCT","P796","Chuot gaming Razer - Mau 796","670000","49","15"
"PRODUCT","P797","Ban phim gaming Corsair - Mau 797","860000","160","20"
"PRODUCT","P798","Microphone HyperX - Mau 798","1480000","1","5"
"PRODUCT","P799","May in Canon - Mau 799","6410000","70","15"
"PRODUCT","P800","Bo chia HDMI Ugreen - Mau 800","250000","0","5"
"PRODUCT","P801","Chuot khong day Logitech - Mau 801","880000","167","20"
"PRODUCT","P802","Ban phim Keychron - Mau 802","2190000","177","15"
"PRODUCT","P803","Man hinh Dell - Mau 803","7390000","138","20"
"PRODUCT","P804","Tai nghe Sony - Mau 804","6020000","128","20"
"PRODUCT","P805","SSD Samsung - Mau 805","1560000","1","20"
"PRODUCT","P806","RAM Kingston - Mau 806","600000","102","5"
"PRODUCT","P807","Laptop Asus - Mau 807","31670000","96","15"
"PRODUCT","P808","Webcam Logitech - Mau 808","2250000","131","20"
"PRODUCT","P809","Loa Bluetooth JBL - Mau 809","3490000","56","5"
"PRODUCT","P810","Sac du phong Anker - Mau 810","510000","15","15"
"PRODUCT","P811","Cap USB-C Ugreen - Mau 811","440000","105","5"
"PRODUCT","P812","Router WiFi TP-Link - Mau 812","2930000","9","10"
"PRODUCT","P813","USB Sandisk - Mau 813","400000","150","15"
"PRODUCT","P814","Gia do laptop Baseus - Mau 814","150000","141","5"
"PRODUCT","P815","O cung HDD Seagate - Mau 815","2360000","26","5"
"PRODUCT","P816","Chuot gaming Razer - Mau 816","410000","91","20"
"PRODUCT","P817","Ban phim gaming Corsair - Mau 817","2930000","84","15"
"PRODUCT","P818","Microphone HyperX - Mau 818","1610000","118","20"
"PRODUCT","P819","May in Canon - Mau 819","6480000","12","20"
"PRODUCT","P820","Bo chia HDMI Ugreen - Mau 820","780000","0","15"
"PRODUCT","P821","Chuot khong day Logitech - Mau 821","370000","81","5"
"PRODUCT","P822","Ban phim Keychron - Mau 822","1140000","162","5"
"PRODUCT","P823","Man hinh Dell - Mau 823","2040000","140","10"
"PRODUCT","P824","Tai nghe Sony - Mau 824","5060000","194","15"
"PRODUCT","P825","SSD Samsung - Mau 825","1850000","68","15"
"PRODUCT","P826","RAM Kingston - Mau 826","1690000","1","15"
"PRODUCT","P827","Laptop Asus - Mau 827","30860000","80","5"
"PRODUCT","P828","Webcam Logitech - Mau 828","1240000","151","5"
"PRODUCT","P829","Loa Bluetooth JBL - Mau 829","3490000","49","20"
"PRODUCT","P830","Sac du phong Anker - Mau 830","1730000","5","5"
"PRODUCT","P831","Cap USB-C Ugreen - Mau 831","430000","183","5"
"PRODUCT","P832","Router WiFi TP-Link - Mau 832","3430000","157","15"
"PRODUCT","P833","USB Sandisk - Mau 833","80000","2","15"
"PRODUCT","P834","Gia do laptop Baseus - Mau 834","610000","65","5"
"PRODUCT","P835","O cung HDD Seagate - Mau 835","2670000","82","20"
"PRODUCT","P836","Chuot gaming Razer - Mau 836","790000","27","10"
"PRODUCT","P837","Ban phim gaming Corsair - Mau 837","2150000","25","15"
"PRODUCT","P838","Microphone HyperX - Mau 838","710000","60","5"
"PRODUCT","P839","May in Canon - Mau 839","6480000","40","5"
"PRODUCT","P840","Bo chia HDMI Ugreen - Mau 840","330000","0","10"
"PRODUCT","P841","Chuot khong day Logitech - Mau 841","510000","45","20"
"PRODUCT","P842","Ban phim Keychron - Mau 842","3340000","193","20"
"PRODUCT","P843","Man hinh Dell - Mau 843","8620000","167","15"
"PRODUCT","P844","Tai nghe Sony - Mau 844","5530000","114","5"
"PRODUCT","P845","SSD Samsung - Mau 845","2870000","152","15"
"PRODUCT","P846","RAM Kingston - Mau 846","2220000","129","15"
"PRODUCT","P847","Laptop Asus - Mau 847","25250000","2","5"
"PRODUCT","P848","Webcam Logitech - Mau 848","2030000","36","15"
"PRODUCT","P849","Loa Bluetooth JBL - Mau 849","2280000","183","5"
"PRODUCT","P850","Sac du phong Anker - Mau 850","620000","15","15"
"PRODUCT","P851","Cap USB-C Ugreen - Mau 851","140000","165","5"
"PRODUCT","P852","Router WiFi TP-Link - Mau 852","1640000","133","15"
"PRODUCT","P853","USB Sandisk - Mau 853","120000","94","15"
"PRODUCT","P854","Gia do laptop Baseus - Mau 854","680000","3","10"
"PRODUCT","P855","O cung HDD Seagate - Mau 855","1690000","193","15"
"PRODUCT","P856","Chuot gaming Razer - Mau 856","1380000","200","20"
"PRODUCT","P857","Ban phim gaming Corsair - Mau 857","2640000","126","5"
"PRODUCT","P858","Microphone HyperX - Mau 858","2580000","127","10"
"PRODUCT","P859","May in Canon - Mau 859","3810000","34","20"
"PRODUCT","P860","Bo chia HDMI Ugreen - Mau 860","720000","0","10"
"PRODUCT","P861","Chuot khong day Logitech - Mau 861","880000","1","5"
"PRODUCT","P862","Ban phim Keychron - Mau 862","2230000","108","10"
"PRODUCT","P863","Man hinh Dell - Mau 863","4020000","113","5"
"PRODUCT","P864","Tai nghe Sony - Mau 864","460000","154","15"
"PRODUCT","P865","SSD Samsung - Mau 865","2190000","140","10"
"PRODUCT","P866","RAM Kingston - Mau 866","580000","117","10"
"PRODUCT","P867","Laptop Asus - Mau 867","28210000","62","15"
"PRODUCT","P868","Webcam Logitech - Mau 868","2330000","4","15"
"PRODUCT","P869","Loa Bluetooth JBL - Mau 869","1780000","92","5"
"PRODUCT","P870","Sac du phong Anker - Mau 870","1180000","5","5"
"PRODUCT","P871","Cap USB-C Ugreen - Mau 871","190000","154","15"
"PRODUCT","P872","Router WiFi TP-Link - Mau 872","780000","114","10"
"PRODUCT","P873","USB Sandisk - Mau 873","590000","178","10"
"PRODUCT","P874","Gia do laptop Baseus - Mau 874","570000","168","10"
"PRODUCT","P875","O cung HDD Seagate - Mau 875","1120000","14","20"
"PRODUCT","P876","Chuot gaming Razer - Mau 876","2340000","118","15"
"PRODUCT","P877","Ban phim gaming Corsair - Mau 877","1220000","54","15"
"PRODUCT","P878","Microphone HyperX - Mau 878","2010000","77","5"
"PRODUCT","P879","May in Canon - Mau 879","2300000","194","20"
"PRODUCT","P880","Bo chia HDMI Ugreen - Mau 880","840000","0","15"
"PRODUCT","P881","Chuot khong day Logitech - Mau 881","310000","39","20"
"PRODUCT","P882","Ban phim Keychron - Mau 882","3030000","1","5"
"PRODUCT","P883","Man hinh Dell - Mau 883","2800000","126","10"
"PRODUCT","P884","Tai nghe Sony - Mau 884","6920000","74","5"
"PRODUCT","P885","SSD Samsung - Mau 885","4200000","150","10"
"PRODUCT","P886","RAM Kingston - Mau 886","1490000","169","20"
"PRODUCT","P887","Laptop Asus - Mau 887","14650000","96","15"
"PRODUCT","P888","Webcam Logitech - Mau 888","1700000","85","10"
"PRODUCT","P889","Loa Bluetooth JBL - Mau 889","4870000","12","15"
"PRODUCT","P890","Sac du phong Anker - Mau 890","1780000","15","15"
"PRODUCT","P891","Cap USB-C Ugreen - Mau 891","370000","113","15"
"PRODUCT","P892","Router WiFi TP-Link - Mau 892","780000","162","15"
"PRODUCT","P893","USB Sandisk - Mau 893","210000","168","15"
"PRODUCT","P894","Gia do laptop Baseus - Mau 894","250000","155","20"
"PRODUCT","P895","O cung HDD Seagate - Mau 895","2060000","37","10"
"PRODUCT","P896","Chuot gaming Razer - Mau 896","2280000","6","20"
"PRODUCT","P897","Ban phim gaming Corsair - Mau 897","4480000","38","20"
"PRODUCT","P898","Microphone HyperX - Mau 898","3560000","123","20"
"PRODUCT","P899","May in Canon - Mau 899","7940000","154","5"
"PRODUCT","P900","Bo chia HDMI Ugreen - Mau 900","720000","0","5"
"PRODUCT","P901","Chuot khong day Logitech - Mau 901","1050000","61","20"
"PRODUCT","P902","Ban phim Keychron - Mau 902","2630000","137","15"
"PRODUCT","P903","Man hinh Dell - Mau 903","13600000","2","10"
"PRODUCT","P904","Tai nghe Sony - Mau 904","4780000","151","10"
"PRODUCT","P905","SSD Samsung - Mau 905","1150000","90","5"
"PRODUCT","P906","RAM Kingston - Mau 906","2490000","194","15"
"PRODUCT","P907","Laptop Asus - Mau 907","12230000","151","15"
"PRODUCT","P908","Webcam Logitech - Mau 908","1520000","118","5"
"PRODUCT","P909","Loa Bluetooth JBL - Mau 909","1650000","72","20"
"PRODUCT","P910","Sac du phong Anker - Mau 910","1580000","20","20"
"PRODUCT","P911","Cap USB-C Ugreen - Mau 911","140000","185","15"
"PRODUCT","P912","Router WiFi TP-Link - Mau 912","690000","87","15"
"PRODUCT","P913","USB Sandisk - Mau 913","190000","150","5"
"PRODUCT","P914","Gia do laptop Baseus - Mau 914","570000","140","15"
"PRODUCT","P915","O cung HDD Seagate - Mau 915","1960000","138","20"
"PRODUCT","P916","Chuot gaming Razer - Mau 916","390000","126","20"
"PRODUCT","P917","Ban phim gaming Corsair - Mau 917","1860000","2","5"
"PRODUCT","P918","Microphone HyperX - Mau 918","3920000","52","5"
"PRODUCT","P919","May in Canon - Mau 919","5200000","70","10"
"PRODUCT","P920","Bo chia HDMI Ugreen - Mau 920","250000","0","20"
"PRODUCT","P921","Chuot khong day Logitech - Mau 921","490000","81","5"
"PRODUCT","P922","Ban phim Keychron - Mau 922","2690000","82","15"
"PRODUCT","P923","Man hinh Dell - Mau 923","4360000","49","5"
"PRODUCT","P924","Tai nghe Sony - Mau 924","3870000","3","10"
"PRODUCT","P925","SSD Samsung - Mau 925","3080000","100","10"
"PRODUCT","P926","RAM Kingston - Mau 926","2340000","151","20"
"PRODUCT","P927","Laptop Asus - Mau 927","34890000","139","10"
"PRODUCT","P928","Webcam Logitech - Mau 928","1870000","143","15"
"PRODUCT","P929","Loa Bluetooth JBL - Mau 929","550000","115","20"
"PRODUCT","P930","Sac du phong Anker - Mau 930","1650000","5","5"
"PRODUCT","P931","Cap USB-C Ugreen - Mau 931","70000","11","20"
"PRODUCT","P932","Router WiFi TP-Link - Mau 932","3200000","72","20"
"PRODUCT","P933","USB Sandisk - Mau 933","170000","147","20"
"PRODUCT","P934","Gia do laptop Baseus - Mau 934","490000","48","15"
"PRODUCT","P935","O cung HDD Seagate - Mau 935","940000","152","20"
"PRODUCT","P936","Chuot gaming Razer - Mau 936","2050000","119","5"
"PRODUCT","P937","Ban phim gaming Corsair - Mau 937","2310000","183","5"
"PRODUCT","P938","Microphone HyperX - Mau 938","3990000","18","20"
"PRODUCT","P939","May in Canon - Mau 939","1510000","100","20"
"PRODUCT","P940","Bo chia HDMI Ugreen - Mau 940","120000","0","5"
"PRODUCT","P941","Chuot khong day Logitech - Mau 941","570000","85","5"
"PRODUCT","P942","Ban phim Keychron - Mau 942","780000","106","5"
"PRODUCT","P943","Man hinh Dell - Mau 943","11780000","152","5"
"PRODUCT","P944","Tai nghe Sony - Mau 944","4030000","159","5"
"PRODUCT","P945","SSD Samsung - Mau 945","4430000","4","5"
"PRODUCT","P946","RAM Kingston - Mau 946","1960000","63","10"
"PRODUCT","P947","Laptop Asus - Mau 947","24830000","91","15"
"PRODUCT","P948","Webcam Logitech - Mau 948","1870000","100","10"
"PRODUCT","P949","Loa Bluetooth JBL - Mau 949","4140000","45","20"
"PRODUCT","P950","Sac du phong Anker - Mau 950","740000","15","15"
"PRODUCT","P951","Cap USB-C Ugreen - Mau 951","340000","79","10"
"PRODUCT","P952","Router WiFi TP-Link - Mau 952","980000","2","10"
"PRODUCT","P953","USB Sandisk - Mau 953","190000","68","5"
"PRODUCT","P954","Gia do laptop Baseus - Mau 954","370000","173","5"
"PRODUCT","P955","O cung HDD Seagate - Mau 955","2460000","35","20"
"PRODUCT","P956","Chuot gaming Razer - Mau 956","1270000","81","10"
"PRODUCT","P957","Ban phim gaming Corsair - Mau 957","600000","21","10"
"PRODUCT","P958","Microphone HyperX - Mau 958","1640000","48","20"
"PRODUCT","P959","May in Canon - Mau 959","2470000","11","15"
"PRODUCT","P960","Bo chia HDMI Ugreen - Mau 960","750000","0","10"
"PRODUCT","P961","Chuot khong day Logitech - Mau 961","790000","124","15"
"PRODUCT","P962","Ban phim Keychron - Mau 962","1070000","199","20"
"PRODUCT","P963","Man hinh Dell - Mau 963","11900000","18","5"
"PRODUCT","P964","Tai nghe Sony - Mau 964","4070000","53","20"
"PRODUCT","P965","SSD Samsung - Mau 965","1380000","167","15"
"PRODUCT","P966","RAM Kingston - Mau 966","760000","5","10"
"PRODUCT","P967","Laptop Asus - Mau 967","30150000","143","5"
"PRODUCT","P968","Webcam Logitech - Mau 968","480000","120","5"
"PRODUCT","P969","Loa Bluetooth JBL - Mau 969","2210000","32","20"
"PRODUCT","P970","Sac du phong Anker - Mau 970","1340000","20","20"
"PRODUCT","P971","Cap USB-C Ugreen - Mau 971","290000","148","5"
"PRODUCT","P972","Router WiFi TP-Link - Mau 972","2340000","56","5"
"PRODUCT","P973","USB Sandisk - Mau 973","400000","8","10"
"PRODUCT","P974","Gia do laptop Baseus - Mau 974","450000","162","5"
"PRODUCT","P975","O cung HDD Seagate - Mau 975","1290000","62","20"
"PRODUCT","P976","Chuot gaming Razer - Mau 976","2200000","132","5"
"PRODUCT","P977","Ban phim gaming Corsair - Mau 977","4140000","170","20"
"PRODUCT","P978","Microphone HyperX - Mau 978","1950000","92","15"
"PRODUCT","P979","May in Canon - Mau 979","4200000","118","5"
"PRODUCT","P980","Bo chia HDMI Ugreen - Mau 980","480000","0","5"
"PRODUCT","P981","Chuot khong day Logitech - Mau 981","140000","51","20"
"PRODUCT","P982","Ban phim Keychron - Mau 982","2550000","19","5"
"PRODUCT","P983","Man hinh Dell - Mau 983","10310000","54","20"
"PRODUCT","P984","Tai nghe Sony - Mau 984","6120000","142","5"
"PRODUCT","P985","SSD Samsung - Mau 985","4050000","71","20"
"PRODUCT","P986","RAM Kingston - Mau 986","1660000","155","20"
"PRODUCT","P987","Laptop Asus - Mau 987","16520000","4","5"
"PRODUCT","P988","Webcam Logitech - Mau 988","410000","61","20"
"PRODUCT","P989","Loa Bluetooth JBL - Mau 989","2650000","180","20"
"PRODUCT","P990","Sac du phong Anker - Mau 990","260000","10","10"
"PRODUCT","P991","Cap USB-C Ugreen - Mau 991","190000","150","10"
"PRODUCT","P992","Router WiFi TP-Link - Mau 992","450000","141","20"
"PRODUCT","P993","USB Sandisk - Mau 993","350000","44","5"
"PRODUCT","P994","Gia do laptop Baseus - Mau 994","140000","3","5"
"PRODUCT","P995","O cung HDD Seagate - Mau 995","2730000","105","10"
"PRODUCT","P996","Chuot gaming Razer - Mau 996","880000","63","5"
"PRODUCT","P997","Ban phim gaming Corsair - Mau 997","3650000","143","10"
"PRODUCT","P998","Microphone HyperX - Mau 998","2380000","53","20"
"PRODUCT","P999","May in Canon - Mau 999","6750000","103","20"
"PRODUCT","P1000","Bo chia HDMI Ugreen - Mau 1000","300000","0","15"
"ORDER","ORD000001","Bui Tuan Kiet","0950172585","45690000","1789002000000","1","PENDING"
"ITEM","ORD000001","P052","Router WiFi TP-Link - Mau 052","3","2900000"
"ITEM","ORD000001","P343","Man hinh Dell - Mau 343","3","11850000"
"ITEM","ORD000001","P968","Webcam Logitech - Mau 968","3","480000"
"HISTORY","ORD000001","PENDING","1789002000000"
"ORDER","ORD000002","Bui Thanh Nam","0956507855","21120000","1789002900000","1","PENDING"
"ITEM","ORD000002","P053","USB Sandisk - Mau 053","4","550000"
"ITEM","ORD000002","P129","Loa Bluetooth JBL - Mau 129","4","4080000"
"ITEM","ORD000002","P400","Bo chia HDMI Ugreen - Mau 400","2","560000"
"ITEM","ORD000002","P041","Chuot khong day Logitech - Mau 041","4","370000"
"HISTORY","ORD000002","PENDING","1789002900000"
"ORDER","ORD000003","Le Bao Tran","0916836770","98490000","1789003800000","1","PROCESSING"
"ITEM","ORD000003","P507","Laptop Asus - Mau 507","2","15320000"
"ITEM","ORD000003","P731","Cap USB-C Ugreen - Mau 731","2","190000"
"ITEM","ORD000003","P607","Laptop Asus - Mau 607","3","19160000"
"ITEM","ORD000003","P545","SSD Samsung - Mau 545","4","1800000"
"ITEM","ORD000003","P236","Chuot gaming Razer - Mau 236","3","930000"
"HISTORY","ORD000003","PENDING","1789003800000"
"HISTORY","ORD000003","PROCESSING","1789007400000"
"ORDER","ORD000004","Do Quang Huy","0997066607","2550000","1789004700000","1","PROCESSING"
"ITEM","ORD000004","P490","Sac du phong Anker - Mau 490","3","850000"
"HISTORY","ORD000004","PENDING","1789004700000"
"HISTORY","ORD000004","PROCESSING","1789008300000"
"ORDER","ORD000005","Le Tuan Kiet","0928032690","34890000","1789005600000","1","SHIPPING"
"ITEM","ORD000005","P056","Chuot gaming Razer - Mau 056","1","1570000"
"ITEM","ORD000005","P539","May in Canon - Mau 539","4","8330000"
"HISTORY","ORD000005","PENDING","1789005600000"
"HISTORY","ORD000005","PROCESSING","1789009200000"
"HISTORY","ORD000005","SHIPPING","1789012800000"
"ORDER","ORD000006","Phan Huynh Khoa","0987721536","1960000","1789006500000","2","SHIPPING"
"ITEM","ORD000006","P734","Gia do laptop Baseus - Mau 734","1","730000"
"ITEM","ORD000006","P720","Bo chia HDMI Ugreen - Mau 720","1","450000"
"ITEM","ORD000006","P044","Tai nghe Sony - Mau 044","2","390000"
"HISTORY","ORD000006","PENDING","1789006500000"
"HISTORY","ORD000006","PROCESSING","1789010100000"
"HISTORY","ORD000006","SHIPPING","1789013700000"
"ORDER","ORD000007","Le Tuan Kiet","0993428839","1700000","1789007400000","2","COMPLETED"
"ITEM","ORD000007","P261","Chuot khong day Logitech - Mau 261","2","850000"
"HISTORY","ORD000007","PENDING","1789007400000"
"HISTORY","ORD000007","PROCESSING","1789011000000"
"HISTORY","ORD000007","SHIPPING","1789014600000"
"HISTORY","ORD000007","COMPLETED","1789018200000"
"ORDER","ORD000008","Nguyen Thanh Nam","0985038293","1760000","1789008300000","2","COMPLETED"
"ITEM","ORD000008","P060","Bo chia HDMI Ugreen - Mau 060","2","490000"
"ITEM","ORD000008","P820","Bo chia HDMI Ugreen - Mau 820","1","780000"
"HISTORY","ORD000008","PENDING","1789008300000"
"HISTORY","ORD000008","PROCESSING","1789011900000"
"HISTORY","ORD000008","SHIPPING","1789015500000"
"HISTORY","ORD000008","COMPLETED","1789019100000"
"ORDER","ORD000009","Huynh Minh An","0926477113","890000","1789009200000","2","CANCELLED"
"ITEM","ORD000009","P772","Router WiFi TP-Link - Mau 772","1","890000"
"HISTORY","ORD000009","PENDING","1789009200000"
"HISTORY","ORD000009","PROCESSING","1789012800000"
"HISTORY","ORD000009","CANCELLED","1789016400000"
"ORDER","ORD000010","Huynh Thanh Nam","0927987333","5900000","1789010100000","2","CANCELLED"
"ITEM","ORD000010","P355","O cung HDD Seagate - Mau 355","2","1770000"
"ITEM","ORD000010","P870","Sac du phong Anker - Mau 870","2","1180000"
"HISTORY","ORD000010","PENDING","1789010100000"
"HISTORY","ORD000010","CANCELLED","1789013700000"
"ORDER","ORD000011","Tran Lan Chi","0915994072","1656000","1789011000000","3","PENDING"
"ITEM","ORD000011","P912","Router WiFi TP-Link - Mau 912","1","621000"
"ITEM","ORD000011","P209","Loa Bluetooth JBL - Mau 209","1","1035000"
"HISTORY","ORD000011","PENDING","1789011000000"
"ORDER","ORD000012","Tran Thanh Nam","0956076222","35010000","1789011900000","3","PENDING"
"ITEM","ORD000012","P427","Laptop Asus - Mau 427","1","25530000"
"ITEM","ORD000012","P168","Webcam Logitech - Mau 168","4","1890000"
"ITEM","ORD000012","P112","Router WiFi TP-Link - Mau 112","3","640000"
"HISTORY","ORD000012","PENDING","1789011900000"
"ORDER","ORD000013","Huynh Huynh Khoa","0921472877","1200000","1789012800000","3","PROCESSING"
"ITEM","ORD000013","P957","Ban phim gaming Corsair - Mau 957","2","600000"
"HISTORY","ORD000013","PENDING","1789012800000"
"HISTORY","ORD000013","PROCESSING","1789016400000"
"ORDER","ORD000014","Phan Dang Khoa","0937064761","11460000","1789013700000","3","PROCESSING"
"ITEM","ORD000014","P449","Loa Bluetooth JBL - Mau 449","2","5730000"
"HISTORY","ORD000014","PENDING","1789013700000"
"HISTORY","ORD000014","PROCESSING","1789017300000"
"ORDER","ORD000015","Bui Dang Khoa","0948513896","17070000","1789014600000","3","SHIPPING"
"ITEM","ORD000015","P778","Microphone HyperX - Mau 778","4","1860000"
"ITEM","ORD000015","P056","Chuot gaming Razer - Mau 056","3","1570000"
"ITEM","ORD000015","P562","Ban phim Keychron - Mau 562","2","2460000"
"HISTORY","ORD000015","PENDING","1789014600000"
"HISTORY","ORD000015","PROCESSING","1789018200000"
"HISTORY","ORD000015","SHIPPING","1789021800000"
"ORDER","ORD000016","Vo Bao Tran","0910874714","34240000","1789015500000","1","SHIPPING"
"ITEM","ORD000016","P867","Laptop Asus - Mau 867","1","28210000"
"ITEM","ORD000016","P788","Webcam Logitech - Mau 788","3","2010000"
"HISTORY","ORD000016","PENDING","1789015500000"
"HISTORY","ORD000016","PROCESSING","1789019100000"
"HISTORY","ORD000016","SHIPPING","1789022700000"
"ORDER","ORD000017","Nguyen Quang Huy","0996064275","20830000","1789016400000","1","COMPLETED"
"ITEM","ORD000017","P523","Man hinh Dell - Mau 523","2","5520000"
"ITEM","ORD000017","P612","Router WiFi TP-Link - Mau 612","3","940000"
"ITEM","ORD000017","P031","Cap USB-C Ugreen - Mau 031","3","450000"
"ITEM","ORD000017","P032","Router WiFi TP-Link - Mau 032","3","1380000"
"ITEM","ORD000017","P954","Gia do laptop Baseus - Mau 954","4","370000"
"HISTORY","ORD000017","PENDING","1789016400000"
"HISTORY","ORD000017","PROCESSING","1789020000000"
"HISTORY","ORD000017","SHIPPING","1789023600000"
"HISTORY","ORD000017","COMPLETED","1789027200000"
"ORDER","ORD000018","Le Thanh Nam","0987761185","4820000","1789017300000","1","COMPLETED"
"ITEM","ORD000018","P176","Chuot gaming Razer - Mau 176","2","2240000"
"ITEM","ORD000018","P014","Gia do laptop Baseus - Mau 014","1","340000"
"HISTORY","ORD000018","PENDING","1789017300000"
"HISTORY","ORD000018","PROCESSING","1789020900000"
"HISTORY","ORD000018","SHIPPING","1789024500000"
"HISTORY","ORD000018","COMPLETED","1789028100000"
"ORDER","ORD000019","Do Minh An","0934875888","2550000","1789018200000","1","CANCELLED"
"ITEM","ORD000019","P321","Chuot khong day Logitech - Mau 321","3","850000"
"HISTORY","ORD000019","PENDING","1789018200000"
"HISTORY","ORD000019","PROCESSING","1789021800000"
"HISTORY","ORD000019","CANCELLED","1789025400000"
"ORDER","ORD000020","Pham Thanh Nam","0932366492","41250000","1789019100000","1","CANCELLED"
"ITEM","ORD000020","P861","Chuot khong day Logitech - Mau 861","4","880000"
"ITEM","ORD000020","P769","Loa Bluetooth JBL - Mau 769","1","4940000"
"ITEM","ORD000020","P384","Tai nghe Sony - Mau 384","3","5450000"
"ITEM","ORD000020","P976","Chuot gaming Razer - Mau 976","3","2200000"
"ITEM","ORD000020","P024","Tai nghe Sony - Mau 024","4","2460000"
"HISTORY","ORD000020","PENDING","1789019100000"
"HISTORY","ORD000020","CANCELLED","1789022700000"
"ORDER","ORD000021","Hoang Dinh Hai","0951121637","12570000","1789020000000","2","PENDING"
"ITEM","ORD000021","P849","Loa Bluetooth JBL - Mau 849","3","2280000"
"ITEM","ORD000021","P331","Cap USB-C Ugreen - Mau 331","1","390000"
"ITEM","ORD000021","P325","SSD Samsung - Mau 325","2","2670000"
"HISTORY","ORD000021","PENDING","1789020000000"
"ORDER","ORD000022","Huynh Dang Khoa","0975907554","10827000","1789020900000","2","PENDING"
"ITEM","ORD000022","P506","RAM Kingston - Mau 506","3","1395000"
"ITEM","ORD000022","P464","Tai nghe Sony - Mau 464","1","1350000"
"ITEM","ORD000022","P232","Router WiFi TP-Link - Mau 232","2","2007000"
"ITEM","ORD000022","P338","Microphone HyperX - Mau 338","2","639000"
"HISTORY","ORD000022","PENDING","1789020900000"
"ORDER","ORD000023","Do Huynh Khoa","0957706652","33520000","1789021800000","2","PROCESSING"
"ITEM","ORD000023","P103","Man hinh Dell - Mau 103","3","9160000"
"ITEM","ORD000023","P248","Webcam Logitech - Mau 248","4","1070000"
"ITEM","ORD000023","P341","Chuot khong day Logitech - Mau 341","4","440000"
"HISTORY","ORD000023","PENDING","1789021800000"
"HISTORY","ORD000023","PROCESSING","1789025400000"
"ORDER","ORD000024","Huynh Dinh Hai","0963522551","33330000","1789022700000","2","PROCESSING"
"ITEM","ORD000024","P863","Man hinh Dell - Mau 863","3","4020000"
"ITEM","ORD000024","P726","RAM Kingston - Mau 726","2","2160000"
"ITEM","ORD000024","P587","Laptop Asus - Mau 587","1","16950000"
"HISTORY","ORD000024","PENDING","1789022700000"
"HISTORY","ORD000024","PROCESSING","1789026300000"
"ORDER","ORD000025","Tran Dinh Hai","0937158923","11910000","1789023600000","2","SHIPPING"
"ITEM","ORD000025","P334","Gia do laptop Baseus - Mau 334","3","790000"
"ITEM","ORD000025","P968","Webcam Logitech - Mau 968","3","480000"
"ITEM","ORD000025","P179","May in Canon - Mau 179","3","2700000"
"HISTORY","ORD000025","PENDING","1789023600000"
"HISTORY","ORD000025","PROCESSING","1789027200000"
"HISTORY","ORD000025","SHIPPING","1789030800000"
"ORDER","ORD000026","Bui Minh An","0914719307","8880000","1789024500000","3","SHIPPING"
"ITEM","ORD000026","P795","O cung HDD Seagate - Mau 795","4","2100000"
"ITEM","ORD000026","P174","Gia do laptop Baseus - Mau 174","2","240000"
"HISTORY","ORD000026","PENDING","1789024500000"
"HISTORY","ORD000026","PROCESSING","1789028100000"
"HISTORY","ORD000026","SHIPPING","1789031700000"
"ORDER","ORD000027","Vo Tuan Kiet","0914081463","9840000","1789025400000","3","COMPLETED"
"ITEM","ORD000027","P850","Sac du phong Anker - Mau 850","4","620000"
"ITEM","ORD000027","P379","May in Canon - Mau 379","1","2400000"
"ITEM","ORD000027","P572","Router WiFi TP-Link - Mau 572","1","2680000"
"ITEM","ORD000027","P874","Gia do laptop Baseus - Mau 874","4","570000"
"HISTORY","ORD000027","PENDING","1789025400000"
"HISTORY","ORD000027","PROCESSING","1789029000000"
"HISTORY","ORD000027","SHIPPING","1789032600000"
"HISTORY","ORD000027","COMPLETED","1789036200000"
"ORDER","ORD000028","Le Thu Ha","0989085626","14170000","1789026300000","3","COMPLETED"
"ITEM","ORD000028","P679","May in Canon - Mau 679","3","1690000"
"ITEM","ORD000028","P053","USB Sandisk - Mau 053","4","550000"
"ITEM","ORD000028","P335","O cung HDD Seagate - Mau 335","4","1330000"
"ITEM","ORD000028","P534","Gia do laptop Baseus - Mau 534","2","790000"
"HISTORY","ORD000028","PENDING","1789026300000"
"HISTORY","ORD000028","PROCESSING","1789029900000"
"HISTORY","ORD000028","SHIPPING","1789033500000"
"HISTORY","ORD000028","COMPLETED","1789037100000"
"ORDER","ORD000029","Le Minh Duc","0984289035","10220000","1789027200000","3","CANCELLED"
"ITEM","ORD000029","P898","Microphone HyperX - Mau 898","1","3560000"
"ITEM","ORD000029","P881","Chuot khong day Logitech - Mau 881","2","310000"
"ITEM","ORD000029","P939","May in Canon - Mau 939","4","1510000"
"HISTORY","ORD000029","PENDING","1789027200000"
"HISTORY","ORD000029","PROCESSING","1789030800000"
"HISTORY","ORD000029","CANCELLED","1789034400000"
"ORDER","ORD000030","Bui Dinh Hai","0945246181","5070000","1789028100000","3","CANCELLED"
"ITEM","ORD000030","P986","RAM Kingston - Mau 986","1","1660000"
"ITEM","ORD000030","P078","Microphone HyperX - Mau 078","1","2690000"
"ITEM","ORD000030","P148","Webcam Logitech - Mau 148","2","360000"
"HISTORY","ORD000030","PENDING","1789028100000"
"HISTORY","ORD000030","CANCELLED","1789031700000"
"ORDER","ORD000031","Pham Dinh Hai","0997966328","25840000","1789029000000","1","PENDING"
"ITEM","ORD000031","P118","Microphone HyperX - Mau 118","2","3670000"
"ITEM","ORD000031","P362","Ban phim Keychron - Mau 362","3","2790000"
"ITEM","ORD000031","P672","Router WiFi TP-Link - Mau 672","3","1910000"
"ITEM","ORD000031","P891","Cap USB-C Ugreen - Mau 891","2","370000"
"ITEM","ORD000031","P642","Ban phim Keychron - Mau 642","2","1830000"
"HISTORY","ORD000031","PENDING","1789029000000"
"ORDER","ORD000032","Vo Thanh Nam","0992922274","3750000","1789029900000","1","PENDING"
"ITEM","ORD000032","P341","Chuot khong day Logitech - Mau 341","3","440000"
"ITEM","ORD000032","P632","Router WiFi TP-Link - Mau 632","3","810000"
"HISTORY","ORD000032","PENDING","1789029900000"
"ORDER","ORD000033","Vo Thanh Nam","0918601667","10638000","1789030800000","1","PROCESSING"
"ITEM","ORD000033","P905","SSD Samsung - Mau 905","3","1035000"
"ITEM","ORD000033","P362","Ban phim Keychron - Mau 362","3","2511000"
"HISTORY","ORD000033","PENDING","1789030800000"
"HISTORY","ORD000033","PROCESSING","1789034400000"
"ORDER","ORD000034","Vo Tuan Kiet","0986518362","6850000","1789031700000","1","PROCESSING"
"ITEM","ORD000034","P548","Webcam Logitech - Mau 548","1","2490000"
"ITEM","ORD000034","P536","Chuot gaming Razer - Mau 536","4","1090000"
"HISTORY","ORD000034","PENDING","1789031700000"
"HISTORY","ORD000034","PROCESSING","1789035300000"
"ORDER","ORD000035","Bui Dang Khoa","0973086921","8270000","1789032600000","1","SHIPPING"
"ITEM","ORD000035","P041","Chuot khong day Logitech - Mau 041","4","370000"
"ITEM","ORD000035","P826","RAM Kingston - Mau 826","1","1690000"
"ITEM","ORD000035","P042","Ban phim Keychron - Mau 042","3","1700000"
"HISTORY","ORD000035","PENDING","1789032600000"
"HISTORY","ORD000035","PROCESSING","1789036200000"
"HISTORY","ORD000035","SHIPPING","1789039800000"
"ORDER","ORD000036","Nguyen Lan Chi","0940584681","10850000","1789033500000","2","SHIPPING"
"ITEM","ORD000036","P700","Bo chia HDMI Ugreen - Mau 700","2","530000"
"ITEM","ORD000036","P334","Gia do laptop Baseus - Mau 334","2","790000"
"ITEM","ORD000036","P755","O cung HDD Seagate - Mau 755","3","2080000"
"ITEM","ORD000036","P023","Man hinh Dell - Mau 023","1","1970000"
"HISTORY","ORD000036","PENDING","1789033500000"
"HISTORY","ORD000036","PROCESSING","1789037100000"
"HISTORY","ORD000036","SHIPPING","1789040700000"
"ORDER","ORD000037","Huynh Lan Chi","0964944193","3480000","1789034400000","2","COMPLETED"
"ITEM","ORD000037","P617","Ban phim gaming Corsair - Mau 617","4","500000"
"ITEM","ORD000037","P486","RAM Kingston - Mau 486","4","370000"
"HISTORY","ORD000037","PENDING","1789034400000"
"HISTORY","ORD000037","PROCESSING","1789038000000"
"HISTORY","ORD000037","SHIPPING","1789041600000"
"HISTORY","ORD000037","COMPLETED","1789045200000"
"ORDER","ORD000038","Hoang Thu Ha","0964185048","11780000","1789035300000","2","COMPLETED"
"ITEM","ORD000038","P002","Ban phim Keychron K2","1","750000"
"ITEM","ORD000038","P314","Gia do laptop Baseus - Mau 314","1","710000"
"ITEM","ORD000038","P174","Gia do laptop Baseus - Mau 174","1","240000"
"ITEM","ORD000038","P706","RAM Kingston - Mau 706","4","2520000"
"HISTORY","ORD000038","PENDING","1789035300000"
"HISTORY","ORD000038","PROCESSING","1789038900000"
"HISTORY","ORD000038","SHIPPING","1789042500000"
"HISTORY","ORD000038","COMPLETED","1789046100000"
"ORDER","ORD000039","Le Lan Chi","0941812726","4120000","1789036200000","2","CANCELLED"
"ITEM","ORD000039","P620","Bo chia HDMI Ugreen - Mau 620","3","600000"
"ITEM","ORD000039","P241","Chuot khong day Logitech - Mau 241","4","580000"
"HISTORY","ORD000039","PENDING","1789036200000"
"HISTORY","ORD000039","PROCESSING","1789039800000"
"HISTORY","ORD000039","CANCELLED","1789043400000"
"ORDER","ORD000040","Vo Bao Tran","0928230060","114030000","1789037100000","2","CANCELLED"
"ITEM","ORD000040","P774","Gia do laptop Baseus - Mau 774","2","110000"
"ITEM","ORD000040","P867","Laptop Asus - Mau 867","4","28210000"
"ITEM","ORD000040","P732","Router WiFi TP-Link - Mau 732","1","970000"
"HISTORY","ORD000040","PENDING","1789037100000"
"HISTORY","ORD000040","CANCELLED","1789040700000"
"ORDER","ORD000041","Do Bao Tran","0995800043","12960000","1789038000000","3","PENDING"
"ITEM","ORD000041","P065","SSD Samsung - Mau 065","4","3240000"
"HISTORY","ORD000041","PENDING","1789038000000"
"ORDER","ORD000042","Bui Quang Huy","0953784152","30600000","1789038900000","3","PENDING"
"ITEM","ORD000042","P284","Tai nghe Sony - Mau 284","4","5720000"
"ITEM","ORD000042","P510","Sac du phong Anker - Mau 510","4","1930000"
"HISTORY","ORD000042","PENDING","1789038900000"
"ORDER","ORD000043","Pham Minh Duc","0928215679","49960000","1789039800000","3","PROCESSING"
"ITEM","ORD000043","P164","Tai nghe Sony - Mau 164","1","5850000"
"ITEM","ORD000043","P061","Chuot khong day Logitech - Mau 061","3","330000"
"ITEM","ORD000043","P018","Microphone HyperX - Mau 018","4","3780000"
"ITEM","ORD000043","P223","Man hinh Dell - Mau 223","2","12490000"
"ITEM","ORD000043","P939","May in Canon - Mau 939","2","1510000"
"HISTORY","ORD000043","PENDING","1789039800000"
"HISTORY","ORD000043","PROCESSING","1789043400000"
"ORDER","ORD000044","Bui Bao Tran","0994454997","44793000","1789040700000","3","PROCESSING"
"ITEM","ORD000044","P426","RAM Kingston - Mau 426","1","1692000"
"ITEM","ORD000044","P912","Router WiFi TP-Link - Mau 912","4","621000"
"ITEM","ORD000044","P851","Cap USB-C Ugreen - Mau 851","2","126000"
"ITEM","ORD000044","P587","Laptop Asus - Mau 587","2","15255000"
"ITEM","ORD000044","P997","Ban phim gaming Corsair - Mau 997","3","3285000"
"HISTORY","ORD000044","PENDING","1789040700000"
"HISTORY","ORD000044","PROCESSING","1789044300000"
"ORDER","ORD000045","Dang Tuan Kiet","0991670999","9630000","1789041600000","3","SHIPPING"
"ITEM","ORD000045","P600","Bo chia HDMI Ugreen - Mau 600","1","780000"
"ITEM","ORD000045","P254","Gia do laptop Baseus - Mau 254","3","330000"
"ITEM","ORD000045","P720","Bo chia HDMI Ugreen - Mau 720","3","450000"
"ITEM","ORD000045","P296","Chuot gaming Razer - Mau 296","3","2170000"
"HISTORY","ORD000045","PENDING","1789041600000"
"HISTORY","ORD000045","PROCESSING","1789045200000"
"HISTORY","ORD000045","SHIPPING","1789048800000"
"ORDER","ORD000046","Pham Huynh Khoa","0992941973","69780000","1789042500000","1","SHIPPING"
"ITEM","ORD000046","P116","Chuot gaming Razer - Mau 116","1","1060000"
"ITEM","ORD000046","P770","Sac du phong Anker - Mau 770","4","1660000"
"ITEM","ORD000046","P228","Webcam Logitech - Mau 228","3","2240000"
"ITEM","ORD000046","P503","Man hinh Dell - Mau 503","4","13840000"
"HISTORY","ORD000046","PENDING","1789042500000"
"HISTORY","ORD000046","PROCESSING","1789046100000"
"HISTORY","ORD000046","SHIPPING","1789049700000"
"ORDER","ORD000047","Vu Thanh Nam","0959207798","21450000","1789043400000","1","COMPLETED"
"ITEM","ORD000047","P080","Bo chia HDMI Ugreen - Mau 080","1","360000"
"ITEM","ORD000047","P380","Bo chia HDMI Ugreen - Mau 380","2","430000"
"ITEM","ORD000047","P384","Tai nghe Sony - Mau 384","2","5450000"
"ITEM","ORD000047","P788","Webcam Logitech - Mau 788","1","2010000"
"ITEM","ORD000047","P196","Chuot gaming Razer - Mau 196","3","2440000"
"HISTORY","ORD000047","PENDING","1789043400000"
"HISTORY","ORD000047","PROCESSING","1789047000000"
"HISTORY","ORD000047","SHIPPING","1789050600000"
"HISTORY","ORD000047","COMPLETED","1789054200000"
"ORDER","ORD000048","Vo Bao Tran","0946832699","43820000","1789044300000","1","COMPLETED"
"ITEM","ORD000048","P497","Ban phim gaming Corsair - Mau 497","4","590000"
"ITEM","ORD000048","P782","Ban phim Keychron - Mau 782","4","2360000"
"ITEM","ORD000048","P299","May in Canon - Mau 299","4","7750000"
"ITEM","ORD000048","P233","USB Sandisk - Mau 233","2","510000"
"HISTORY","ORD000048","PENDING","1789044300000"
"HISTORY","ORD000048","PROCESSING","1789047900000"
"HISTORY","ORD000048","SHIPPING","1789051500000"
"HISTORY","ORD000048","COMPLETED","1789055100000"
"ORDER","ORD000049","Vo Lan Chi","0940922741","26060000","1789045200000","1","CANCELLED"
"ITEM","ORD000049","P897","Ban phim gaming Corsair - Mau 897","2","4480000"
"ITEM","ORD000049","P834","Gia do laptop Baseus - Mau 834","2","610000"
"ITEM","ORD000049","P052","Router WiFi TP-Link - Mau 052","4","2900000"
"ITEM","ORD000049","P036","Chuot gaming Razer - Mau 036","2","2140000"
"HISTORY","ORD000049","PENDING","1789045200000"
"HISTORY","ORD000049","PROCESSING","1789048800000"
"HISTORY","ORD000049","CANCELLED","1789052400000"
"ORDER","ORD000050","Dang Quang Huy","0948245726","70280000","1789046100000","1","CANCELLED"
"ITEM","ORD000050","P784","Tai nghe Sony - Mau 784","4","5780000"
"ITEM","ORD000050","P127","Laptop Asus - Mau 127","2","21510000"
"ITEM","ORD000050","P932","Router WiFi TP-Link - Mau 932","1","3200000"
"ITEM","ORD000050","P594","Gia do laptop Baseus - Mau 594","2","470000"
"HISTORY","ORD000050","PENDING","1789046100000"
"HISTORY","ORD000050","CANCELLED","1789049700000"
"ORDER","ORD000051","Vo Minh An","0940267390","18930000","1789047000000","2","PENDING"
"ITEM","ORD000051","P868","Webcam Logitech - Mau 868","1","2330000"
"ITEM","ORD000051","P811","Cap USB-C Ugreen - Mau 811","2","440000"
"ITEM","ORD000051","P230","Sac du phong Anker - Mau 230","4","700000"
"ITEM","ORD000051","P998","Microphone HyperX - Mau 998","2","2380000"
"ITEM","ORD000051","P715","O cung HDD Seagate - Mau 715","3","2720000"
"HISTORY","ORD000051","PENDING","1789047000000"
"ORDER","ORD000052","Do Lan Chi","0963592823","1170000","1789047900000","2","PENDING"
"ITEM","ORD000052","P251","Cap USB-C Ugreen - Mau 251","3","390000"
"HISTORY","ORD000052","PENDING","1789047900000"
"ORDER","ORD000053","Le Quang Huy","0995917908","39310000","1789048800000","2","PROCESSING"
"ITEM","ORD000053","P213","USB Sandisk - Mau 213","3","460000"
"ITEM","ORD000053","P542","Ban phim Keychron - Mau 542","1","980000"
"ITEM","ORD000053","P148","Webcam Logitech - Mau 148","3","360000"
"ITEM","ORD000053","P048","Webcam Logitech - Mau 048","1","980000"
"ITEM","ORD000053","P927","Laptop Asus - Mau 927","1","34890000"
"HISTORY","ORD000053","PENDING","1789048800000"
"HISTORY","ORD000053","PROCESSING","1789052400000"
"ORDER","ORD000054","Bui Huynh Khoa","0968599016","1560000","1789049700000","2","PROCESSING"
"ITEM","ORD000054","P337","Ban phim gaming Corsair - Mau 337","1","1560000"
"HISTORY","ORD000054","PENDING","1789049700000"
"HISTORY","ORD000054","PROCESSING","1789053300000"
"ORDER","ORD000055","Tran Dinh Hai","0944301880","12519000","1789050600000","2","SHIPPING"
"ITEM","ORD000055","P425","SSD Samsung - Mau 425","4","1935000"
"ITEM","ORD000055","P120","Bo chia HDMI Ugreen - Mau 120","1","351000"
"ITEM","ORD000055","P353","USB Sandisk - Mau 353","2","288000"
"ITEM","ORD000055","P579","May in Canon - Mau 579","2","1926000"
"HISTORY","ORD000055","PENDING","1789050600000"
"HISTORY","ORD000055","PROCESSING","1789054200000"
"HISTORY","ORD000055","SHIPPING","1789057800000"
"ORDER","ORD000056","Le Ngoc Anh","0996236845","10850000","1789051500000","3","SHIPPING"
"ITEM","ORD000056","P848","Webcam Logitech - Mau 848","3","2030000"
"ITEM","ORD000056","P045","SSD Samsung - Mau 045","4","500000"
"ITEM","ORD000056","P965","SSD Samsung - Mau 965","2","1380000"
"HISTORY","ORD000056","PENDING","1789051500000"
"HISTORY","ORD000056","PROCESSING","1789055100000"
"HISTORY","ORD000056","SHIPPING","1789058700000"
"ORDER","ORD000057","Bui Huynh Khoa","0927142658","19290000","1789052400000","3","COMPLETED"
"ITEM","ORD000057","P956","Chuot gaming Razer - Mau 956","2","1270000"
"ITEM","ORD000057","P910","Sac du phong Anker - Mau 910","4","1580000"
"ITEM","ORD000057","P770","Sac du phong Anker - Mau 770","4","1660000"
"ITEM","ORD000057","P534","Gia do laptop Baseus - Mau 534","4","790000"
"ITEM","ORD000057","P330","Sac du phong Anker - Mau 330","1","630000"
"HISTORY","ORD000057","PENDING","1789052400000"
"HISTORY","ORD000057","PROCESSING","1789056000000"
"HISTORY","ORD000057","SHIPPING","1789059600000"
"HISTORY","ORD000057","COMPLETED","1789063200000"
"ORDER","ORD000058","Bui Dinh Hai","0972629917","5880000","1789053300000","3","COMPLETED"
"ITEM","ORD000058","P946","RAM Kingston - Mau 946","3","1960000"
"HISTORY","ORD000058","PENDING","1789053300000"
"HISTORY","ORD000058","PROCESSING","1789056900000"
"HISTORY","ORD000058","SHIPPING","1789060500000"
"HISTORY","ORD000058","COMPLETED","1789064100000"
"ORDER","ORD000059","Phan Thanh Nam","0944116028","51030000","1789054200000","3","CANCELLED"
"ITEM","ORD000059","P123","Man hinh Dell - Mau 123","1","14950000"
"ITEM","ORD000059","P799","May in Canon - Mau 799","4","6410000"
"ITEM","ORD000059","P744","Tai nghe Sony - Mau 744","2","4440000"
"ITEM","ORD000059","P942","Ban phim Keychron - Mau 942","2","780000"
"HISTORY","ORD000059","PENDING","1789054200000"
"HISTORY","ORD000059","PROCESSING","1789057800000"
"HISTORY","ORD000059","CANCELLED","1789061400000"
"ORDER","ORD000060","Vu Lan Chi","0913139603","4850000","1789055100000","3","CANCELLED"
"ITEM","ORD000060","P226","RAM Kingston - Mau 226","4","1070000"
"ITEM","ORD000060","P133","USB Sandisk - Mau 133","1","570000"
"HISTORY","ORD000060","PENDING","1789055100000"
"HISTORY","ORD000060","CANCELLED","1789058700000"
"ORDER","ORD000061","Huynh Dinh Hai","0995617368","37120000","1789056000000","1","PENDING"
"ITEM","ORD000061","P902","Ban phim Keychron - Mau 902","4","2630000"
"ITEM","ORD000061","P038","Microphone HyperX - Mau 038","4","1420000"
"ITEM","ORD000061","P824","Tai nghe Sony - Mau 824","3","5060000"
"ITEM","ORD000061","P845","SSD Samsung - Mau 845","2","2870000"
"HISTORY","ORD000061","PENDING","1789056000000"
"ORDER","ORD000062","Vu Minh An","0997416111","30040000","1789056900000","1","PENDING"
"ITEM","ORD000062","P457","Ban phim gaming Corsair - Mau 457","4","2370000"
"ITEM","ORD000062","P474","Gia do laptop Baseus - Mau 474","2","640000"
"ITEM","ORD000062","P187","Laptop Asus - Mau 187","1","18790000"
"ITEM","ORD000062","P060","Bo chia HDMI Ugreen - Mau 060","1","490000"
"HISTORY","ORD000062","PENDING","1789056900000"
"ORDER","ORD000063","Vu Thanh Nam","0958323860","13720000","1789057800000","1","PROCESSING"
"ITEM","ORD000063","P157","Ban phim gaming Corsair - Mau 157","2","1240000"
"ITEM","ORD000063","P486","RAM Kingston - Mau 486","2","370000"
"ITEM","ORD000063","P116","Chuot gaming Razer - Mau 116","1","1060000"
"ITEM","ORD000063","P794","Gia do laptop Baseus - Mau 794","2","640000"
"ITEM","ORD000063","P823","Man hinh Dell - Mau 823","4","2040000"
"HISTORY","ORD000063","PENDING","1789057800000"
"HISTORY","ORD000063","PROCESSING","1789061400000"
"ORDER","ORD000064","Vo Minh Duc","0967183487","23500000","1789058700000","1","PROCESSING"
"ITEM","ORD000064","P383","Man hinh Dell - Mau 383","2","8900000"
"ITEM","ORD000064","P390","Sac du phong Anker - Mau 390","3","1900000"
"HISTORY","ORD000064","PENDING","1789058700000"
"HISTORY","ORD000064","PROCESSING","1789062300000"
"ORDER","ORD000065","Bui Tuan Kiet","0929028685","3280000","1789059600000","1","SHIPPING"
"ITEM","ORD000065","P656","Chuot gaming Razer - Mau 656","2","1640000"
"HISTORY","ORD000065","PENDING","1789059600000"
"HISTORY","ORD000065","PROCESSING","1789063200000"
"HISTORY","ORD000065","SHIPPING","1789066800000"
"ORDER","ORD000066","Huynh Dang Khoa","0979089449","1728000","1789060500000","2","SHIPPING"
"ITEM","ORD000066","P162","Ban phim Keychron - Mau 162","1","459000"
"ITEM","ORD000066","P478","Microphone HyperX - Mau 478","3","423000"
"HISTORY","ORD000066","PENDING","1789060500000"
"HISTORY","ORD000066","PROCESSING","1789064100000"
"HISTORY","ORD000066","SHIPPING","1789067700000"
"ORDER","ORD000067","Nguyen Minh An","0935471802","2480000","1789061400000","2","COMPLETED"
"ITEM","ORD000067","P740","Bo chia HDMI Ugreen - Mau 740","4","260000"
"ITEM","ORD000067","P294","Gia do laptop Baseus - Mau 294","4","360000"
"HISTORY","ORD000067","PENDING","1789061400000"
"HISTORY","ORD000067","PROCESSING","1789065000000"
"HISTORY","ORD000067","SHIPPING","1789068600000"
"HISTORY","ORD000067","COMPLETED","1789072200000"
"ORDER","ORD000068","Huynh Tuan Kiet","0967376888","26260000","1789062300000","2","COMPLETED"
"ITEM","ORD000068","P465","SSD Samsung - Mau 465","4","4210000"
"ITEM","ORD000068","P469","Loa Bluetooth JBL - Mau 469","1","1800000"
"ITEM","ORD000068","P392","Router WiFi TP-Link - Mau 392","4","1440000"
"ITEM","ORD000068","P333","USB Sandisk - Mau 333","3","620000"
"HISTORY","ORD000068","PENDING","1789062300000"
"HISTORY","ORD000068","PROCESSING","1789065900000"
"HISTORY","ORD000068","SHIPPING","1789069500000"
"HISTORY","ORD000068","COMPLETED","1789073100000"
"ORDER","ORD000069","Hoang Thanh Nam","0993556942","80590000","1789063200000","2","CANCELLED"
"ITEM","ORD000069","P607","Laptop Asus - Mau 607","4","19160000"
"ITEM","ORD000069","P709","Loa Bluetooth JBL - Mau 709","1","3950000"
"HISTORY","ORD000069","PENDING","1789063200000"
"HISTORY","ORD000069","PROCESSING","1789066800000"
"HISTORY","ORD000069","CANCELLED","1789070400000"
"ORDER","ORD000070","Vo Thanh Nam","0939192686","21280000","1789064100000","2","CANCELLED"
"ITEM","ORD000070","P792","Router WiFi TP-Link - Mau 792","4","1160000"
"ITEM","ORD000070","P025","SSD Samsung - Mau 025","4","4160000"
"HISTORY","ORD000070","PENDING","1789064100000"
"HISTORY","ORD000070","CANCELLED","1789067700000"
"ORDER","ORD000071","Vu Thanh Nam","0916853421","10120000","1789065000000","3","PENDING"
"ITEM","ORD000071","P356","Chuot gaming Razer - Mau 356","4","2210000"
"ITEM","ORD000071","P711","Cap USB-C Ugreen - Mau 711","4","320000"
"HISTORY","ORD000071","PENDING","1789065000000"
"ORDER","ORD000072","Nguyen Ngoc Anh","0963238808","3780000","1789065900000","3","PENDING"
"ITEM","ORD000072","P150","Sac du phong Anker - Mau 150","2","1890000"
"HISTORY","ORD000072","PENDING","1789065900000"
"ORDER","ORD000073","Do Ngoc Anh","0970637374","18780000","1789066800000","3","PROCESSING"
"ITEM","ORD000073","P007","Laptop Asus - Mau 007","1","14700000"
"ITEM","ORD000073","P991","Cap USB-C Ugreen - Mau 991","4","190000"
"ITEM","ORD000073","P014","Gia do laptop Baseus - Mau 014","3","340000"
"ITEM","ORD000073","P905","SSD Samsung - Mau 905","2","1150000"
"HISTORY","ORD000073","PENDING","1789066800000"
"HISTORY","ORD000073","PROCESSING","1789070400000"
"ORDER","ORD000074","Do Ngoc Anh","0935109892","14150000","1789067700000","3","PROCESSING"
"ITEM","ORD000074","P715","O cung HDD Seagate - Mau 715","2","2720000"
"ITEM","ORD000074","P685","SSD Samsung - Mau 685","2","3500000"
"ITEM","ORD000074","P133","USB Sandisk - Mau 133","3","570000"
"HISTORY","ORD000074","PENDING","1789067700000"
"HISTORY","ORD000074","PROCESSING","1789071300000"
"ORDER","ORD000075","Le Ngoc Anh","0919784141","6060000","1789068600000","3","SHIPPING"
"ITEM","ORD000075","P193","USB Sandisk - Mau 193","1","170000"
"ITEM","ORD000075","P248","Webcam Logitech - Mau 248","1","1070000"
"ITEM","ORD000075","P096","Chuot gaming Razer - Mau 096","2","2410000"
"HISTORY","ORD000075","PENDING","1789068600000"
"HISTORY","ORD000075","PROCESSING","1789072200000"
"HISTORY","ORD000075","SHIPPING","1789075800000"
"ORDER","ORD000076","Dang Lan Chi","0963614243","17970000","1789069500000","1","SHIPPING"
"ITEM","ORD000076","P595","O cung HDD Seagate - Mau 595","3","2530000"
"ITEM","ORD000076","P357","Ban phim gaming Corsair - Mau 357","3","690000"
"ITEM","ORD000076","P015","O cung HDD Seagate - Mau 015","2","2310000"
"ITEM","ORD000076","P319","May in Canon - Mau 319","1","3690000"
"HISTORY","ORD000076","PENDING","1789069500000"
"HISTORY","ORD000076","PROCESSING","1789073100000"
"HISTORY","ORD000076","SHIPPING","1789076700000"
"ORDER","ORD000077","Hoang Thanh Nam","0987214912","45225000","1789070400000","1","COMPLETED"
"ITEM","ORD000077","P894","Gia do laptop Baseus - Mau 894","3","225000"
"ITEM","ORD000077","P227","Laptop Asus - Mau 227","2","18837000"
"ITEM","ORD000077","P672","Router WiFi TP-Link - Mau 672","4","1719000"
"HISTORY","ORD000077","PENDING","1789070400000"
"HISTORY","ORD000077","PROCESSING","1789074000000"
"HISTORY","ORD000077","SHIPPING","1789077600000"
"HISTORY","ORD000077","COMPLETED","1789081200000"
"ORDER","ORD000078","Huynh Quang Huy","0915481728","3630000","1789071300000","1","COMPLETED"
"ITEM","ORD000078","P386","RAM Kingston - Mau 386","3","1210000"
"HISTORY","ORD000078","PENDING","1789071300000"
"HISTORY","ORD000078","PROCESSING","1789074900000"
"HISTORY","ORD000078","SHIPPING","1789078500000"
"HISTORY","ORD000078","COMPLETED","1789082100000"
"ORDER","ORD000079","Vu Tuan Kiet","0927478888","12360000","1789072200000","1","CANCELLED"
"ITEM","ORD000079","P202","Ban phim Keychron - Mau 202","4","3090000"
"HISTORY","ORD000079","PENDING","1789072200000"
"HISTORY","ORD000079","PROCESSING","1789075800000"
"HISTORY","ORD000079","CANCELLED","1789079400000"
"ORDER","ORD000080","Huynh Tuan Kiet","0997918526","18100000","1789073100000","1","CANCELLED"
"ITEM","ORD000080","P510","Sac du phong Anker - Mau 510","4","1930000"
"ITEM","ORD000080","P437","Ban phim gaming Corsair - Mau 437","4","1350000"
"ITEM","ORD000080","P452","Router WiFi TP-Link - Mau 452","3","1660000"
"HISTORY","ORD000080","PENDING","1789073100000"
"HISTORY","ORD000080","CANCELLED","1789076700000"
"ORDER","ORD000081","Nguyen Minh Duc","0953035017","5080000","1789074000000","2","PENDING"
"ITEM","ORD000081","P224","Tai nghe Sony - Mau 224","2","2540000"
"HISTORY","ORD000081","PENDING","1789074000000"
"ORDER","ORD000082","Do Tuan Kiet","0966475483","4910000","1789074900000","2","PENDING"
"ITEM","ORD000082","P948","Webcam Logitech - Mau 948","2","1870000"
"ITEM","ORD000082","P251","Cap USB-C Ugreen - Mau 251","3","390000"
"HISTORY","ORD000082","PENDING","1789074900000"
"ORDER","ORD000083","Tran Bao Tran","0954490671","3240000","1789075800000","2","PROCESSING"
"ITEM","ORD000083","P540","Bo chia HDMI Ugreen - Mau 540","4","810000"
"HISTORY","ORD000083","PENDING","1789075800000"
"HISTORY","ORD000083","PROCESSING","1789079400000"
"ORDER","ORD000084","Vu Dinh Hai","0916769814","6470000","1789076700000","2","PROCESSING"
"ITEM","ORD000084","P837","Ban phim gaming Corsair - Mau 837","2","2150000"
"ITEM","ORD000084","P296","Chuot gaming Razer - Mau 296","1","2170000"
"HISTORY","ORD000084","PENDING","1789076700000"
"HISTORY","ORD000084","PROCESSING","1789080300000"
"ORDER","ORD000085","Vu Thanh Nam","0963525444","18620000","1789077600000","2","SHIPPING"
"ITEM","ORD000085","P614","Gia do laptop Baseus - Mau 614","4","380000"
"ITEM","ORD000085","P350","Sac du phong Anker - Mau 350","2","1410000"
"ITEM","ORD000085","P369","Loa Bluetooth JBL - Mau 369","4","410000"
"ITEM","ORD000085","P102","Ban phim Keychron - Mau 102","3","2680000"
"ITEM","ORD000085","P496","Chuot gaming Razer - Mau 496","4","1150000"
"HISTORY","ORD000085","PENDING","1789077600000"
"HISTORY","ORD000085","PROCESSING","1789081200000"
"HISTORY","ORD000085","SHIPPING","1789084800000"
"ORDER","ORD000086","Bui Thanh Nam","0983122940","7710000","1789078500000","3","SHIPPING"
"ITEM","ORD000086","P680","Bo chia HDMI Ugreen - Mau 680","3","610000"
"ITEM","ORD000086","P915","O cung HDD Seagate - Mau 915","3","1960000"
"HISTORY","ORD000086","PENDING","1789078500000"
"HISTORY","ORD000086","PROCESSING","1789082100000"
"HISTORY","ORD000086","SHIPPING","1789085700000"
"ORDER","ORD000087","Vu Minh An","0998102956","7340000","1789079400000","3","COMPLETED"
"ITEM","ORD000087","P118","Microphone HyperX - Mau 118","2","3670000"
"HISTORY","ORD000087","PENDING","1789079400000"
"HISTORY","ORD000087","PROCESSING","1789083000000"
"HISTORY","ORD000087","SHIPPING","1789086600000"
"HISTORY","ORD000087","COMPLETED","1789090200000"
"ORDER","ORD000088","Le Dang Khoa","0928656930","10836000","1789080300000","3","COMPLETED"
"ITEM","ORD000088","P855","O cung HDD Seagate - Mau 855","1","1521000"
"ITEM","ORD000088","P124","Tai nghe Sony - Mau 124","3","3105000"
"HISTORY","ORD000088","PENDING","1789080300000"
"HISTORY","ORD000088","PROCESSING","1789083900000"
"HISTORY","ORD000088","SHIPPING","1789087500000"
"HISTORY","ORD000088","COMPLETED","1789091100000"
"ORDER","ORD000089","Vu Lan Chi","0977951038","23740000","1789081200000","3","CANCELLED"
"ITEM","ORD000089","P446","RAM Kingston - Mau 446","4","840000"
"ITEM","ORD000089","P955","O cung HDD Seagate - Mau 955","1","2460000"
"ITEM","ORD000089","P897","Ban phim gaming Corsair - Mau 897","4","4480000"
"HISTORY","ORD000089","PENDING","1789081200000"
"HISTORY","ORD000089","PROCESSING","1789084800000"
"HISTORY","ORD000089","CANCELLED","1789088400000"
"ORDER","ORD000090","Vo Ngoc Anh","0988815023","7240000","1789082100000","3","CANCELLED"
"ITEM","ORD000090","P345","SSD Samsung - Mau 345","1","3620000"
"ITEM","ORD000090","P316","Chuot gaming Razer - Mau 316","1","360000"
"ITEM","ORD000090","P462","Ban phim Keychron - Mau 462","2","1630000"
"HISTORY","ORD000090","PENDING","1789082100000"
"HISTORY","ORD000090","CANCELLED","1789085700000"
"ORDER","ORD000091","Vu Ngoc Anh","0941436571","8560000","1789083000000","1","PENDING"
"ITEM","ORD000091","P579","May in Canon - Mau 579","4","2140000"
"HISTORY","ORD000091","PENDING","1789083000000"
"ORDER","ORD000092","Pham Ngoc Anh","0928284197","8200000","1789083900000","1","PENDING"
"ITEM","ORD000092","P242","Ban phim Keychron - Mau 242","4","1620000"
"ITEM","ORD000092","P660","Bo chia HDMI Ugreen - Mau 660","4","430000"
"HISTORY","ORD000092","PENDING","1789083900000"
"ORDER","ORD000093","Le Thu Ha","0944932416","65760000","1789084800000","1","PROCESSING"
"ITEM","ORD000093","P419","May in Canon - Mau 419","4","7040000"
"ITEM","ORD000093","P186","RAM Kingston - Mau 186","1","2630000"
"ITEM","ORD000093","P327","Laptop Asus - Mau 327","1","25570000"
"ITEM","ORD000093","P414","Gia do laptop Baseus - Mau 414","4","470000"
"ITEM","ORD000093","P455","O cung HDD Seagate - Mau 455","4","1880000"
"HISTORY","ORD000093","PENDING","1789084800000"
"HISTORY","ORD000093","PROCESSING","1789088400000"
"ORDER","ORD000094","Nguyen Bao Tran","0955336857","8930000","1789085700000","1","PROCESSING"
"ITEM","ORD000094","P170","Sac du phong Anker - Mau 170","1","770000"
"ITEM","ORD000094","P056","Chuot gaming Razer - Mau 056","4","1570000"
"ITEM","ORD000094","P914","Gia do laptop Baseus - Mau 914","3","570000"
"ITEM","ORD000094","P193","USB Sandisk - Mau 193","1","170000"
"HISTORY","ORD000094","PENDING","1789085700000"
"HISTORY","ORD000094","PROCESSING","1789089300000"
"ORDER","ORD000095","Tran Minh An","0982897277","780000","1789086600000","1","SHIPPING"
"ITEM","ORD000095","P740","Bo chia HDMI Ugreen - Mau 740","3","260000"
"HISTORY","ORD000095","PENDING","1789086600000"
"HISTORY","ORD000095","PROCESSING","1789090200000"
"HISTORY","ORD000095","SHIPPING","1789093800000"
"ORDER","ORD000096","Le Huynh Khoa","0936420723","22560000","1789087500000","2","SHIPPING"
"ITEM","ORD000096","P778","Microphone HyperX - Mau 778","3","1860000"
"ITEM","ORD000096","P217","Ban phim gaming Corsair - Mau 217","1","2580000"
"ITEM","ORD000096","P424","Tai nghe Sony - Mau 424","2","5130000"
"ITEM","ORD000096","P977","Ban phim gaming Corsair - Mau 977","1","4140000"
"HISTORY","ORD000096","PENDING","1789087500000"
"HISTORY","ORD000096","PROCESSING","1789091100000"
"HISTORY","ORD000096","SHIPPING","1789094700000"
"ORDER","ORD000097","Phan Dinh Hai","0947796994","2400000","1789088400000","2","COMPLETED"
"ITEM","ORD000097","P082","Ban phim Keychron - Mau 082","2","1200000"
"HISTORY","ORD000097","PENDING","1789088400000"
"HISTORY","ORD000097","PROCESSING","1789092000000"
"HISTORY","ORD000097","SHIPPING","1789095600000"
"HISTORY","ORD000097","COMPLETED","1789099200000"
"ORDER","ORD000098","Huynh Quang Huy","0938877590","13380000","1789089300000","2","COMPLETED"
"ITEM","ORD000098","P533","USB Sandisk - Mau 533","4","80000"
"ITEM","ORD000098","P444","Tai nghe Sony - Mau 444","2","6530000"
"HISTORY","ORD000098","PENDING","1789089300000"
"HISTORY","ORD000098","PROCESSING","1789092900000"
"HISTORY","ORD000098","SHIPPING","1789096500000"
"HISTORY","ORD000098","COMPLETED","1789100100000"
"ORDER","ORD000099","Vo Dinh Hai","0934533537","7488000","1789090200000","2","CANCELLED"
"ITEM","ORD000099","P909","Loa Bluetooth JBL - Mau 909","4","1485000"
"ITEM","ORD000099","P640","Bo chia HDMI Ugreen - Mau 640","2","774000"
"HISTORY","ORD000099","PENDING","1789090200000"
"HISTORY","ORD000099","PROCESSING","1789093800000"
"HISTORY","ORD000099","CANCELLED","1789097400000"
"ORDER","ORD000100","Phan Minh An","0965212715","22150000","1789091100000","2","CANCELLED"
"ITEM","ORD000100","P839","May in Canon - Mau 839","1","6480000"
"ITEM","ORD000100","P422","Ban phim Keychron - Mau 422","4","2050000"
"ITEM","ORD000100","P906","RAM Kingston - Mau 906","3","2490000"
"HISTORY","ORD000100","PENDING","1789091100000"
"HISTORY","ORD000100","CANCELLED","1789094700000"
"ORDER","ORD000101","Do Ngoc Anh","0985380775","2520000","1789092000000","3","PENDING"
"ITEM","ORD000101","P330","Sac du phong Anker - Mau 330","4","630000"
"HISTORY","ORD000101","PENDING","1789092000000"
"ORDER","ORD000102","Nguyen Dinh Hai","0943327862","3870000","1789092900000","3","PENDING"
"ITEM","ORD000102","P893","USB Sandisk - Mau 893","2","210000"
"ITEM","ORD000102","P485","SSD Samsung - Mau 485","1","3450000"
"HISTORY","ORD000102","PENDING","1789092900000"
"ORDER","ORD000103","Bui Minh An","0961072962","31930000","1789093800000","3","PROCESSING"
"ITEM","ORD000103","P805","SSD Samsung - Mau 805","2","1560000"
"ITEM","ORD000103","P964","Tai nghe Sony - Mau 964","2","4070000"
"ITEM","ORD000103","P824","Tai nghe Sony - Mau 824","3","5060000"
"ITEM","ORD000103","P673","USB Sandisk - Mau 673","3","110000"
"ITEM","ORD000103","P432","Router WiFi TP-Link - Mau 432","2","2580000"
"HISTORY","ORD000103","PENDING","1789093800000"
"HISTORY","ORD000103","PROCESSING","1789097400000"
"ORDER","ORD000104","Tran Dinh Hai","0976109027","44910000","1789094700000","3","PROCESSING"
"ITEM","ORD000104","P117","Ban phim gaming Corsair - Mau 117","1","3760000"
"ITEM","ORD000104","P144","Tai nghe Sony - Mau 144","1","2030000"
"ITEM","ORD000104","P509","Loa Bluetooth JBL - Mau 509","4","1380000"
"ITEM","ORD000104","P076","Chuot gaming Razer - Mau 076","4","700000"
"ITEM","ORD000104","P183","Man hinh Dell - Mau 183","4","7700000"
"HISTORY","ORD000104","PENDING","1789094700000"
"HISTORY","ORD000104","PROCESSING","1789098300000"
"ORDER","ORD000105","Bui Bao Tran","0970824419","19610000","1789095600000","3","SHIPPING"
"ITEM","ORD000105","P026","RAM Kingston - Mau 026","3","1620000"
"ITEM","ORD000105","P405","SSD Samsung - Mau 405","3","3090000"
"ITEM","ORD000105","P600","Bo chia HDMI Ugreen - Mau 600","4","780000"
"ITEM","ORD000105","P208","Webcam Logitech - Mau 208","4","590000"
"HISTORY","ORD000105","PENDING","1789095600000"
"HISTORY","ORD000105","PROCESSING","1789099200000"
"HISTORY","ORD000105","SHIPPING","1789102800000"
"ORDER","ORD000106","Huynh Minh An","0996856846","20240000","1789096500000","1","SHIPPING"
"ITEM","ORD000106","P824","Tai nghe Sony - Mau 824","4","5060000"
"HISTORY","ORD000106","PENDING","1789096500000"
"HISTORY","ORD000106","PROCESSING","1789100100000"
"HISTORY","ORD000106","SHIPPING","1789103700000"
"ORDER","ORD000107","Do Tuan Kiet","0941861348","4250000","1789097400000","1","COMPLETED"
"ITEM","ORD000107","P135","O cung HDD Seagate - Mau 135","2","1900000"
"ITEM","ORD000107","P720","Bo chia HDMI Ugreen - Mau 720","1","450000"
"HISTORY","ORD000107","PENDING","1789097400000"
"HISTORY","ORD000107","PROCESSING","1789101000000"
"HISTORY","ORD000107","SHIPPING","1789104600000"
"HISTORY","ORD000107","COMPLETED","1789108200000"
"ORDER","ORD000108","Bui Lan Chi","0974571404","3210000","1789098300000","1","COMPLETED"
"ITEM","ORD000108","P090","Sac du phong Anker - Mau 090","3","1070000"
"HISTORY","ORD000108","PENDING","1789098300000"
"HISTORY","ORD000108","PROCESSING","1789101900000"
"HISTORY","ORD000108","SHIPPING","1789105500000"
"HISTORY","ORD000108","COMPLETED","1789109100000"
"ORDER","ORD000109","Huynh Bao Tran","0932377080","11770000","1789099200000","1","CANCELLED"
"ITEM","ORD000109","P474","Gia do laptop Baseus - Mau 474","3","640000"
"ITEM","ORD000109","P590","Sac du phong Anker - Mau 590","1","290000"
"ITEM","ORD000109","P883","Man hinh Dell - Mau 883","3","2800000"
"ITEM","ORD000109","P686","RAM Kingston - Mau 686","1","1160000"
"HISTORY","ORD000109","PENDING","1789099200000"
"HISTORY","ORD000109","PROCESSING","1789102800000"
"HISTORY","ORD000109","CANCELLED","1789106400000"
"ORDER","ORD000110","Le Dinh Hai","0934828917","15642000","1789100100000","1","CANCELLED"
"ITEM","ORD000110","P223","Man hinh Dell - Mau 223","1","11241000"
"ITEM","ORD000110","P008","Webcam Logitech - Mau 008","3","1467000"
"HISTORY","ORD000110","PENDING","1789100100000"
"HISTORY","ORD000110","CANCELLED","1789103700000"
"ORDER","ORD000111","Huynh Ngoc Anh","0979096591","25300000","1789101000000","2","PENDING"
"ITEM","ORD000111","P887","Laptop Asus - Mau 887","1","14650000"
"ITEM","ORD000111","P578","Microphone HyperX - Mau 578","3","3100000"
"ITEM","ORD000111","P181","Chuot khong day Logitech - Mau 181","3","450000"
"HISTORY","ORD000111","PENDING","1789101000000"
"ORDER","ORD000112","Bui Quang Huy","0924267076","41660000","1789101900000","2","PENDING"
"ITEM","ORD000112","P449","Loa Bluetooth JBL - Mau 449","4","5730000"
"ITEM","ORD000112","P111","Cap USB-C Ugreen - Mau 111","2","240000"
"ITEM","ORD000112","P355","O cung HDD Seagate - Mau 355","4","1770000"
"ITEM","ORD000112","P104","Tai nghe Sony - Mau 104","4","1670000"
"ITEM","ORD000112","P346","RAM Kingston - Mau 346","3","1500000"
"HISTORY","ORD000112","PENDING","1789101900000"
"ORDER","ORD000113","Vu Minh Duc","0936517711","15880000","1789102800000","2","PROCESSING"
"ITEM","ORD000113","P139","May in Canon - Mau 139","4","3970000"
"HISTORY","ORD000113","PENDING","1789102800000"
"HISTORY","ORD000113","PROCESSING","1789106400000"
"ORDER","ORD000114","Do Bao Tran","0977942192","9420000","1789103700000","2","PROCESSING"
"ITEM","ORD000114","P420","Bo chia HDMI Ugreen - Mau 420","1","740000"
"ITEM","ORD000114","P676","Chuot gaming Razer - Mau 676","2","890000"
"ITEM","ORD000114","P639","May in Canon - Mau 639","3","2300000"
"HISTORY","ORD000114","PENDING","1789103700000"
"HISTORY","ORD000114","PROCESSING","1789107300000"
"ORDER","ORD000115","Nguyen Lan Chi","0980787632","13660000","1789104600000","2","SHIPPING"
"ITEM","ORD000115","P999","May in Canon - Mau 999","1","6750000"
"ITEM","ORD000115","P082","Ban phim Keychron - Mau 082","2","1200000"
"ITEM","ORD000115","P981","Chuot khong day Logitech - Mau 981","1","140000"
"ITEM","ORD000115","P408","Webcam Logitech - Mau 408","4","710000"
"ITEM","ORD000115","P550","Sac du phong Anker - Mau 550","1","1530000"
"HISTORY","ORD000115","PENDING","1789104600000"
"HISTORY","ORD000115","PROCESSING","1789108200000"
"HISTORY","ORD000115","SHIPPING","1789111800000"
"ORDER","ORD000116","Nguyen Minh An","0972365614","13470000","1789105500000","3","SHIPPING"
"ITEM","ORD000116","P285","SSD Samsung - Mau 285","3","4490000"
"HISTORY","ORD000116","PENDING","1789105500000"
"HISTORY","ORD000116","PROCESSING","1789109100000"
"HISTORY","ORD000116","SHIPPING","1789112700000"
"ORDER","ORD000117","Vu Tuan Kiet","0976173719","23920000","1789106400000","3","COMPLETED"
"ITEM","ORD000117","P809","Loa Bluetooth JBL - Mau 809","2","3490000"
"ITEM","ORD000117","P138","Microphone HyperX - Mau 138","4","910000"
"ITEM","ORD000117","P545","SSD Samsung - Mau 545","3","1800000"
"ITEM","ORD000117","P739","May in Canon - Mau 739","2","3950000"
"HISTORY","ORD000117","PENDING","1789106400000"
"HISTORY","ORD000117","PROCESSING","1789110000000"
"HISTORY","ORD000117","SHIPPING","1789113600000"
"HISTORY","ORD000117","COMPLETED","1789117200000"
"ORDER","ORD000118","Tran Tuan Kiet","0918648225","2120000","1789107300000","3","COMPLETED"
"ITEM","ORD000118","P700","Bo chia HDMI Ugreen - Mau 700","4","530000"
"HISTORY","ORD000118","PENDING","1789107300000"
"HISTORY","ORD000118","PROCESSING","1789110900000"
"HISTORY","ORD000118","SHIPPING","1789114500000"
"HISTORY","ORD000118","COMPLETED","1789118100000"
"ORDER","ORD000119","Phan Bao Tran","0969454772","4320000","1789108200000","3","CANCELLED"
"ITEM","ORD000119","P392","Router WiFi TP-Link - Mau 392","3","1440000"
"HISTORY","ORD000119","PENDING","1789108200000"
"HISTORY","ORD000119","PROCESSING","1789111800000"
"HISTORY","ORD000119","CANCELLED","1789115400000"
"ORDER","ORD000120","Hoang Thanh Nam","0945393705","1690000","1789109100000","3","CANCELLED"
"ITEM","ORD000120","P113","USB Sandisk - Mau 113","3","400000"
"ITEM","ORD000120","P211","Cap USB-C Ugreen - Mau 211","1","170000"
"ITEM","ORD000120","P340","Bo chia HDMI Ugreen - Mau 340","1","320000"
"HISTORY","ORD000120","PENDING","1789109100000"
"HISTORY","ORD000120","CANCELLED","1789112700000"
"ORDER","ORD000121","Dang Dinh Hai","0941505470","19404000","1789110000000","1","PENDING"
"ITEM","ORD000121","P062","Ban phim Keychron - Mau 062","4","3051000"
"ITEM","ORD000121","P122","Ban phim Keychron - Mau 122","1","702000"
"ITEM","ORD000121","P393","USB Sandisk - Mau 393","4","81000"
"ITEM","ORD000121","P712","Router WiFi TP-Link - Mau 712","2","801000"
"ITEM","ORD000121","P598","Microphone HyperX - Mau 598","2","2286000"
"HISTORY","ORD000121","PENDING","1789110000000"
"ORDER","ORD000122","Dang Dinh Hai","0923180286","9900000","1789110900000","1","PENDING"
"ITEM","ORD000122","P207","Laptop Asus - Mau 207","1","9900000"
"HISTORY","ORD000122","PENDING","1789110900000"
"ORDER","ORD000123","Phan Quang Huy","0978687583","18030000","1789111800000","1","PROCESSING"
"ITEM","ORD000123","P079","May in Canon - Mau 079","3","2810000"
"ITEM","ORD000123","P545","SSD Samsung - Mau 545","3","1800000"
"ITEM","ORD000123","P244","Tai nghe Sony - Mau 244","1","4200000"
"HISTORY","ORD000123","PENDING","1789111800000"
"HISTORY","ORD000123","PROCESSING","1789115400000"
"ORDER","ORD000124","Phan Quang Huy","0921282631","5820000","1789112700000","1","PROCESSING"
"ITEM","ORD000124","P728","Webcam Logitech - Mau 728","3","1940000"
"HISTORY","ORD000124","PENDING","1789112700000"
"HISTORY","ORD000124","PROCESSING","1789116300000"
"ORDER","ORD000125","Tran Tuan Kiet","0944790451","11790000","1789113600000","1","SHIPPING"
"ITEM","ORD000125","P215","O cung HDD Seagate - Mau 215","3","1950000"
"ITEM","ORD000125","P575","O cung HDD Seagate - Mau 575","1","2010000"
"ITEM","ORD000125","P954","Gia do laptop Baseus - Mau 954","1","370000"
"ITEM","ORD000125","P520","Bo chia HDMI Ugreen - Mau 520","1","800000"
"ITEM","ORD000125","P912","Router WiFi TP-Link - Mau 912","4","690000"
"HISTORY","ORD000125","PENDING","1789113600000"
"HISTORY","ORD000125","PROCESSING","1789117200000"
"HISTORY","ORD000125","SHIPPING","1789120800000"
"ORDER","ORD000126","Tran Tuan Kiet","0945052233","2800000","1789114500000","2","SHIPPING"
"ITEM","ORD000126","P200","Bo chia HDMI Ugreen - Mau 200","4","700000"
"HISTORY","ORD000126","PENDING","1789114500000"
"HISTORY","ORD000126","PROCESSING","1789118100000"
"HISTORY","ORD000126","SHIPPING","1789121700000"
"ORDER","ORD000127","Vu Bao Tran","0922394260","46430000","1789115400000","2","COMPLETED"
"ITEM","ORD000127","P808","Webcam Logitech - Mau 808","1","2250000"
"ITEM","ORD000127","P549","Loa Bluetooth JBL - Mau 549","1","3060000"
"ITEM","ORD000127","P619","May in Canon - Mau 619","3","5680000"
"ITEM","ORD000127","P804","Tai nghe Sony - Mau 804","4","6020000"
"HISTORY","ORD000127","PENDING","1789115400000"
"HISTORY","ORD000127","PROCESSING","1789119000000"
"HISTORY","ORD000127","SHIPPING","1789122600000"
"HISTORY","ORD000127","COMPLETED","1789126200000"
"ORDER","ORD000128","Pham Minh An","0995918086","8190000","1789116300000","2","COMPLETED"
"ITEM","ORD000128","P201","Chuot khong day Logitech - Mau 201","2","760000"
"ITEM","ORD000128","P864","Tai nghe Sony - Mau 864","3","460000"
"ITEM","ORD000128","P056","Chuot gaming Razer - Mau 056","2","1570000"
"ITEM","ORD000128","P425","SSD Samsung - Mau 425","1","2150000"
"HISTORY","ORD000128","PENDING","1789116300000"
"HISTORY","ORD000128","PROCESSING","1789119900000"
"HISTORY","ORD000128","SHIPPING","1789123500000"
"HISTORY","ORD000128","COMPLETED","1789127100000"
"ORDER","ORD000129","Bui Minh Duc","0977914138","2610000","1789117200000","2","CANCELLED"
"ITEM","ORD000129","P075","O cung HDD Seagate - Mau 075","1","2610000"
"HISTORY","ORD000129","PENDING","1789117200000"
"HISTORY","ORD000129","PROCESSING","1789120800000"
"HISTORY","ORD000129","CANCELLED","1789124400000"
"ORDER","ORD000130","Vu Thanh Nam","0993932386","8920000","1789118100000","2","CANCELLED"
"ITEM","ORD000130","P501","Chuot khong day Logitech - Mau 501","4","850000"
"ITEM","ORD000130","P557","Ban phim gaming Corsair - Mau 557","2","2760000"
"HISTORY","ORD000130","PENDING","1789118100000"
"HISTORY","ORD000130","CANCELLED","1789121700000"
"ORDER","ORD000131","Nguyen Huynh Khoa","0996480351","6020000","1789119000000","3","PENDING"
"ITEM","ORD000131","P314","Gia do laptop Baseus - Mau 314","2","710000"
"ITEM","ORD000131","P209","Loa Bluetooth JBL - Mau 209","4","1150000"
"HISTORY","ORD000131","PENDING","1789119000000"
"ORDER","ORD000132","Huynh Thanh Nam","0965253941","142398000","1789119900000","3","PENDING"
"ITEM","ORD000132","P365","SSD Samsung - Mau 365","4","3006000"
"ITEM","ORD000132","P632","Router WiFi TP-Link - Mau 632","2","729000"
"ITEM","ORD000132","P467","Laptop Asus - Mau 467","4","19593000"
"ITEM","ORD000132","P287","Laptop Asus - Mau 287","3","16848000"
"HISTORY","ORD000132","PENDING","1789119900000"
"ORDER","ORD000133","Tran Dinh Hai","0925610200","30920000","1789120800000","3","PROCESSING"
"ITEM","ORD000133","P312","Router WiFi TP-Link - Mau 312","2","2420000"
"ITEM","ORD000133","P370","Sac du phong Anker - Mau 370","1","830000"
"ITEM","ORD000133","P105","SSD Samsung - Mau 105","4","3750000"
"ITEM","ORD000133","P751","Cap USB-C Ugreen - Mau 751","3","70000"
"ITEM","ORD000133","P589","Loa Bluetooth JBL - Mau 589","2","5020000"
"HISTORY","ORD000133","PENDING","1789120800000"
"HISTORY","ORD000133","PROCESSING","1789124400000"
"ORDER","ORD000134","Do Dang Khoa","0943728663","1960000","1789121700000","3","PROCESSING"
"ITEM","ORD000134","P921","Chuot khong day Logitech - Mau 921","4","490000"
"HISTORY","ORD000134","PENDING","1789121700000"
"HISTORY","ORD000134","PROCESSING","1789125300000"
"ORDER","ORD000135","Le Lan Chi","0951482932","73480000","1789122600000","3","SHIPPING"
"ITEM","ORD000135","P142","Ban phim Keychron - Mau 142","1","1980000"
"ITEM","ORD000135","P703","Man hinh Dell - Mau 703","2","6580000"
"ITEM","ORD000135","P436","Chuot gaming Razer - Mau 436","3","1060000"
"ITEM","ORD000135","P747","Laptop Asus - Mau 747","3","17900000"
"ITEM","ORD000135","P101","Chuot khong day Logitech - Mau 101","2","730000"
"HISTORY","ORD000135","PENDING","1789122600000"
"HISTORY","ORD000135","PROCESSING","1789126200000"
"HISTORY","ORD000135","SHIPPING","1789129800000"
"ORDER","ORD000136","Pham Minh Duc","0960340403","26930000","1789123500000","1","SHIPPING"
"ITEM","ORD000136","P611","Cap USB-C Ugreen - Mau 611","3","250000"
"ITEM","ORD000136","P323","Man hinh Dell - Mau 323","1","6380000"
"ITEM","ORD000136","P475","O cung HDD Seagate - Mau 475","4","2280000"
"ITEM","ORD000136","P513","USB Sandisk - Mau 513","2","280000"
"ITEM","ORD000136","P689","Loa Bluetooth JBL - Mau 689","2","5060000"
"HISTORY","ORD000136","PENDING","1789123500000"
"HISTORY","ORD000136","PROCESSING","1789127100000"
"HISTORY","ORD000136","SHIPPING","1789130700000"
"ORDER","ORD000137","Hoang Huynh Khoa","0924808679","16600000","1789124400000","1","COMPLETED"
"ITEM","ORD000137","P109","Loa Bluetooth JBL - Mau 109","2","6430000"
"ITEM","ORD000137","P295","O cung HDD Seagate - Mau 295","2","1870000"
"HISTORY","ORD000137","PENDING","1789124400000"
"HISTORY","ORD000137","PROCESSING","1789128000000"
"HISTORY","ORD000137","SHIPPING","1789131600000"
"HISTORY","ORD000137","COMPLETED","1789135200000"
"ORDER","ORD000138","Nguyen Tuan Kiet","0978654109","5670000","1789125300000","1","COMPLETED"
"ITEM","ORD000138","P168","Webcam Logitech - Mau 168","3","1890000"
"HISTORY","ORD000138","PENDING","1789125300000"
"HISTORY","ORD000138","PROCESSING","1789128900000"
"HISTORY","ORD000138","SHIPPING","1789132500000"
"HISTORY","ORD000138","COMPLETED","1789136100000"
"ORDER","ORD000139","Vu Tuan Kiet","0931683400","8700000","1789126200000","1","CANCELLED"
"ITEM","ORD000139","P406","RAM Kingston - Mau 406","3","770000"
"ITEM","ORD000139","P542","Ban phim Keychron - Mau 542","3","980000"
"ITEM","ORD000139","P693","USB Sandisk - Mau 693","3","130000"
"ITEM","ORD000139","P550","Sac du phong Anker - Mau 550","2","1530000"
"HISTORY","ORD000139","PENDING","1789126200000"
"HISTORY","ORD000139","PROCESSING","1789129800000"
"HISTORY","ORD000139","CANCELLED","1789133400000"
"ORDER","ORD000140","Bui Bao Tran","0942683047","460000","1789127100000","1","CANCELLED"
"ITEM","ORD000140","P034","Gia do laptop Baseus - Mau 034","2","230000"
"HISTORY","ORD000140","PENDING","1789127100000"
"HISTORY","ORD000140","CANCELLED","1789130700000"
"ORDER","ORD000141","Vu Minh An","0933265654","9530000","1789128000000","2","PENDING"
"ITEM","ORD000141","P481","Chuot khong day Logitech - Mau 481","3","230000"
"ITEM","ORD000141","P515","O cung HDD Seagate - Mau 515","2","1260000"
"ITEM","ORD000141","P032","Router WiFi TP-Link - Mau 032","1","1380000"
"ITEM","ORD000141","P026","RAM Kingston - Mau 026","2","1620000"
"ITEM","ORD000141","P490","Sac du phong Anker - Mau 490","2","850000"
"HISTORY","ORD000141","PENDING","1789128000000"
"ORDER","ORD000142","Tran Bao Tran","0913052925","32520000","1789128900000","2","PENDING"
"ITEM","ORD000142","P962","Ban phim Keychron - Mau 962","2","1070000"
"ITEM","ORD000142","P290","Sac du phong Anker - Mau 290","1","1910000"
"ITEM","ORD000142","P902","Ban phim Keychron - Mau 902","3","2630000"
"ITEM","ORD000142","P663","Man hinh Dell - Mau 663","1","11420000"
"ITEM","ORD000142","P458","Microphone HyperX - Mau 458","4","2290000"
"HISTORY","ORD000142","PENDING","1789128900000"
"ORDER","ORD000143","Le Thanh Nam","0977754525","17955000","1789129800000","2","PROCESSING"
"ITEM","ORD000143","P880","Bo chia HDMI Ugreen - Mau 880","1","756000"
"ITEM","ORD000143","P836","Chuot gaming Razer - Mau 836","3","711000"
"ITEM","ORD000143","P777","Ban phim gaming Corsair - Mau 777","4","2646000"
"ITEM","ORD000143","P906","RAM Kingston - Mau 906","2","2241000"
"HISTORY","ORD000143","PENDING","1789129800000"
"HISTORY","ORD000143","PROCESSING","1789133400000"
"ORDER","ORD000144","Bui Bao Tran","0915220613","10470000","1789130700000","2","PROCESSING"
"ITEM","ORD000144","P586","RAM Kingston - Mau 586","2","360000"
"ITEM","ORD000144","P650","Sac du phong Anker - Mau 650","1","1190000"
"ITEM","ORD000144","P182","Ban phim Keychron - Mau 182","4","2140000"
"HISTORY","ORD000144","PENDING","1789130700000"
"HISTORY","ORD000144","PROCESSING","1789134300000"
"ORDER","ORD000145","Bui Thanh Nam","0928033716","59640000","1789131600000","2","SHIPPING"
"ITEM","ORD000145","P683","Man hinh Dell - Mau 683","4","13710000"
"ITEM","ORD000145","P677","Ban phim gaming Corsair - Mau 677","2","2400000"
"HISTORY","ORD000145","PENDING","1789131600000"
"HISTORY","ORD000145","PROCESSING","1789135200000"
"HISTORY","ORD000145","SHIPPING","1789138800000"
"ORDER","ORD000146","Vo Quang Huy","0966559070","19390000","1789132500000","3","SHIPPING"
"ITEM","ORD000146","P750","Sac du phong Anker - Mau 750","1","550000"
"ITEM","ORD000146","P619","May in Canon - Mau 619","3","5680000"
"ITEM","ORD000146","P720","Bo chia HDMI Ugreen - Mau 720","4","450000"
"HISTORY","ORD000146","PENDING","1789132500000"
"HISTORY","ORD000146","PROCESSING","1789136100000"
"HISTORY","ORD000146","SHIPPING","1789139700000"
"ORDER","ORD000147","Dang Minh An","0976534197","5230000","1789133400000","3","COMPLETED"
"ITEM","ORD000147","P048","Webcam Logitech - Mau 048","2","980000"
"ITEM","ORD000147","P095","O cung HDD Seagate - Mau 095","3","1090000"
"HISTORY","ORD000147","PENDING","1789133400000"
"HISTORY","ORD000147","PROCESSING","1789137000000"
"HISTORY","ORD000147","SHIPPING","1789140600000"
"HISTORY","ORD000147","COMPLETED","1789144200000"
"ORDER","ORD000148","Pham Ngoc Anh","0977009245","1480000","1789134300000","3","COMPLETED"
"ITEM","ORD000148","P651","Cap USB-C Ugreen - Mau 651","4","370000"
"HISTORY","ORD000148","PENDING","1789134300000"
"HISTORY","ORD000148","PROCESSING","1789137900000"
"HISTORY","ORD000148","SHIPPING","1789141500000"
"HISTORY","ORD000148","COMPLETED","1789145100000"
"ORDER","ORD000149","Hoang Quang Huy","0943219508","1200000","1789135200000","3","CANCELLED"
"ITEM","ORD000149","P973","USB Sandisk - Mau 973","3","400000"
"HISTORY","ORD000149","PENDING","1789135200000"
"HISTORY","ORD000149","PROCESSING","1789138800000"
"HISTORY","ORD000149","CANCELLED","1789142400000"
"ORDER","ORD000150","Do Tuan Kiet","0936365115","3270000","1789136100000","3","CANCELLED"
"ITEM","ORD000150","P588","Webcam Logitech - Mau 588","4","690000"
"ITEM","ORD000150","P233","USB Sandisk - Mau 233","1","510000"
"HISTORY","ORD000150","PENDING","1789136100000"
"HISTORY","ORD000150","CANCELLED","1789139700000"
"ORDER","ORD000151","Nguyen Minh Duc","0952968345","7620000","1789137000000","1","PENDING"
"ITEM","ORD000151","P798","Microphone HyperX - Mau 798","4","1480000"
"ITEM","ORD000151","P888","Webcam Logitech - Mau 888","1","1700000"
"HISTORY","ORD000151","PENDING","1789137000000"
"ORDER","ORD000152","Dang Thanh Nam","0932683961","7620000","1789137900000","1","PENDING"
"ITEM","ORD000152","P918","Microphone HyperX - Mau 918","1","3920000"
"ITEM","ORD000152","P333","USB Sandisk - Mau 333","1","620000"
"ITEM","ORD000152","P925","SSD Samsung - Mau 925","1","3080000"
"HISTORY","ORD000152","PENDING","1789137900000"
"ORDER","ORD000153","Nguyen Bao Tran","0956138551","21350000","1789138800000","1","PROCESSING"
"ITEM","ORD000153","P357","Ban phim gaming Corsair - Mau 357","4","690000"
"ITEM","ORD000153","P990","Sac du phong Anker - Mau 990","4","260000"
"ITEM","ORD000153","P061","Chuot khong day Logitech - Mau 061","1","330000"
"ITEM","ORD000153","P985","SSD Samsung - Mau 985","3","4050000"
"ITEM","ORD000153","P855","O cung HDD Seagate - Mau 855","3","1690000"
"HISTORY","ORD000153","PENDING","1789138800000"
"HISTORY","ORD000153","PROCESSING","1789142400000"
"ORDER","ORD000154","Vo Minh An","0918411864","6768000","1789139700000","1","PROCESSING"
"ITEM","ORD000154","P455","O cung HDD Seagate - Mau 455","4","1692000"
"HISTORY","ORD000154","PENDING","1789139700000"
"HISTORY","ORD000154","PROCESSING","1789143300000"
"ORDER","ORD000155","Tran Thu Ha","0912313903","2870000","1789140600000","1","SHIPPING"
"ITEM","ORD000155","P236","Chuot gaming Razer - Mau 236","2","930000"
"ITEM","ORD000155","P478","Microphone HyperX - Mau 478","2","470000"
"ITEM","ORD000155","P011","Cap USB-C Ugreen - Mau 011","1","70000"
"HISTORY","ORD000155","PENDING","1789140600000"
"HISTORY","ORD000155","PROCESSING","1789144200000"
"HISTORY","ORD000155","SHIPPING","1789147800000"
"ORDER","ORD000156","Pham Thanh Nam","0997719167","27010000","1789141500000","2","SHIPPING"
"ITEM","ORD000156","P571","Cap USB-C Ugreen - Mau 571","4","330000"
"ITEM","ORD000156","P677","Ban phim gaming Corsair - Mau 677","2","2400000"
"ITEM","ORD000156","P531","Cap USB-C Ugreen - Mau 531","1","160000"
"ITEM","ORD000156","P609","Loa Bluetooth JBL - Mau 609","4","5150000"
"ITEM","ORD000156","P693","USB Sandisk - Mau 693","1","130000"
"HISTORY","ORD000156","PENDING","1789141500000"
"HISTORY","ORD000156","PROCESSING","1789145100000"
"HISTORY","ORD000156","SHIPPING","1789148700000"
"ORDER","ORD000157","Do Quang Huy","0937109803","39560000","1789142400000","2","COMPLETED"
"ITEM","ORD000157","P739","May in Canon - Mau 739","1","3950000"
"ITEM","ORD000157","P299","May in Canon - Mau 299","4","7750000"
"ITEM","ORD000157","P894","Gia do laptop Baseus - Mau 894","1","250000"
"ITEM","ORD000157","P923","Man hinh Dell - Mau 923","1","4360000"
"HISTORY","ORD000157","PENDING","1789142400000"
"HISTORY","ORD000157","PROCESSING","1789146000000"
"HISTORY","ORD000157","SHIPPING","1789149600000"
"HISTORY","ORD000157","COMPLETED","1789153200000"
"ORDER","ORD000158","Bui Minh An","0977700005","2070000","1789143300000","2","COMPLETED"
"ITEM","ORD000158","P588","Webcam Logitech - Mau 588","3","690000"
"HISTORY","ORD000158","PENDING","1789143300000"
"HISTORY","ORD000158","PROCESSING","1789146900000"
"HISTORY","ORD000158","SHIPPING","1789150500000"
"HISTORY","ORD000158","COMPLETED","1789154100000"
"ORDER","ORD000159","Le Minh Duc","0999247684","1850000","1789144200000","2","CANCELLED"
"ITEM","ORD000159","P774","Gia do laptop Baseus - Mau 774","2","110000"
"ITEM","ORD000159","P462","Ban phim Keychron - Mau 462","1","1630000"
"HISTORY","ORD000159","PENDING","1789144200000"
"HISTORY","ORD000159","PROCESSING","1789147800000"
"HISTORY","ORD000159","CANCELLED","1789151400000"
"ORDER","ORD000160","Le Lan Chi","0931539887","80500000","1789145100000","2","CANCELLED"
"ITEM","ORD000160","P933","USB Sandisk - Mau 933","3","170000"
"ITEM","ORD000160","P348","Webcam Logitech - Mau 348","4","2360000"
"ITEM","ORD000160","P775","O cung HDD Seagate - Mau 775","4","2140000"
"ITEM","ORD000160","P647","Laptop Asus - Mau 647","2","26570000"
"ITEM","ORD000160","P012","Router WiFi TP-Link - Mau 012","3","2950000"
"HISTORY","ORD000160","PENDING","1789145100000"
"HISTORY","ORD000160","CANCELLED","1789148700000"
"ORDER","ORD000161","Dang Dinh Hai","0939316761","4580000","1789146000000","3","PENDING"
"ITEM","ORD000161","P393","USB Sandisk - Mau 393","1","90000"
"ITEM","ORD000161","P758","Microphone HyperX - Mau 758","4","540000"
"ITEM","ORD000161","P868","Webcam Logitech - Mau 868","1","2330000"
"HISTORY","ORD000161","PENDING","1789146000000"
"ORDER","ORD000162","Nguyen Thu Ha","0953222806","2250000","1789146900000","3","PENDING"
"ITEM","ORD000162","P960","Bo chia HDMI Ugreen - Mau 960","3","750000"
"HISTORY","ORD000162","PENDING","1789146900000"
"ORDER","ORD000163","Le Thanh Nam","0916170827","33460000","1789147800000","3","PROCESSING"
"ITEM","ORD000163","P844","Tai nghe Sony - Mau 844","4","5530000"
"ITEM","ORD000163","P564","Tai nghe Sony - Mau 564","2","5670000"
"HISTORY","ORD000163","PENDING","1789147800000"
"HISTORY","ORD000163","PROCESSING","1789151400000"
"ORDER","ORD000164","Dang Thu Ha","0942690021","144330000","1789148700000","3","PROCESSING"
"ITEM","ORD000164","P707","Laptop Asus - Mau 707","4","32730000"
"ITEM","ORD000164","P238","Microphone HyperX - Mau 238","4","2250000"
"ITEM","ORD000164","P651","Cap USB-C Ugreen - Mau 651","4","370000"
"ITEM","ORD000164","P731","Cap USB-C Ugreen - Mau 731","3","190000"
"ITEM","ORD000164","P725","SSD Samsung - Mau 725","1","2360000"
"HISTORY","ORD000164","PENDING","1789148700000"
"HISTORY","ORD000164","PROCESSING","1789152300000"
"ORDER","ORD000165","Pham Thu Ha","0956915206","16650000","1789149600000","3","SHIPPING"
"ITEM","ORD000165","P918","Microphone HyperX - Mau 918","2","3528000"
"ITEM","ORD000165","P652","Router WiFi TP-Link - Mau 652","4","1350000"
"ITEM","ORD000165","P126","RAM Kingston - Mau 126","1","2070000"
"ITEM","ORD000165","P873","USB Sandisk - Mau 873","4","531000"
"HISTORY","ORD000165","PENDING","1789149600000"
"HISTORY","ORD000165","PROCESSING","1789153200000"
"HISTORY","ORD000165","SHIPPING","1789156800000"
"ORDER","ORD000166","Pham Lan Chi","0924205751","42940000","1789150500000","1","SHIPPING"
"ITEM","ORD000166","P247","Laptop Asus - Mau 247","1","19920000"
"ITEM","ORD000166","P932","Router WiFi TP-Link - Mau 932","2","3200000"
"ITEM","ORD000166","P120","Bo chia HDMI Ugreen - Mau 120","3","390000"
"ITEM","ORD000166","P609","Loa Bluetooth JBL - Mau 609","3","5150000"
"HISTORY","ORD000166","PENDING","1789150500000"
"HISTORY","ORD000166","PROCESSING","1789154100000"
"HISTORY","ORD000166","SHIPPING","1789157700000"
"ORDER","ORD000167","Hoang Minh Duc","0940448898","320000","1789151400000","1","COMPLETED"
"ITEM","ORD000167","P353","USB Sandisk - Mau 353","1","320000"
"HISTORY","ORD000167","PENDING","1789151400000"
"HISTORY","ORD000167","PROCESSING","1789155000000"
"HISTORY","ORD000167","SHIPPING","1789158600000"
"HISTORY","ORD000167","COMPLETED","1789162200000"
"ORDER","ORD000168","Do Dang Khoa","0985897507","20760000","1789152300000","1","COMPLETED"
"ITEM","ORD000168","P884","Tai nghe Sony - Mau 884","3","6920000"
"HISTORY","ORD000168","PENDING","1789152300000"
"HISTORY","ORD000168","PROCESSING","1789155900000"
"HISTORY","ORD000168","SHIPPING","1789159500000"
"HISTORY","ORD000168","COMPLETED","1789163100000"
"ORDER","ORD000169","Hoang Dinh Hai","0973008006","40780000","1789153200000","1","CANCELLED"
"ITEM","ORD000169","P259","May in Canon - Mau 259","4","8000000"
"ITEM","ORD000169","P502","Ban phim Keychron - Mau 502","2","1730000"
"ITEM","ORD000169","P009","Loa Bluetooth JBL - Mau 009","2","2660000"
"HISTORY","ORD000169","PENDING","1789153200000"
"HISTORY","ORD000169","PROCESSING","1789156800000"
"HISTORY","ORD000169","CANCELLED","1789160400000"
"ORDER","ORD000170","Tran Minh An","0914502258","10740000","1789154100000","1","CANCELLED"
"ITEM","ORD000170","P063","Man hinh Dell - Mau 063","1","10740000"
"HISTORY","ORD000170","PENDING","1789154100000"
"HISTORY","ORD000170","CANCELLED","1789157700000"
"ORDER","ORD000171","Vo Thu Ha","0929831974","8000000","1789155000000","2","PENDING"
"ITEM","ORD000171","P216","Chuot gaming Razer - Mau 216","2","2040000"
"ITEM","ORD000171","P528","Webcam Logitech - Mau 528","4","980000"
"HISTORY","ORD000171","PENDING","1789155000000"
"ORDER","ORD000172","Vo Bao Tran","0980004680","5270000","1789155900000","2","PENDING"
"ITEM","ORD000172","P793","USB Sandisk - Mau 793","1","570000"
"ITEM","ORD000172","P276","Chuot gaming Razer - Mau 276","2","2350000"
"HISTORY","ORD000172","PENDING","1789155900000"
"ORDER","ORD000173","Tran Minh An","0975105857","34040000","1789156800000","2","PROCESSING"
"ITEM","ORD000173","P203","Man hinh Dell - Mau 203","3","8050000"
"ITEM","ORD000173","P669","Loa Bluetooth JBL - Mau 669","1","2530000"
"ITEM","ORD000173","P990","Sac du phong Anker - Mau 990","2","260000"
"ITEM","ORD000173","P888","Webcam Logitech - Mau 888","3","1700000"
"ITEM","ORD000173","P866","RAM Kingston - Mau 866","3","580000"
"HISTORY","ORD000173","PENDING","1789156800000"
"HISTORY","ORD000173","PROCESSING","1789160400000"
"ORDER","ORD000174","Hoang Tuan Kiet","0985150472","43830000","1789157700000","2","PROCESSING"
"ITEM","ORD000174","P402","Ban phim Keychron - Mau 402","2","950000"
"ITEM","ORD000174","P438","Microphone HyperX - Mau 438","3","2520000"
"ITEM","ORD000174","P727","Laptop Asus - Mau 727","1","32410000"
"ITEM","ORD000174","P556","Chuot gaming Razer - Mau 556","2","980000"
"HISTORY","ORD000174","PENDING","1789157700000"
"HISTORY","ORD000174","PROCESSING","1789161300000"
"ORDER","ORD000175","Tran Thu Ha","0941867683","131860000","1789158600000","2","SHIPPING"
"ITEM","ORD000175","P175","O cung HDD Seagate - Mau 175","2","2300000"
"ITEM","ORD000175","P723","Man hinh Dell - Mau 723","2","1890000"
"ITEM","ORD000175","P379","May in Canon - Mau 379","1","2400000"
"ITEM","ORD000175","P967","Laptop Asus - Mau 967","4","30150000"
"ITEM","ORD000175","P853","USB Sandisk - Mau 853","4","120000"
"HISTORY","ORD000175","PENDING","1789158600000"
"HISTORY","ORD000175","PROCESSING","1789162200000"
"HISTORY","ORD000175","SHIPPING","1789165800000"
"ORDER","ORD000176","Vu Lan Chi","0920443620","17433000","1789159500000","3","SHIPPING"
"ITEM","ORD000176","P076","Chuot gaming Razer - Mau 076","3","630000"
"ITEM","ORD000176","P385","SSD Samsung - Mau 385","3","3699000"
"ITEM","ORD000176","P769","Loa Bluetooth JBL - Mau 769","1","4446000"
"HISTORY","ORD000176","PENDING","1789159500000"
"HISTORY","ORD000176","PROCESSING","1789163100000"
"HISTORY","ORD000176","SHIPPING","1789166700000"
"ORDER","ORD000177","Dang Tuan Kiet","0998923724","17750000","1789160400000","3","COMPLETED"
"ITEM","ORD000177","P822","Ban phim Keychron - Mau 822","3","1140000"
"ITEM","ORD000177","P005","SSD Samsung - Mau 005","2","540000"
"ITEM","ORD000177","P036","Chuot gaming Razer - Mau 036","1","2140000"
"ITEM","ORD000177","P686","RAM Kingston - Mau 686","2","1160000"
"ITEM","ORD000177","P812","Router WiFi TP-Link - Mau 812","3","2930000"
"HISTORY","ORD000177","PENDING","1789160400000"
"HISTORY","ORD000177","PROCESSING","1789164000000"
"HISTORY","ORD000177","SHIPPING","1789167600000"
"HISTORY","ORD000177","COMPLETED","1789171200000"
"ORDER","ORD000178","Do Dang Khoa","0986913677","11560000","1789161300000","3","COMPLETED"
"ITEM","ORD000178","P801","Chuot khong day Logitech - Mau 801","4","880000"
"ITEM","ORD000178","P071","Cap USB-C Ugreen - Mau 071","4","240000"
"ITEM","ORD000178","P391","Cap USB-C Ugreen - Mau 391","3","60000"
"ITEM","ORD000178","P639","May in Canon - Mau 639","3","2300000"
"HISTORY","ORD000178","PENDING","1789161300000"
"HISTORY","ORD000178","PROCESSING","1789164900000"
"HISTORY","ORD000178","SHIPPING","1789168500000"
"HISTORY","ORD000178","COMPLETED","1789172100000"
"ORDER","ORD000179","Pham Lan Chi","0959955238","14490000","1789162200000","3","CANCELLED"
"ITEM","ORD000179","P204","Tai nghe Sony - Mau 204","1","1080000"
"ITEM","ORD000179","P783","Man hinh Dell - Mau 783","1","9610000"
"ITEM","ORD000179","P610","Sac du phong Anker - Mau 610","4","950000"
"HISTORY","ORD000179","PENDING","1789162200000"
"HISTORY","ORD000179","PROCESSING","1789165800000"
"HISTORY","ORD000179","CANCELLED","1789169400000"
"ORDER","ORD000180","Huynh Lan Chi","0918488080","5770000","1789163100000","3","CANCELLED"
"ITEM","ORD000180","P736","Chuot gaming Razer - Mau 736","1","1900000"
"ITEM","ORD000180","P975","O cung HDD Seagate - Mau 975","3","1290000"
"HISTORY","ORD000180","PENDING","1789163100000"
"HISTORY","ORD000180","CANCELLED","1789166700000"
"ORDER","ORD000181","Bui Dang Khoa","0988681041","7980000","1789164000000","1","PENDING"
"ITEM","ORD000181","P614","Gia do laptop Baseus - Mau 614","4","380000"
"ITEM","ORD000181","P425","SSD Samsung - Mau 425","2","2150000"
"ITEM","ORD000181","P800","Bo chia HDMI Ugreen - Mau 800","3","250000"
"ITEM","ORD000181","P594","Gia do laptop Baseus - Mau 594","3","470000"
"HISTORY","ORD000181","PENDING","1789164000000"
"ORDER","ORD000182","Vo Huynh Khoa","0957806127","28550000","1789164900000","1","PENDING"
"ITEM","ORD000182","P610","Sac du phong Anker - Mau 610","1","950000"
"ITEM","ORD000182","P026","RAM Kingston - Mau 026","1","1620000"
"ITEM","ORD000182","P364","Tai nghe Sony - Mau 364","3","5980000"
"ITEM","ORD000182","P723","Man hinh Dell - Mau 723","3","1890000"
"ITEM","ORD000182","P961","Chuot khong day Logitech - Mau 961","3","790000"
"HISTORY","ORD000182","PENDING","1789164900000"
"ORDER","ORD000183","Vo Lan Chi","0991959446","4640000","1789165800000","1","PROCESSING"
"ITEM","ORD000183","P476","Chuot gaming Razer - Mau 476","1","1660000"
"ITEM","ORD000183","P939","May in Canon - Mau 939","1","1510000"
"ITEM","ORD000183","P335","O cung HDD Seagate - Mau 335","1","1330000"
"ITEM","ORD000183","P591","Cap USB-C Ugreen - Mau 591","2","70000"
"HISTORY","ORD000183","PENDING","1789165800000"
"HISTORY","ORD000183","PROCESSING","1789169400000"
"ORDER","ORD000184","Tran Dinh Hai","0969316741","1010000","1789166700000","1","PROCESSING"
"ITEM","ORD000184","P657","Ban phim gaming Corsair - Mau 657","1","1010000"
"HISTORY","ORD000184","PENDING","1789166700000"
"HISTORY","ORD000184","PROCESSING","1789170300000"
"ORDER","ORD000185","Tran Dinh Hai","0920059816","11890000","1789167600000","1","SHIPPING"
"ITEM","ORD000185","P816","Chuot gaming Razer - Mau 816","3","410000"
"ITEM","ORD000185","P329","Loa Bluetooth JBL - Mau 329","2","5330000"
"HISTORY","ORD000185","PENDING","1789167600000"
"HISTORY","ORD000185","PROCESSING","1789171200000"
"HISTORY","ORD000185","SHIPPING","1789174800000"
"ORDER","ORD000186","Vu Thu Ha","0967964952","18820000","1789168500000","2","SHIPPING"
"ITEM","ORD000186","P941","Chuot khong day Logitech - Mau 941","3","570000"
"ITEM","ORD000186","P255","O cung HDD Seagate - Mau 255","2","1420000"
"ITEM","ORD000186","P212","Router WiFi TP-Link - Mau 212","2","1430000"
"ITEM","ORD000186","P056","Chuot gaming Razer - Mau 056","4","1570000"
"ITEM","ORD000186","P424","Tai nghe Sony - Mau 424","1","5130000"
"HISTORY","ORD000186","PENDING","1789168500000"
"HISTORY","ORD000186","PROCESSING","1789172100000"
"HISTORY","ORD000186","SHIPPING","1789175700000"
"ORDER","ORD000187","Nguyen Huynh Khoa","0916075483","30150000","1789169400000","2","COMPLETED"
"ITEM","ORD000187","P459","May in Canon - Mau 459","4","2358000"
"ITEM","ORD000187","P703","Man hinh Dell - Mau 703","3","5922000"
"ITEM","ORD000187","P250","Sac du phong Anker - Mau 250","1","585000"
"ITEM","ORD000187","P902","Ban phim Keychron - Mau 902","1","2367000"
"HISTORY","ORD000187","PENDING","1789169400000"
"HISTORY","ORD000187","PROCESSING","1789173000000"
"HISTORY","ORD000187","SHIPPING","1789176600000"
"HISTORY","ORD000187","COMPLETED","1789180200000"
"ORDER","ORD000188","Vo Ngoc Anh","0922371612","4360000","1789170300000","2","COMPLETED"
"ITEM","ORD000188","P670","Sac du phong Anker - Mau 670","4","1090000"
"HISTORY","ORD000188","PENDING","1789170300000"
"HISTORY","ORD000188","PROCESSING","1789173900000"
"HISTORY","ORD000188","SHIPPING","1789177500000"
"HISTORY","ORD000188","COMPLETED","1789181100000"
"ORDER","ORD000189","Pham Lan Chi","0919820515","13640000","1789171200000","2","CANCELLED"
"ITEM","ORD000189","P421","Chuot khong day Logitech - Mau 421","4","800000"
"ITEM","ORD000189","P512","Router WiFi TP-Link - Mau 512","3","3480000"
"HISTORY","ORD000189","PENDING","1789171200000"
"HISTORY","ORD000189","PROCESSING","1789174800000"
"HISTORY","ORD000189","CANCELLED","1789178400000"
"ORDER","ORD000190","Vo Lan Chi","0934781732","13600000","1789172100000","2","CANCELLED"
"ITEM","ORD000190","P609","Loa Bluetooth JBL - Mau 609","1","5150000"
"ITEM","ORD000190","P128","Webcam Logitech - Mau 128","3","1340000"
"ITEM","ORD000190","P630","Sac du phong Anker - Mau 630","1","1270000"
"ITEM","ORD000190","P154","Gia do laptop Baseus - Mau 154","4","790000"
"HISTORY","ORD000190","PENDING","1789172100000"
"HISTORY","ORD000190","CANCELLED","1789175700000"
"ORDER","ORD000191","Hoang Huynh Khoa","0941235741","35920000","1789173000000","3","PENDING"
"ITEM","ORD000191","P227","Laptop Asus - Mau 227","1","20930000"
"ITEM","ORD000191","P386","RAM Kingston - Mau 386","4","1210000"
"ITEM","ORD000191","P785","SSD Samsung - Mau 785","2","1920000"
"ITEM","ORD000191","P135","O cung HDD Seagate - Mau 135","3","1900000"
"ITEM","ORD000191","P278","Microphone HyperX - Mau 278","1","610000"
"HISTORY","ORD000191","PENDING","1789173000000"
"ORDER","ORD000192","Pham Thu Ha","0948963771","13680000","1789173900000","3","PENDING"
"ITEM","ORD000192","P268","Webcam Logitech - Mau 268","4","340000"
"ITEM","ORD000192","P925","SSD Samsung - Mau 925","4","3080000"
"HISTORY","ORD000192","PENDING","1789173900000"
"ORDER","ORD000193","Tran Thanh Nam","0963679560","17430000","1789174800000","3","PROCESSING"
"ITEM","ORD000193","P350","Sac du phong Anker - Mau 350","4","1410000"
"ITEM","ORD000193","P042","Ban phim Keychron - Mau 042","1","1700000"
"ITEM","ORD000193","P221","Chuot khong day Logitech - Mau 221","3","550000"
"ITEM","ORD000193","P546","RAM Kingston - Mau 546","2","1640000"
"ITEM","ORD000193","P678","Microphone HyperX - Mau 678","2","2580000"
"HISTORY","ORD000193","PENDING","1789174800000"
"HISTORY","ORD000193","PROCESSING","1789178400000"
"ORDER","ORD000194","Pham Minh An","0940154890","10140000","1789175700000","3","PROCESSING"
"ITEM","ORD000194","P403","Man hinh Dell - Mau 403","2","5070000"
"HISTORY","ORD000194","PENDING","1789175700000"
"HISTORY","ORD000194","PROCESSING","1789179300000"
"ORDER","ORD000195","Pham Dang Khoa","0999069669","7880000","1789176600000","3","SHIPPING"
"ITEM","ORD000195","P846","RAM Kingston - Mau 846","1","2220000"
"ITEM","ORD000195","P292","Router WiFi TP-Link - Mau 292","1","2120000"
"ITEM","ORD000195","P044","Tai nghe Sony - Mau 044","1","390000"
"ITEM","ORD000195","P434","Gia do laptop Baseus - Mau 434","4","650000"
"ITEM","ORD000195","P221","Chuot khong day Logitech - Mau 221","1","550000"
"HISTORY","ORD000195","PENDING","1789176600000"
"HISTORY","ORD000195","PROCESSING","1789180200000"
"HISTORY","ORD000195","SHIPPING","1789183800000"
"ORDER","ORD000196","Vu Quang Huy","0967054208","24760000","1789177500000","1","SHIPPING"
"ITEM","ORD000196","P673","USB Sandisk - Mau 673","4","110000"
"ITEM","ORD000196","P958","Microphone HyperX - Mau 958","1","1640000"
"ITEM","ORD000196","P564","Tai nghe Sony - Mau 564","4","5670000"
"HISTORY","ORD000196","PENDING","1789177500000"
"HISTORY","ORD000196","PROCESSING","1789181100000"
"HISTORY","ORD000196","SHIPPING","1789184700000"
"ORDER","ORD000197","Nguyen Thanh Nam","0922733102","13840000","1789178400000","1","COMPLETED"
"ITEM","ORD000197","P757","Ban phim gaming Corsair - Mau 757","4","3460000"
"HISTORY","ORD000197","PENDING","1789178400000"
"HISTORY","ORD000197","PROCESSING","1789182000000"
"HISTORY","ORD000197","SHIPPING","1789185600000"
"HISTORY","ORD000197","COMPLETED","1789189200000"
"ORDER","ORD000198","Tran Thanh Nam","0961262576","32004000","1789179300000","1","COMPLETED"
"ITEM","ORD000198","P298","Microphone HyperX - Mau 298","4","3051000"
"ITEM","ORD000198","P083","Man hinh Dell - Mau 083","4","4950000"
"HISTORY","ORD000198","PENDING","1789179300000"
"HISTORY","ORD000198","PROCESSING","1789182900000"
"HISTORY","ORD000198","SHIPPING","1789186500000"
"HISTORY","ORD000198","COMPLETED","1789190100000"
"ORDER","ORD000199","Bui Minh An","0938035936","120880000","1789180200000","1","CANCELLED"
"ITEM","ORD000199","P307","Laptop Asus - Mau 307","3","23260000"
"ITEM","ORD000199","P066","RAM Kingston - Mau 066","4","2220000"
"ITEM","ORD000199","P663","Man hinh Dell - Mau 663","3","11420000"
"ITEM","ORD000199","P050","Sac du phong Anker - Mau 050","4","1990000"
"HISTORY","ORD000199","PENDING","1789180200000"
"HISTORY","ORD000199","PROCESSING","1789183800000"
"HISTORY","ORD000199","CANCELLED","1789187400000"
"ORDER","ORD000200","Nguyen Tuan Kiet","0935779003","32310000","1789181100000","1","CANCELLED"
"ITEM","ORD000200","P569","Loa Bluetooth JBL - Mau 569","3","3930000"
"ITEM","ORD000200","P289","Loa Bluetooth JBL - Mau 289","4","3350000"
"ITEM","ORD000200","P125","SSD Samsung - Mau 125","1","2710000"
"ITEM","ORD000200","P498","Microphone HyperX - Mau 498","1","2610000"
"ITEM","ORD000200","P265","SSD Samsung - Mau 265","3","600000"
"HISTORY","ORD000200","PENDING","1789181100000"
"HISTORY","ORD000200","CANCELLED","1789184700000"
"ORDER","ORD000201","Hoang Ngoc Anh","0921103203","111270000","1789182000000","2","PENDING"
"ITEM","ORD000201","P705","SSD Samsung - Mau 705","3","4470000"
"ITEM","ORD000201","P227","Laptop Asus - Mau 227","4","20930000"
"ITEM","ORD000201","P402","Ban phim Keychron - Mau 402","4","950000"
"ITEM","ORD000201","P331","Cap USB-C Ugreen - Mau 331","2","390000"
"ITEM","ORD000201","P904","Tai nghe Sony - Mau 904","2","4780000"
"HISTORY","ORD000201","PENDING","1789182000000"
"ORDER","ORD000202","Nguyen Huynh Khoa","0988573703","71660000","1789182900000","2","PENDING"
"ITEM","ORD000202","P527","Laptop Asus - Mau 527","2","32450000"
"ITEM","ORD000202","P826","RAM Kingston - Mau 826","4","1690000"
"HISTORY","ORD000202","PENDING","1789182900000"
"ORDER","ORD000203","Nguyen Thanh Nam","0920196262","5860000","1789183800000","2","PROCESSING"
"ITEM","ORD000203","P330","Sac du phong Anker - Mau 330","2","630000"
"ITEM","ORD000203","P751","Cap USB-C Ugreen - Mau 751","2","70000"
"ITEM","ORD000203","P862","Ban phim Keychron - Mau 862","2","2230000"
"HISTORY","ORD000203","PENDING","1789183800000"
"HISTORY","ORD000203","PROCESSING","1789187400000"
"ORDER","ORD000204","Huynh Ngoc Anh","0910768932","20640000","1789184700000","2","PROCESSING"
"ITEM","ORD000204","P305","SSD Samsung - Mau 305","4","3690000"
"ITEM","ORD000204","P895","O cung HDD Seagate - Mau 895","2","2060000"
"ITEM","ORD000204","P851","Cap USB-C Ugreen - Mau 851","3","140000"
"ITEM","ORD000204","P601","Chuot khong day Logitech - Mau 601","2","670000"
"HISTORY","ORD000204","PENDING","1789184700000"
"HISTORY","ORD000204","PROCESSING","1789188300000"
"ORDER","ORD000205","Dang Ngoc Anh","0992534172","8880000","1789185600000","2","SHIPPING"
"ITEM","ORD000205","P315","O cung HDD Seagate - Mau 315","4","2220000"
"HISTORY","ORD000205","PENDING","1789185600000"
"HISTORY","ORD000205","PROCESSING","1789189200000"
"HISTORY","ORD000205","SHIPPING","1789192800000"
"ORDER","ORD000206","Vo Dinh Hai","0955333625","48020000","1789186500000","3","SHIPPING"
"ITEM","ORD000206","P711","Cap USB-C Ugreen - Mau 711","2","320000"
"ITEM","ORD000206","P962","Ban phim Keychron - Mau 962","4","1070000"
"ITEM","ORD000206","P321","Chuot khong day Logitech - Mau 321","2","850000"
"ITEM","ORD000206","P642","Ban phim Keychron - Mau 642","4","1830000"
"ITEM","ORD000206","P347","Laptop Asus - Mau 347","2","17040000"
"HISTORY","ORD000206","PENDING","1789186500000"
"HISTORY","ORD000206","PROCESSING","1789190100000"
"HISTORY","ORD000206","SHIPPING","1789193700000"
"ORDER","ORD000207","Phan Huynh Khoa","0974845781","6930000","1789187400000","3","COMPLETED"
"ITEM","ORD000207","P206","RAM Kingston - Mau 206","2","480000"
"ITEM","ORD000207","P335","O cung HDD Seagate - Mau 335","3","1330000"
"ITEM","ORD000207","P260","Bo chia HDMI Ugreen - Mau 260","3","660000"
"HISTORY","ORD000207","PENDING","1789187400000"
"HISTORY","ORD000207","PROCESSING","1789191000000"
"HISTORY","ORD000207","SHIPPING","1789194600000"
"HISTORY","ORD000207","COMPLETED","1789198200000"
"ORDER","ORD000208","Vo Thu Ha","0984258673","227980000","1789188300000","3","COMPLETED"
"ITEM","ORD000208","P003","Man hinh Dell 24 inch","1","3000000"
"ITEM","ORD000208","P927","Laptop Asus - Mau 927","4","34890000"
"ITEM","ORD000208","P881","Chuot khong day Logitech - Mau 881","2","310000"
"ITEM","ORD000208","P487","Laptop Asus - Mau 487","4","17250000"
"ITEM","ORD000208","P739","May in Canon - Mau 739","4","3950000"
"HISTORY","ORD000208","PENDING","1789188300000"
"HISTORY","ORD000208","PROCESSING","1789191900000"
"HISTORY","ORD000208","SHIPPING","1789195500000"
"HISTORY","ORD000208","COMPLETED","1789199100000"
"ORDER","ORD000209","Tran Ngoc Anh","0956120464","19692000","1789189200000","3","CANCELLED"
"ITEM","ORD000209","P475","O cung HDD Seagate - Mau 475","1","2052000"
"ITEM","ORD000209","P506","RAM Kingston - Mau 506","4","1395000"
"ITEM","ORD000209","P289","Loa Bluetooth JBL - Mau 289","4","3015000"
"HISTORY","ORD000209","PENDING","1789189200000"
"HISTORY","ORD000209","PROCESSING","1789192800000"
"HISTORY","ORD000209","CANCELLED","1789196400000"
"ORDER","ORD000210","Bui Ngoc Anh","0938723173","35190000","1789190100000","3","CANCELLED"
"ITEM","ORD000210","P644","Tai nghe Sony - Mau 644","4","5030000"
"ITEM","ORD000210","P980","Bo chia HDMI Ugreen - Mau 980","1","480000"
"ITEM","ORD000210","P456","Chuot gaming Razer - Mau 456","3","2000000"
"ITEM","ORD000210","P098","Microphone HyperX - Mau 098","1","3910000"
"ITEM","ORD000210","P648","Webcam Logitech - Mau 648","3","1560000"
"HISTORY","ORD000210","PENDING","1789190100000"
"HISTORY","ORD000210","CANCELLED","1789193700000"
"ORDER","ORD000211","Hoang Thanh Nam","0994686144","5340000","1789191000000","1","PENDING"
"ITEM","ORD000211","P835","O cung HDD Seagate - Mau 835","2","2670000"
"HISTORY","ORD000211","PENDING","1789191000000"
"ORDER","ORD000212","Huynh Thanh Nam","0966879325","10190000","1789191900000","1","PENDING"
"ITEM","ORD000212","P204","Tai nghe Sony - Mau 204","3","1080000"
"ITEM","ORD000212","P250","Sac du phong Anker - Mau 250","4","650000"
"ITEM","ORD000212","P396","Chuot gaming Razer - Mau 396","3","1450000"
"HISTORY","ORD000212","PENDING","1789191900000"
"ORDER","ORD000213","Vu Lan Chi","0950630504","31100000","1789192800000","1","PROCESSING"
"ITEM","ORD000213","P907","Laptop Asus - Mau 907","2","12230000"
"ITEM","ORD000213","P622","Ban phim Keychron - Mau 622","1","1760000"
"ITEM","ORD000213","P877","Ban phim gaming Corsair - Mau 877","4","1220000"
"HISTORY","ORD000213","PENDING","1789192800000"
"HISTORY","ORD000213","PROCESSING","1789196400000"
"ORDER","ORD000214","Le Ngoc Anh","0925340849","48630000","1789193700000","1","PROCESSING"
"ITEM","ORD000214","P825","SSD Samsung - Mau 825","3","1850000"
"ITEM","ORD000214","P114","Gia do laptop Baseus - Mau 114","2","530000"
"ITEM","ORD000214","P187","Laptop Asus - Mau 187","2","18790000"
"ITEM","ORD000214","P315","O cung HDD Seagate - Mau 315","2","2220000"
"HISTORY","ORD000214","PENDING","1789193700000"
"HISTORY","ORD000214","PROCESSING","1789197300000"
"ORDER","ORD000215","Do Huynh Khoa","0955277686","48980000","1789194600000","1","SHIPPING"
"ITEM","ORD000215","P945","SSD Samsung - Mau 945","4","4430000"
"ITEM","ORD000215","P835","O cung HDD Seagate - Mau 835","4","2670000"
"ITEM","ORD000215","P559","May in Canon - Mau 559","2","4060000"
"ITEM","ORD000215","P679","May in Canon - Mau 679","4","1690000"
"ITEM","ORD000215","P135","O cung HDD Seagate - Mau 135","3","1900000"
"HISTORY","ORD000215","PENDING","1789194600000"
"HISTORY","ORD000215","PROCESSING","1789198200000"
"HISTORY","ORD000215","SHIPPING","1789201800000"
"ORDER","ORD000216","Bui Minh An","0931161431","37970000","1789195500000","2","SHIPPING"
"ITEM","ORD000216","P484","Tai nghe Sony - Mau 484","4","5550000"
"ITEM","ORD000216","P026","RAM Kingston - Mau 026","1","1620000"
"ITEM","ORD000216","P193","USB Sandisk - Mau 193","1","170000"
"ITEM","ORD000216","P504","Tai nghe Sony - Mau 504","2","2490000"
"ITEM","ORD000216","P655","O cung HDD Seagate - Mau 655","4","2250000"
"HISTORY","ORD000216","PENDING","1789195500000"
"HISTORY","ORD000216","PROCESSING","1789199100000"
"HISTORY","ORD000216","SHIPPING","1789202700000"
"ORDER","ORD000217","Tran Bao Tran","0929214254","34140000","1789196400000","2","COMPLETED"
"ITEM","ORD000217","P099","May in Canon - Mau 099","1","3680000"
"ITEM","ORD000217","P880","Bo chia HDMI Ugreen - Mau 880","4","840000"
"ITEM","ORD000217","P639","May in Canon - Mau 639","2","2300000"
"ITEM","ORD000217","P844","Tai nghe Sony - Mau 844","3","5530000"
"ITEM","ORD000217","P159","May in Canon - Mau 159","3","1970000"
"HISTORY","ORD000217","PENDING","1789196400000"
"HISTORY","ORD000217","PROCESSING","1789200000000"
"HISTORY","ORD000217","SHIPPING","1789203600000"
"HISTORY","ORD000217","COMPLETED","1789207200000"
"ORDER","ORD000218","Do Bao Tran","0921285643","570000","1789197300000","2","COMPLETED"
"ITEM","ORD000218","P991","Cap USB-C Ugreen - Mau 991","3","190000"
"HISTORY","ORD000218","PENDING","1789197300000"
"HISTORY","ORD000218","PROCESSING","1789200900000"
"HISTORY","ORD000218","SHIPPING","1789204500000"
"HISTORY","ORD000218","COMPLETED","1789208100000"
"ORDER","ORD000219","Huynh Lan Chi","0974815308","27420000","1789198200000","2","CANCELLED"
"ITEM","ORD000219","P683","Man hinh Dell - Mau 683","2","13710000"
"HISTORY","ORD000219","PENDING","1789198200000"
"HISTORY","ORD000219","PROCESSING","1789201800000"
"HISTORY","ORD000219","CANCELLED","1789205400000"
"ORDER","ORD000220","Dang Huynh Khoa","0971450347","4473000","1789199100000","2","CANCELLED"
"ITEM","ORD000220","P954","Gia do laptop Baseus - Mau 954","4","333000"
"ITEM","ORD000220","P277","Ban phim gaming Corsair - Mau 277","2","450000"
"ITEM","ORD000220","P934","Gia do laptop Baseus - Mau 934","1","441000"
"ITEM","ORD000220","P306","RAM Kingston - Mau 306","1","1800000"
"HISTORY","ORD000220","PENDING","1789199100000"
"HISTORY","ORD000220","CANCELLED","1789202700000"
"ORDER","ORD000221","Dang Lan Chi","0984028250","2060000","1789200000000","3","PENDING"
"ITEM","ORD000221","P030","Sac du phong Anker - Mau 030","2","1030000"
"HISTORY","ORD000221","PENDING","1789200000000"
"ORDER","ORD000222","Pham Huynh Khoa","0995399985","2030000","1789200900000","3","PENDING"
"ITEM","ORD000222","P110","Sac du phong Anker - Mau 110","1","390000"
"ITEM","ORD000222","P020","Bo chia HDMI Ugreen - Mau 020","4","410000"
"HISTORY","ORD000222","PENDING","1789200900000"
"ORDER","ORD000223","Le Thu Ha","0979291705","53400000","1789201800000","3","PROCESSING"
"ITEM","ORD000223","P169","Loa Bluetooth JBL - Mau 169","3","5790000"
"ITEM","ORD000223","P663","Man hinh Dell - Mau 663","3","11420000"
"ITEM","ORD000223","P834","Gia do laptop Baseus - Mau 834","1","610000"
"ITEM","ORD000223","P661","Chuot khong day Logitech - Mau 661","2","580000"
"HISTORY","ORD000223","PENDING","1789201800000"
"HISTORY","ORD000223","PROCESSING","1789205400000"
"ORDER","ORD000224","Vu Dinh Hai","0986535253","9510000","1789202700000","3","PROCESSING"
"ITEM","ORD000224","P522","Ban phim Keychron - Mau 522","3","3170000"
"HISTORY","ORD000224","PENDING","1789202700000"
"HISTORY","ORD000224","PROCESSING","1789206300000"
"ORDER","ORD000225","Vo Huynh Khoa","0969757523","5560000","1789203600000","3","SHIPPING"
"ITEM","ORD000225","P386","RAM Kingston - Mau 386","4","1210000"
"ITEM","ORD000225","P111","Cap USB-C Ugreen - Mau 111","3","240000"
"HISTORY","ORD000225","PENDING","1789203600000"
"HISTORY","ORD000225","PROCESSING","1789207200000"
"HISTORY","ORD000225","SHIPPING","1789210800000"
"ORDER","ORD000226","Huynh Dinh Hai","0951494374","31390000","1789204500000","1","SHIPPING"
"ITEM","ORD000226","P109","Loa Bluetooth JBL - Mau 109","3","6430000"
"ITEM","ORD000226","P513","USB Sandisk - Mau 513","3","280000"
"ITEM","ORD000226","P304","Tai nghe Sony - Mau 304","2","5630000"
"HISTORY","ORD000226","PENDING","1789204500000"
"HISTORY","ORD000226","PROCESSING","1789208100000"
"HISTORY","ORD000226","SHIPPING","1789211700000"
"ORDER","ORD000227","Pham Huynh Khoa","0994242645","18690000","1789205400000","1","COMPLETED"
"ITEM","ORD000227","P092","Router WiFi TP-Link - Mau 092","3","2500000"
"ITEM","ORD000227","P671","Cap USB-C Ugreen - Mau 671","2","420000"
"ITEM","ORD000227","P172","Router WiFi TP-Link - Mau 172","3","3450000"
"HISTORY","ORD000227","PENDING","1789205400000"
"HISTORY","ORD000227","PROCESSING","1789209000000"
"HISTORY","ORD000227","SHIPPING","1789212600000"
"HISTORY","ORD000227","COMPLETED","1789216200000"
"ORDER","ORD000228","Dang Tuan Kiet","0971509661","92580000","1789206300000","1","COMPLETED"
"ITEM","ORD000228","P155","O cung HDD Seagate - Mau 155","3","1140000"
"ITEM","ORD000228","P687","Laptop Asus - Mau 687","4","22290000"
"HISTORY","ORD000228","PENDING","1789206300000"
"HISTORY","ORD000228","PROCESSING","1789209900000"
"HISTORY","ORD000228","SHIPPING","1789213500000"
"HISTORY","ORD000228","COMPLETED","1789217100000"
"ORDER","ORD000229","Phan Dang Khoa","0967408809","29950000","1789207200000","1","CANCELLED"
"ITEM","ORD000229","P536","Chuot gaming Razer - Mau 536","3","1090000"
"ITEM","ORD000229","P843","Man hinh Dell - Mau 843","2","8620000"
"ITEM","ORD000229","P578","Microphone HyperX - Mau 578","3","3100000"
"ITEM","ORD000229","P591","Cap USB-C Ugreen - Mau 591","2","70000"
"HISTORY","ORD000229","PENDING","1789207200000"
"HISTORY","ORD000229","PROCESSING","1789210800000"
"HISTORY","ORD000229","CANCELLED","1789214400000"
"ORDER","ORD000230","Hoang Dang Khoa","0922559956","1240000","1789208100000","1","CANCELLED"
"ITEM","ORD000230","P553","USB Sandisk - Mau 553","4","310000"
"HISTORY","ORD000230","PENDING","1789208100000"
"HISTORY","ORD000230","CANCELLED","1789211700000"
"ORDER","ORD000231","Tran Bao Tran","0950831777","14193000","1789209000000","2","PENDING"
"ITEM","ORD000231","P821","Chuot khong day Logitech - Mau 821","1","333000"
"ITEM","ORD000231","P103","Man hinh Dell - Mau 103","1","8244000"
"ITEM","ORD000231","P391","Cap USB-C Ugreen - Mau 391","1","54000"
"ITEM","ORD000231","P895","O cung HDD Seagate - Mau 895","3","1854000"
"HISTORY","ORD000231","PENDING","1789209000000"
"ORDER","ORD000232","Do Quang Huy","0934205478","47560000","1789209900000","2","PENDING"
"ITEM","ORD000232","P591","Cap USB-C Ugreen - Mau 591","2","70000"
"ITEM","ORD000232","P951","Cap USB-C Ugreen - Mau 951","3","340000"
"ITEM","ORD000232","P667","Laptop Asus - Mau 667","2","20190000"
"ITEM","ORD000232","P804","Tai nghe Sony - Mau 804","1","6020000"
"HISTORY","ORD000232","PENDING","1789209900000"
"ORDER","ORD000233","Dang Tuan Kiet","0925660829","4400000","1789210800000","2","PROCESSING"
"ITEM","ORD000233","P053","USB Sandisk - Mau 053","3","550000"
"ITEM","ORD000233","P494","Gia do laptop Baseus - Mau 494","2","220000"
"ITEM","ORD000233","P051","Cap USB-C Ugreen - Mau 051","2","330000"
"ITEM","ORD000233","P929","Loa Bluetooth JBL - Mau 929","3","550000"
"HISTORY","ORD000233","PENDING","1789210800000"
"HISTORY","ORD000233","PROCESSING","1789214400000"
"ORDER","ORD000234","Phan Tuan Kiet","0935946829","22680000","1789211700000","2","PROCESSING"
"ITEM","ORD000234","P564","Tai nghe Sony - Mau 564","4","5670000"
"HISTORY","ORD000234","PENDING","1789211700000"
"HISTORY","ORD000234","PROCESSING","1789215300000"
"ORDER","ORD000235","Do Dang Khoa","0990238794","14940000","1789212600000","2","SHIPPING"
"ITEM","ORD000235","P324","Tai nghe Sony - Mau 324","3","3420000"
"ITEM","ORD000235","P301","Chuot khong day Logitech - Mau 301","4","1170000"
"HISTORY","ORD000235","PENDING","1789212600000"
"HISTORY","ORD000235","PROCESSING","1789216200000"
"HISTORY","ORD000235","SHIPPING","1789219800000"
"ORDER","ORD000236","Do Minh Duc","0932265433","25430000","1789213500000","3","SHIPPING"
"ITEM","ORD000236","P309","Loa Bluetooth JBL - Mau 309","4","3560000"
"ITEM","ORD000236","P226","RAM Kingston - Mau 226","2","1070000"
"ITEM","ORD000236","P962","Ban phim Keychron - Mau 962","3","1070000"
"ITEM","ORD000236","P320","Bo chia HDMI Ugreen - Mau 320","2","780000"
"ITEM","ORD000236","P579","May in Canon - Mau 579","2","2140000"
"HISTORY","ORD000236","PENDING","1789213500000"
"HISTORY","ORD000236","PROCESSING","1789217100000"
"HISTORY","ORD000236","SHIPPING","1789220700000"
"ORDER","ORD000237","Tran Thu Ha","0997792008","11300000","1789214400000","3","COMPLETED"
"ITEM","ORD000237","P317","Ban phim gaming Corsair - Mau 317","1","1520000"
"ITEM","ORD000237","P909","Loa Bluetooth JBL - Mau 909","1","1650000"
"ITEM","ORD000237","P378","Microphone HyperX - Mau 378","2","3810000"
"ITEM","ORD000237","P273","USB Sandisk - Mau 273","1","510000"
"HISTORY","ORD000237","PENDING","1789214400000"
"HISTORY","ORD000237","PROCESSING","1789218000000"
"HISTORY","ORD000237","SHIPPING","1789221600000"
"HISTORY","ORD000237","COMPLETED","1789225200000"
"ORDER","ORD000238","Huynh Quang Huy","0938301976","2990000","1789215300000","3","COMPLETED"
"ITEM","ORD000238","P954","Gia do laptop Baseus - Mau 954","1","370000"
"ITEM","ORD000238","P459","May in Canon - Mau 459","1","2620000"
"HISTORY","ORD000238","PENDING","1789215300000"
"HISTORY","ORD000238","PROCESSING","1789218900000"
"HISTORY","ORD000238","SHIPPING","1789222500000"
"HISTORY","ORD000238","COMPLETED","1789226100000"
"ORDER","ORD000239","Vu Dang Khoa","0973825809","45640000","1789216200000","3","CANCELLED"
"ITEM","ORD000239","P871","Cap USB-C Ugreen - Mau 871","4","190000"
"ITEM","ORD000239","P892","Router WiFi TP-Link - Mau 892","4","780000"
"ITEM","ORD000239","P589","Loa Bluetooth JBL - Mau 589","3","5020000"
"ITEM","ORD000239","P383","Man hinh Dell - Mau 383","3","8900000"
"HISTORY","ORD000239","PENDING","1789216200000"
"HISTORY","ORD000239","PROCESSING","1789219800000"
"HISTORY","ORD000239","CANCELLED","1789223400000"
"ORDER","ORD000240","Le Thu Ha","0940021272","5740000","1789217100000","3","CANCELLED"
"ITEM","ORD000240","P541","Chuot khong day Logitech - Mau 541","4","120000"
"ITEM","ORD000240","P010","Sac du phong Anker - Mau 010","2","1850000"
"ITEM","ORD000240","P916","Chuot gaming Razer - Mau 916","4","390000"
"HISTORY","ORD000240","PENDING","1789217100000"
"HISTORY","ORD000240","CANCELLED","1789220700000"
"ORDER","ORD000241","Dang Minh Duc","0939733929","6970000","1789218000000","1","PENDING"
"ITEM","ORD000241","P498","Microphone HyperX - Mau 498","1","2610000"
"ITEM","ORD000241","P318","Microphone HyperX - Mau 318","3","720000"
"ITEM","ORD000241","P221","Chuot khong day Logitech - Mau 221","4","550000"
"HISTORY","ORD000241","PENDING","1789218000000"
"ORDER","ORD000242","Tran Quang Huy","0979260175","2664000","1789218900000","1","PENDING"
"ITEM","ORD000242","P330","Sac du phong Anker - Mau 330","2","567000"
"ITEM","ORD000242","P888","Webcam Logitech - Mau 888","1","1530000"
"HISTORY","ORD000242","PENDING","1789218900000"
"ORDER","ORD000243","Bui Huynh Khoa","0947617233","30620000","1789219800000","1","PROCESSING"
"ITEM","ORD000243","P929","Loa Bluetooth JBL - Mau 929","2","550000"
"ITEM","ORD000243","P493","USB Sandisk - Mau 493","1","300000"
"ITEM","ORD000243","P689","Loa Bluetooth JBL - Mau 689","3","5060000"
"ITEM","ORD000243","P505","SSD Samsung - Mau 505","4","3510000"
"HISTORY","ORD000243","PENDING","1789219800000"
"HISTORY","ORD000243","PROCESSING","1789223400000"
"ORDER","ORD000244","Nguyen Huynh Khoa","0989631348","2720000","1789220700000","1","PROCESSING"
"ITEM","ORD000244","P715","O cung HDD Seagate - Mau 715","1","2720000"
"HISTORY","ORD000244","PENDING","1789220700000"
"HISTORY","ORD000244","PROCESSING","1789224300000"
"ORDER","ORD000245","Le Quang Huy","0987053710","18240000","1789221600000","1","SHIPPING"
"ITEM","ORD000245","P305","SSD Samsung - Mau 305","4","3690000"
"ITEM","ORD000245","P512","Router WiFi TP-Link - Mau 512","1","3480000"
"HISTORY","ORD000245","PENDING","1789221600000"
"HISTORY","ORD000245","PROCESSING","1789225200000"
"HISTORY","ORD000245","SHIPPING","1789228800000"
"ORDER","ORD000246","Le Thanh Nam","0956745918","9260000","1789222500000","2","SHIPPING"
"ITEM","ORD000246","P279","May in Canon - Mau 279","2","4510000"
"ITEM","ORD000246","P541","Chuot khong day Logitech - Mau 541","2","120000"
"HISTORY","ORD000246","PENDING","1789222500000"
"HISTORY","ORD000246","PROCESSING","1789226100000"
"HISTORY","ORD000246","SHIPPING","1789229700000"
"ORDER","ORD000247","Dang Minh An","0958238297","24120000","1789223400000","2","COMPLETED"
"ITEM","ORD000247","P770","Sac du phong Anker - Mau 770","4","1660000"
"ITEM","ORD000247","P664","Tai nghe Sony - Mau 664","4","610000"
"ITEM","ORD000247","P543","Man hinh Dell - Mau 543","4","3370000"
"ITEM","ORD000247","P648","Webcam Logitech - Mau 648","1","1560000"
"HISTORY","ORD000247","PENDING","1789223400000"
"HISTORY","ORD000247","PROCESSING","1789227000000"
"HISTORY","ORD000247","SHIPPING","1789230600000"
"HISTORY","ORD000247","COMPLETED","1789234200000"
"ORDER","ORD000248","Bui Bao Tran","0976860399","40490000","1789224300000","2","COMPLETED"
"ITEM","ORD000248","P541","Chuot khong day Logitech - Mau 541","3","120000"
"ITEM","ORD000248","P267","Laptop Asus - Mau 267","1","20290000"
"ITEM","ORD000248","P444","Tai nghe Sony - Mau 444","2","6530000"
"ITEM","ORD000248","P062","Ban phim Keychron - Mau 062","2","3390000"
"HISTORY","ORD000248","PENDING","1789224300000"
"HISTORY","ORD000248","PROCESSING","1789227900000"
"HISTORY","ORD000248","SHIPPING","1789231500000"
"HISTORY","ORD000248","COMPLETED","1789235100000"
"ORDER","ORD000249","Nguyen Tuan Kiet","0944233795","46570000","1789225200000","2","CANCELLED"
"ITEM","ORD000249","P151","Cap USB-C Ugreen - Mau 151","2","280000"
"ITEM","ORD000249","P446","RAM Kingston - Mau 446","3","840000"
"ITEM","ORD000249","P917","Ban phim gaming Corsair - Mau 917","1","1860000"
"ITEM","ORD000249","P611","Cap USB-C Ugreen - Mau 611","2","250000"
"ITEM","ORD000249","P683","Man hinh Dell - Mau 683","3","13710000"
"HISTORY","ORD000249","PENDING","1789225200000"
"HISTORY","ORD000249","PROCESSING","1789228800000"
"HISTORY","ORD000249","CANCELLED","1789232400000"
"ORDER","ORD000250","Huynh Thu Ha","0925974104","20240000","1789226100000","2","CANCELLED"
"ITEM","ORD000250","P263","Man hinh Dell - Mau 263","2","6840000"
"ITEM","ORD000250","P074","Gia do laptop Baseus - Mau 074","1","450000"
"ITEM","ORD000250","P341","Chuot khong day Logitech - Mau 341","1","440000"
"ITEM","ORD000250","P564","Tai nghe Sony - Mau 564","1","5670000"
"HISTORY","ORD000250","PENDING","1789226100000"
"HISTORY","ORD000250","CANCELLED","1789229700000"
"ORDER","ORD000251","Do Huynh Khoa","0952571350","30050000","1789227000000","3","PENDING"
"ITEM","ORD000251","P329","Loa Bluetooth JBL - Mau 329","1","5330000"
"ITEM","ORD000251","P832","Router WiFi TP-Link - Mau 832","4","3430000"
"ITEM","ORD000251","P488","Webcam Logitech - Mau 488","4","1620000"
"ITEM","ORD000251","P032","Router WiFi TP-Link - Mau 032","2","1380000"
"ITEM","ORD000251","P811","Cap USB-C Ugreen - Mau 811","4","440000"
"HISTORY","ORD000251","PENDING","1789227000000"
"ORDER","ORD000252","Le Dang Khoa","0944653218","14800000","1789227900000","3","PENDING"
"ITEM","ORD000252","P253","USB Sandisk - Mau 253","3","280000"
"ITEM","ORD000252","P225","SSD Samsung - Mau 225","4","2970000"
"ITEM","ORD000252","P606","RAM Kingston - Mau 606","2","520000"
"ITEM","ORD000252","P072","Router WiFi TP-Link - Mau 072","1","1040000"
"HISTORY","ORD000252","PENDING","1789227900000"
"ORDER","ORD000253","Dang Tuan Kiet","0982464831","4608000","1789228800000","3","PROCESSING"
"ITEM","ORD000253","P811","Cap USB-C Ugreen - Mau 811","1","396000"
"ITEM","ORD000253","P820","Bo chia HDMI Ugreen - Mau 820","1","702000"
"ITEM","ORD000253","P508","Webcam Logitech - Mau 508","2","1755000"
"HISTORY","ORD000253","PENDING","1789228800000"
"HISTORY","ORD000253","PROCESSING","1789232400000"
"ORDER","ORD000254","Le Dang Khoa","0958187518","4120000","1789229700000","3","PROCESSING"
"ITEM","ORD000254","P222","Ban phim Keychron - Mau 222","1","2500000"
"ITEM","ORD000254","P758","Microphone HyperX - Mau 758","3","540000"
"HISTORY","ORD000254","PENDING","1789229700000"
"HISTORY","ORD000254","PROCESSING","1789233300000"
"ORDER","ORD000255","Dang Thu Ha","0993125358","7000000","1789230600000","3","SHIPPING"
"ITEM","ORD000255","P358","Microphone HyperX - Mau 358","2","2570000"
"ITEM","ORD000255","P416","Chuot gaming Razer - Mau 416","3","440000"
"ITEM","ORD000255","P266","RAM Kingston - Mau 266","1","540000"
"HISTORY","ORD000255","PENDING","1789230600000"
"HISTORY","ORD000255","PROCESSING","1789234200000"
"HISTORY","ORD000255","SHIPPING","1789237800000"
"ORDER","ORD000256","Do Minh An","0979222536","1530000","1789231500000","1","SHIPPING"
"ITEM","ORD000256","P841","Chuot khong day Logitech - Mau 841","3","510000"
"HISTORY","ORD000256","PENDING","1789231500000"
"HISTORY","ORD000256","PROCESSING","1789235100000"
"HISTORY","ORD000256","SHIPPING","1789238700000"
"ORDER","ORD000257","Huynh Dang Khoa","0929111223","31550000","1789232400000","1","COMPLETED"
"ITEM","ORD000257","P013","USB Sandisk - Mau 013","1","360000"
"ITEM","ORD000257","P592","Router WiFi TP-Link - Mau 592","2","2620000"
"ITEM","ORD000257","P765","SSD Samsung - Mau 765","1","4220000"
"ITEM","ORD000257","P286","RAM Kingston - Mau 286","4","2110000"
"ITEM","ORD000257","P945","SSD Samsung - Mau 945","3","4430000"
"HISTORY","ORD000257","PENDING","1789232400000"
"HISTORY","ORD000257","PROCESSING","1789236000000"
"HISTORY","ORD000257","SHIPPING","1789239600000"
"HISTORY","ORD000257","COMPLETED","1789243200000"
"ORDER","ORD000258","Hoang Quang Huy","0932551110","37180000","1789233300000","1","COMPLETED"
"ITEM","ORD000258","P362","Ban phim Keychron - Mau 362","3","2790000"
"ITEM","ORD000258","P781","Chuot khong day Logitech - Mau 781","1","990000"
"ITEM","ORD000258","P435","O cung HDD Seagate - Mau 435","1","1250000"
"ITEM","ORD000258","P647","Laptop Asus - Mau 647","1","26570000"
"HISTORY","ORD000258","PENDING","1789233300000"
"HISTORY","ORD000258","PROCESSING","1789236900000"
"HISTORY","ORD000258","SHIPPING","1789240500000"
"HISTORY","ORD000258","COMPLETED","1789244100000"
"ORDER","ORD000259","Bui Bao Tran","0924393109","9580000","1789234200000","1","CANCELLED"
"ITEM","ORD000259","P417","Ban phim gaming Corsair - Mau 417","2","1490000"
"ITEM","ORD000259","P633","USB Sandisk - Mau 633","4","590000"
"ITEM","ORD000259","P272","Router WiFi TP-Link - Mau 272","2","1060000"
"ITEM","ORD000259","P593","USB Sandisk - Mau 593","4","530000"
"HISTORY","ORD000259","PENDING","1789234200000"
"HISTORY","ORD000259","PROCESSING","1789237800000"
"HISTORY","ORD000259","CANCELLED","1789241400000"
"ORDER","ORD000260","Huynh Bao Tran","0943041581","100450000","1789235100000","1","CANCELLED"
"ITEM","ORD000260","P774","Gia do laptop Baseus - Mau 774","4","110000"
"ITEM","ORD000260","P707","Laptop Asus - Mau 707","3","32730000"
"ITEM","ORD000260","P641","Chuot khong day Logitech - Mau 641","2","910000"
"HISTORY","ORD000260","PENDING","1789235100000"
"HISTORY","ORD000260","CANCELLED","1789238700000"
"ORDER","ORD000261","Tran Huynh Khoa","0976277298","23870000","1789236000000","2","PENDING"
"ITEM","ORD000261","P218","Microphone HyperX - Mau 218","1","1430000"
"ITEM","ORD000261","P066","RAM Kingston - Mau 066","4","2220000"
"ITEM","ORD000261","P298","Microphone HyperX - Mau 298","4","3390000"
"HISTORY","ORD000261","PENDING","1789236000000"
"ORDER","ORD000262","Vu Tuan Kiet","0952482482","19590000","1789236900000","2","PENDING"
"ITEM","ORD000262","P668","Webcam Logitech - Mau 668","3","2080000"
"ITEM","ORD000262","P855","O cung HDD Seagate - Mau 855","3","1690000"
"ITEM","ORD000262","P977","Ban phim gaming Corsair - Mau 977","2","4140000"
"HISTORY","ORD000262","PENDING","1789236900000"
"ORDER","ORD000263","Le Minh Duc","0986523911","4050000","1789237800000","2","PROCESSING"
"ITEM","ORD000263","P789","Loa Bluetooth JBL - Mau 789","3","890000"
"ITEM","ORD000263","P357","Ban phim gaming Corsair - Mau 357","2","690000"
"HISTORY","ORD000263","PENDING","1789237800000"
"HISTORY","ORD000263","PROCESSING","1789241400000"
"ORDER","ORD000264","Hoang Quang Huy","0951550693","45522000","1789238700000","2","PROCESSING"
"ITEM","ORD000264","P142","Ban phim Keychron - Mau 142","4","1782000"
"ITEM","ORD000264","P804","Tai nghe Sony - Mau 804","4","5418000"
"ITEM","ORD000264","P466","RAM Kingston - Mau 466","4","2151000"
"ITEM","ORD000264","P259","May in Canon - Mau 259","1","7200000"
"ITEM","ORD000264","P951","Cap USB-C Ugreen - Mau 951","3","306000"
"HISTORY","ORD000264","PENDING","1789238700000"
"HISTORY","ORD000264","PROCESSING","1789242300000"
"ORDER","ORD000265","Huynh Dinh Hai","0944914227","59230000","1789239600000","2","SHIPPING"
"ITEM","ORD000265","P787","Laptop Asus - Mau 787","2","28790000"
"ITEM","ORD000265","P929","Loa Bluetooth JBL - Mau 929","3","550000"
"HISTORY","ORD000265","PENDING","1789239600000"
"HISTORY","ORD000265","PROCESSING","1789243200000"
"HISTORY","ORD000265","SHIPPING","1789246800000"
"ORDER","ORD000266","Huynh Lan Chi","0955398145","1410000","1789240500000","3","SHIPPING"
"ITEM","ORD000266","P442","Ban phim Keychron - Mau 442","3","470000"
"HISTORY","ORD000266","PENDING","1789240500000"
"HISTORY","ORD000266","PROCESSING","1789244100000"
"HISTORY","ORD000266","SHIPPING","1789247700000"
"ORDER","ORD000267","Bui Huynh Khoa","0941897395","9640000","1789241400000","3","COMPLETED"
"ITEM","ORD000267","P353","USB Sandisk - Mau 353","2","320000"
"ITEM","ORD000267","P808","Webcam Logitech - Mau 808","4","2250000"
"HISTORY","ORD000267","PENDING","1789241400000"
"HISTORY","ORD000267","PROCESSING","1789245000000"
"HISTORY","ORD000267","SHIPPING","1789248600000"
"HISTORY","ORD000267","COMPLETED","1789252200000"
"ORDER","ORD000268","Tran Minh An","0965943124","24440000","1789242300000","3","COMPLETED"
"ITEM","ORD000268","P779","May in Canon - Mau 779","3","7210000"
"ITEM","ORD000268","P780","Bo chia HDMI Ugreen - Mau 780","3","370000"
"ITEM","ORD000268","P473","USB Sandisk - Mau 473","4","190000"
"ITEM","ORD000268","P793","USB Sandisk - Mau 793","1","570000"
"ITEM","ORD000268","P761","Chuot khong day Logitech - Mau 761","1","370000"
"HISTORY","ORD000268","PENDING","1789242300000"
"HISTORY","ORD000268","PROCESSING","1789245900000"
"HISTORY","ORD000268","SHIPPING","1789249500000"
"HISTORY","ORD000268","COMPLETED","1789253100000"
"ORDER","ORD000269","Nguyen Dang Khoa","0990667179","14060000","1789243200000","3","CANCELLED"
"ITEM","ORD000269","P755","O cung HDD Seagate - Mau 755","1","2080000"
"ITEM","ORD000269","P951","Cap USB-C Ugreen - Mau 951","2","340000"
"ITEM","ORD000269","P709","Loa Bluetooth JBL - Mau 709","2","3950000"
"ITEM","ORD000269","P490","Sac du phong Anker - Mau 490","4","850000"
"HISTORY","ORD000269","PENDING","1789243200000"
"HISTORY","ORD000269","PROCESSING","1789246800000"
"HISTORY","ORD000269","CANCELLED","1789250400000"
"ORDER","ORD000270","Vu Dang Khoa","0972926212","12470000","1789244100000","3","CANCELLED"
"ITEM","ORD000270","P204","Tai nghe Sony - Mau 204","4","1080000"
"ITEM","ORD000270","P948","Webcam Logitech - Mau 948","1","1870000"
"ITEM","ORD000270","P491","Cap USB-C Ugreen - Mau 491","3","220000"
"ITEM","ORD000270","P186","RAM Kingston - Mau 186","2","2630000"
"ITEM","ORD000270","P394","Gia do laptop Baseus - Mau 394","3","120000"
"HISTORY","ORD000270","PENDING","1789244100000"
"HISTORY","ORD000270","CANCELLED","1789247700000"
"ORDER","ORD000271","Nguyen Minh An","0957557227","21260000","1789245000000","1","PENDING"
"ITEM","ORD000271","P397","Ban phim gaming Corsair - Mau 397","4","1710000"
"ITEM","ORD000271","P295","O cung HDD Seagate - Mau 295","2","1870000"
"ITEM","ORD000271","P309","Loa Bluetooth JBL - Mau 309","3","3560000"
"HISTORY","ORD000271","PENDING","1789245000000"
"ORDER","ORD000272","Bui Huynh Khoa","0942741024","16200000","1789245900000","1","PENDING"
"ITEM","ORD000272","P305","SSD Samsung - Mau 305","4","3690000"
"ITEM","ORD000272","P392","Router WiFi TP-Link - Mau 392","1","1440000"
"HISTORY","ORD000272","PENDING","1789245900000"
"ORDER","ORD000273","Tran Dang Khoa","0915305698","1730000","1789246800000","1","PROCESSING"
"ITEM","ORD000273","P502","Ban phim Keychron - Mau 502","1","1730000"
"HISTORY","ORD000273","PENDING","1789246800000"
"HISTORY","ORD000273","PROCESSING","1789250400000"
"ORDER","ORD000274","Vu Thu Ha","0973520522","34220000","1789247700000","1","PROCESSING"
"ITEM","ORD000274","P171","Cap USB-C Ugreen - Mau 171","3","410000"
"ITEM","ORD000274","P831","Cap USB-C Ugreen - Mau 831","3","430000"
"ITEM","ORD000274","P102","Ban phim Keychron - Mau 102","2","2680000"
"ITEM","ORD000274","P042","Ban phim Keychron - Mau 042","2","1700000"
"ITEM","ORD000274","P047","Laptop Asus - Mau 047","2","11470000"
"HISTORY","ORD000274","PENDING","1789247700000"
"HISTORY","ORD000274","PROCESSING","1789251300000"
"ORDER","ORD000275","Vu Tuan Kiet","0963485851","26928000","1789248600000","1","SHIPPING"
"ITEM","ORD000275","P067","Laptop Asus - Mau 067","2","13095000"
"ITEM","ORD000275","P816","Chuot gaming Razer - Mau 816","2","369000"
"HISTORY","ORD000275","PENDING","1789248600000"
"HISTORY","ORD000275","PROCESSING","1789252200000"
"HISTORY","ORD000275","SHIPPING","1789255800000"
"ORDER","ORD000276","Hoang Minh An","0963488200","42350000","1789249500000","2","SHIPPING"
"ITEM","ORD000276","P087","Laptop Asus - Mau 087","1","20810000"
"ITEM","ORD000276","P645","SSD Samsung - Mau 645","3","1800000"
"ITEM","ORD000276","P605","SSD Samsung - Mau 605","2","1170000"
"ITEM","ORD000276","P876","Chuot gaming Razer - Mau 876","3","2340000"
"ITEM","ORD000276","P298","Microphone HyperX - Mau 298","2","3390000"
"HISTORY","ORD000276","PENDING","1789249500000"
"HISTORY","ORD000276","PROCESSING","1789253100000"
"HISTORY","ORD000276","SHIPPING","1789256700000"
"ORDER","ORD000277","Vu Minh Duc","0916092498","8520000","1789250400000","2","COMPLETED"
"ITEM","ORD000277","P922","Ban phim Keychron - Mau 922","1","2690000"
"ITEM","ORD000277","P100","Bo chia HDMI Ugreen - Mau 100","1","220000"
"ITEM","ORD000277","P295","O cung HDD Seagate - Mau 295","3","1870000"
"HISTORY","ORD000277","PENDING","1789250400000"
"HISTORY","ORD000277","PROCESSING","1789254000000"
"HISTORY","ORD000277","SHIPPING","1789257600000"
"HISTORY","ORD000277","COMPLETED","1789261200000"
"ORDER","ORD000278","Bui Minh Duc","0995002278","40400000","1789251300000","2","COMPLETED"
"ITEM","ORD000278","P837","Ban phim gaming Corsair - Mau 837","2","2150000"
"ITEM","ORD000278","P868","Webcam Logitech - Mau 868","2","2330000"
"ITEM","ORD000278","P068","Webcam Logitech - Mau 068","2","770000"
"ITEM","ORD000278","P779","May in Canon - Mau 779","4","7210000"
"ITEM","ORD000278","P114","Gia do laptop Baseus - Mau 114","2","530000"
"HISTORY","ORD000278","PENDING","1789251300000"
"HISTORY","ORD000278","PROCESSING","1789254900000"
"HISTORY","ORD000278","SHIPPING","1789258500000"
"HISTORY","ORD000278","COMPLETED","1789262100000"
"ORDER","ORD000279","Pham Minh Duc","0941459769","32330000","1789252200000","2","CANCELLED"
"ITEM","ORD000279","P166","RAM Kingston - Mau 166","2","1060000"
"ITEM","ORD000279","P882","Ban phim Keychron - Mau 882","2","3030000"
"ITEM","ORD000279","P666","RAM Kingston - Mau 666","3","1600000"
"ITEM","ORD000279","P447","Laptop Asus - Mau 447","1","19350000"
"HISTORY","ORD000279","PENDING","1789252200000"
"HISTORY","ORD000279","PROCESSING","1789255800000"
"HISTORY","ORD000279","CANCELLED","1789259400000"
"ORDER","ORD000280","Nguyen Bao Tran","0931723611","13140000","1789253100000","2","CANCELLED"
"ITEM","ORD000280","P721","Chuot khong day Logitech - Mau 721","3","640000"
"ITEM","ORD000280","P116","Chuot gaming Razer - Mau 116","4","1060000"
"ITEM","ORD000280","P501","Chuot khong day Logitech - Mau 501","3","850000"
"ITEM","ORD000280","P335","O cung HDD Seagate - Mau 335","3","1330000"
"ITEM","ORD000280","P613","USB Sandisk - Mau 613","1","440000"
"HISTORY","ORD000280","PENDING","1789253100000"
"HISTORY","ORD000280","CANCELLED","1789256700000"
"ORDER","ORD000281","Vu Thu Ha","0919802458","1160000","1789254000000","3","PENDING"
"ITEM","ORD000281","P416","Chuot gaming Razer - Mau 416","2","440000"
"ITEM","ORD000281","P851","Cap USB-C Ugreen - Mau 851","2","140000"
"HISTORY","ORD000281","PENDING","1789254000000"
"ORDER","ORD000282","Vo Huynh Khoa","0948796872","29900000","1789254900000","3","PENDING"
"ITEM","ORD000282","P825","SSD Samsung - Mau 825","4","1850000"
"ITEM","ORD000282","P658","Microphone HyperX - Mau 658","2","3820000"
"ITEM","ORD000282","P482","Ban phim Keychron - Mau 482","1","2740000"
"ITEM","ORD000282","P882","Ban phim Keychron - Mau 882","4","3030000"
"HISTORY","ORD000282","PENDING","1789254900000"
"ORDER","ORD000283","Vu Ngoc Anh","0948033578","10860000","1789255800000","3","PROCESSING"
"ITEM","ORD000283","P352","Router WiFi TP-Link - Mau 352","3","3140000"
"ITEM","ORD000283","P148","Webcam Logitech - Mau 148","4","360000"
"HISTORY","ORD000283","PENDING","1789255800000"
"HISTORY","ORD000283","PROCESSING","1789259400000"
"ORDER","ORD000284","Vu Huynh Khoa","0927587598","6840000","1789256700000","3","PROCESSING"
"ITEM","ORD000284","P378","Microphone HyperX - Mau 378","1","3810000"
"ITEM","ORD000284","P1000","Bo chia HDMI Ugreen - Mau 1000","1","300000"
"ITEM","ORD000284","P840","Bo chia HDMI Ugreen - Mau 840","2","330000"
"ITEM","ORD000284","P357","Ban phim gaming Corsair - Mau 357","3","690000"
"HISTORY","ORD000284","PENDING","1789256700000"
"HISTORY","ORD000284","PROCESSING","1789260300000"
"ORDER","ORD000285","Dang Minh An","0970886440","33820000","1789257600000","3","SHIPPING"
"ITEM","ORD000285","P871","Cap USB-C Ugreen - Mau 871","2","190000"
"ITEM","ORD000285","P059","May in Canon - Mau 059","4","8360000"
"HISTORY","ORD000285","PENDING","1789257600000"
"HISTORY","ORD000285","PROCESSING","1789261200000"
"HISTORY","ORD000285","SHIPPING","1789264800000"
"ORDER","ORD000286","Phan Minh Duc","0947237672","4140000","1789258500000","1","SHIPPING"
"ITEM","ORD000286","P966","RAM Kingston - Mau 966","4","684000"
"ITEM","ORD000286","P820","Bo chia HDMI Ugreen - Mau 820","2","702000"
"HISTORY","ORD000286","PENDING","1789258500000"
"HISTORY","ORD000286","PROCESSING","1789262100000"
"HISTORY","ORD000286","SHIPPING","1789265700000"
"ORDER","ORD000287","Vu Minh Duc","0941980104","18380000","1789259400000","1","COMPLETED"
"ITEM","ORD000287","P639","May in Canon - Mau 639","1","2300000"
"ITEM","ORD000287","P863","Man hinh Dell - Mau 863","4","4020000"
"HISTORY","ORD000287","PENDING","1789259400000"
"HISTORY","ORD000287","PROCESSING","1789263000000"
"HISTORY","ORD000287","SHIPPING","1789266600000"
"HISTORY","ORD000287","COMPLETED","1789270200000"
"ORDER","ORD000288","Dang Dinh Hai","0991267464","4500000","1789260300000","1","COMPLETED"
"ITEM","ORD000288","P346","RAM Kingston - Mau 346","3","1500000"
"HISTORY","ORD000288","PENDING","1789260300000"
"HISTORY","ORD000288","PROCESSING","1789263900000"
"HISTORY","ORD000288","SHIPPING","1789267500000"
"HISTORY","ORD000288","COMPLETED","1789271100000"
"ORDER","ORD000289","Vo Dinh Hai","0926248927","19850000","1789261200000","1","CANCELLED"
"ITEM","ORD000289","P317","Ban phim gaming Corsair - Mau 317","4","1520000"
"ITEM","ORD000289","P677","Ban phim gaming Corsair - Mau 677","1","2400000"
"ITEM","ORD000289","P584","Tai nghe Sony - Mau 584","2","3650000"
"ITEM","ORD000289","P964","Tai nghe Sony - Mau 964","1","4070000"
"HISTORY","ORD000289","PENDING","1789261200000"
"HISTORY","ORD000289","PROCESSING","1789264800000"
"HISTORY","ORD000289","CANCELLED","1789268400000"
"ORDER","ORD000290","Le Thanh Nam","0911243359","20380000","1789262100000","1","CANCELLED"
"ITEM","ORD000290","P362","Ban phim Keychron - Mau 362","3","2790000"
"ITEM","ORD000290","P052","Router WiFi TP-Link - Mau 052","2","2900000"
"ITEM","ORD000290","P249","Loa Bluetooth JBL - Mau 249","1","3900000"
"ITEM","ORD000290","P170","Sac du phong Anker - Mau 170","3","770000"
"HISTORY","ORD000290","PENDING","1789262100000"
"HISTORY","ORD000290","CANCELLED","1789265700000"
"ORDER","ORD000291","Le Dang Khoa","0928545700","16450000","1789263000000","2","PENDING"
"ITEM","ORD000291","P461","Chuot khong day Logitech - Mau 461","4","420000"
"ITEM","ORD000291","P141","Chuot khong day Logitech - Mau 141","2","400000"
"ITEM","ORD000291","P286","RAM Kingston - Mau 286","3","2110000"
"ITEM","ORD000291","P658","Microphone HyperX - Mau 658","2","3820000"
"HISTORY","ORD000291","PENDING","1789263000000"
"ORDER","ORD000292","Dang Minh Duc","0915158296","7730000","1789263900000","2","PENDING"
"ITEM","ORD000292","P633","USB Sandisk - Mau 633","3","590000"
"ITEM","ORD000292","P089","Loa Bluetooth JBL - Mau 089","1","5960000"
"HISTORY","ORD000292","PENDING","1789263900000"
"ORDER","ORD000293","Hoang Tuan Kiet","0956227621","11290000","1789264800000","2","PROCESSING"
"ITEM","ORD000293","P612","Router WiFi TP-Link - Mau 612","1","940000"
"ITEM","ORD000293","P412","Router WiFi TP-Link - Mau 412","3","3450000"
"HISTORY","ORD000293","PENDING","1789264800000"
"HISTORY","ORD000293","PROCESSING","1789268400000"
"ORDER","ORD000294","Hoang Huynh Khoa","0942365087","38490000","1789265700000","2","PROCESSING"
"ITEM","ORD000294","P452","Router WiFi TP-Link - Mau 452","3","1660000"
"ITEM","ORD000294","P444","Tai nghe Sony - Mau 444","3","6530000"
"ITEM","ORD000294","P512","Router WiFi TP-Link - Mau 512","4","3480000"
"HISTORY","ORD000294","PENDING","1789265700000"
"HISTORY","ORD000294","PROCESSING","1789269300000"
"ORDER","ORD000295","Dang Dang Khoa","0935070228","5550000","1789266600000","2","SHIPPING"
"ITEM","ORD000295","P010","Sac du phong Anker - Mau 010","3","1850000"
"HISTORY","ORD000295","PENDING","1789266600000"
"HISTORY","ORD000295","PROCESSING","1789270200000"
"HISTORY","ORD000295","SHIPPING","1789273800000"
"ORDER","ORD000296","Nguyen Dinh Hai","0918901933","20370000","1789267500000","3","SHIPPING"
"ITEM","ORD000296","P111","Cap USB-C Ugreen - Mau 111","2","240000"
"ITEM","ORD000296","P050","Sac du phong Anker - Mau 050","2","1990000"
"ITEM","ORD000296","P995","O cung HDD Seagate - Mau 995","1","2730000"
"ITEM","ORD000296","P768","Webcam Logitech - Mau 768","4","2020000"
"ITEM","ORD000296","P042","Ban phim Keychron - Mau 042","3","1700000"
"HISTORY","ORD000296","PENDING","1789267500000"
"HISTORY","ORD000296","PROCESSING","1789271100000"
"HISTORY","ORD000296","SHIPPING","1789274700000"
"ORDER","ORD000297","Le Thanh Nam","0953848277","6714000","1789268400000","3","COMPLETED"
"ITEM","ORD000297","P930","Sac du phong Anker - Mau 930","4","1485000"
"ITEM","ORD000297","P797","Ban phim gaming Corsair - Mau 797","1","774000"
"HISTORY","ORD000297","PENDING","1789268400000"
"HISTORY","ORD000297","PROCESSING","1789272000000"
"HISTORY","ORD000297","SHIPPING","1789275600000"
"HISTORY","ORD000297","COMPLETED","1789279200000"
"ORDER","ORD000298","Vo Minh An","0955073534","10900000","1789269300000","3","COMPLETED"
"ITEM","ORD000298","P465","SSD Samsung - Mau 465","1","4210000"
"ITEM","ORD000298","P393","USB Sandisk - Mau 393","4","90000"
"ITEM","ORD000298","P568","Webcam Logitech - Mau 568","3","1210000"
"ITEM","ORD000298","P230","Sac du phong Anker - Mau 230","2","700000"
"ITEM","ORD000298","P472","Router WiFi TP-Link - Mau 472","1","1300000"
"HISTORY","ORD000298","PENDING","1789269300000"
"HISTORY","ORD000298","PROCESSING","1789272900000"
"HISTORY","ORD000298","SHIPPING","1789276500000"
"HISTORY","ORD000298","COMPLETED","1789280100000"
"ORDER","ORD000299","Do Ngoc Anh","0998857517","102210000","1789270200000","3","CANCELLED"
"ITEM","ORD000299","P986","RAM Kingston - Mau 986","3","1660000"
"ITEM","ORD000299","P727","Laptop Asus - Mau 727","3","32410000"
"HISTORY","ORD000299","PENDING","1789270200000"
"HISTORY","ORD000299","PROCESSING","1789273800000"
"HISTORY","ORD000299","CANCELLED","1789277400000"
"ORDER","ORD000300","Do Quang Huy","0913845581","119620000","1789271100000","3","CANCELLED"
"ITEM","ORD000300","P627","Laptop Asus - Mau 627","4","20210000"
"ITEM","ORD000300","P170","Sac du phong Anker - Mau 170","3","770000"
"ITEM","ORD000300","P829","Loa Bluetooth JBL - Mau 829","4","3490000"
"ITEM","ORD000300","P150","Sac du phong Anker - Mau 150","4","1890000"
"ITEM","ORD000300","P123","Man hinh Dell - Mau 123","1","14950000"
"HISTORY","ORD000300","PENDING","1789271100000"
"HISTORY","ORD000300","CANCELLED","1789274700000"
"ORDER","ORD000301","Dang Bao Tran","0923711517","10640000","1789272000000","1","PENDING"
"ITEM","ORD000301","P231","Cap USB-C Ugreen - Mau 231","2","130000"
"ITEM","ORD000301","P763","Man hinh Dell - Mau 763","1","10380000"
"HISTORY","ORD000301","PENDING","1789272000000"
"ORDER","ORD000302","Vo Ngoc Anh","0934404809","43930000","1789272900000","1","PENDING"
"ITEM","ORD000302","P597","Ban phim gaming Corsair - Mau 597","4","580000"
"ITEM","ORD000302","P683","Man hinh Dell - Mau 683","3","13710000"
"ITEM","ORD000302","P174","Gia do laptop Baseus - Mau 174","2","240000"
"HISTORY","ORD000302","PENDING","1789272900000"
"ORDER","ORD000303","Bui Lan Chi","0965778004","51120000","1789273800000","1","PROCESSING"
"ITEM","ORD000303","P347","Laptop Asus - Mau 347","3","17040000"
"HISTORY","ORD000303","PENDING","1789273800000"
"HISTORY","ORD000303","PROCESSING","1789277400000"
"ORDER","ORD000304","Phan Thanh Nam","0955338782","8770000","1789274700000","1","PROCESSING"
"ITEM","ORD000304","P342","Ban phim Keychron - Mau 342","2","1580000"
"ITEM","ORD000304","P602","Ban phim Keychron - Mau 602","3","1870000"
"HISTORY","ORD000304","PENDING","1789274700000"
"HISTORY","ORD000304","PROCESSING","1789278300000"
"ORDER","ORD000305","Phan Quang Huy","0984149124","14860000","1789275600000","1","SHIPPING"
"ITEM","ORD000305","P223","Man hinh Dell - Mau 223","1","12490000"
"ITEM","ORD000305","P788","Webcam Logitech - Mau 788","1","2010000"
"ITEM","ORD000305","P081","Chuot khong day Logitech - Mau 081","3","120000"
"HISTORY","ORD000305","PENDING","1789275600000"
"HISTORY","ORD000305","PROCESSING","1789279200000"
"HISTORY","ORD000305","SHIPPING","1789282800000"
"ORDER","ORD000306","Huynh Dinh Hai","0912408046","33320000","1789276500000","2","SHIPPING"
"ITEM","ORD000306","P800","Bo chia HDMI Ugreen - Mau 800","4","250000"
"ITEM","ORD000306","P667","Laptop Asus - Mau 667","1","20190000"
"ITEM","ORD000306","P449","Loa Bluetooth JBL - Mau 449","2","5730000"
"ITEM","ORD000306","P601","Chuot khong day Logitech - Mau 601","1","670000"
"HISTORY","ORD000306","PENDING","1789276500000"
"HISTORY","ORD000306","PROCESSING","1789280100000"
"HISTORY","ORD000306","SHIPPING","1789283700000"
"ORDER","ORD000307","Tran Bao Tran","0968142345","115190000","1789277400000","2","COMPLETED"
"ITEM","ORD000307","P824","Tai nghe Sony - Mau 824","3","5060000"
"ITEM","ORD000307","P563","Man hinh Dell - Mau 563","1","10850000"
"ITEM","ORD000307","P027","Laptop Asus - Mau 027","3","29720000"
"HISTORY","ORD000307","PENDING","1789277400000"
"HISTORY","ORD000307","PROCESSING","1789281000000"
"HISTORY","ORD000307","SHIPPING","1789284600000"
"HISTORY","ORD000307","COMPLETED","1789288200000"
"ORDER","ORD000308","Vo Bao Tran","0930013795","74916000","1789278300000","2","COMPLETED"
"ITEM","ORD000308","P087","Laptop Asus - Mau 087","4","18729000"
"HISTORY","ORD000308","PENDING","1789278300000"
"HISTORY","ORD000308","PROCESSING","1789281900000"
"HISTORY","ORD000308","SHIPPING","1789285500000"
"HISTORY","ORD000308","COMPLETED","1789289100000"
"ORDER","ORD000309","Dang Quang Huy","0994485872","22430000","1789279200000","2","CANCELLED"
"ITEM","ORD000309","P239","May in Canon - Mau 239","3","6670000"
"ITEM","ORD000309","P072","Router WiFi TP-Link - Mau 072","2","1040000"
"ITEM","ORD000309","P193","USB Sandisk - Mau 193","2","170000"
"HISTORY","ORD000309","PENDING","1789279200000"
"HISTORY","ORD000309","PROCESSING","1789282800000"
"HISTORY","ORD000309","CANCELLED","1789286400000"
"ORDER","ORD000310","Le Lan Chi","0926397790","32500000","1789280100000","2","CANCELLED"
"ITEM","ORD000310","P921","Chuot khong day Logitech - Mau 921","4","490000"
"ITEM","ORD000310","P663","Man hinh Dell - Mau 663","2","11420000"
"ITEM","ORD000310","P658","Microphone HyperX - Mau 658","1","3820000"
"ITEM","ORD000310","P665","SSD Samsung - Mau 665","2","1800000"
"ITEM","ORD000310","P751","Cap USB-C Ugreen - Mau 751","4","70000"
"HISTORY","ORD000310","PENDING","1789280100000"
"HISTORY","ORD000310","CANCELLED","1789283700000"
"ORDER","ORD000311","Le Huynh Khoa","0974771751","6990000","1789281000000","3","PENDING"
"ITEM","ORD000311","P069","Loa Bluetooth JBL - Mau 069","1","1600000"
"ITEM","ORD000311","P886","RAM Kingston - Mau 886","1","1490000"
"ITEM","ORD000311","P472","Router WiFi TP-Link - Mau 472","3","1300000"
"HISTORY","ORD000311","PENDING","1789281000000"
"ORDER","ORD000312","Vo Lan Chi","0932022094","720000","1789281900000","3","PENDING"
"ITEM","ORD000312","P054","Gia do laptop Baseus - Mau 054","3","240000"
"HISTORY","ORD000312","PENDING","1789281900000"
"ORDER","ORD000313","Dang Minh Duc","0950181747","3140000","1789282800000","3","PROCESSING"
"ITEM","ORD000313","P376","Chuot gaming Razer - Mau 376","2","370000"
"ITEM","ORD000313","P520","Bo chia HDMI Ugreen - Mau 520","3","800000"
"HISTORY","ORD000313","PENDING","1789282800000"
"HISTORY","ORD000313","PROCESSING","1789286400000"
"ORDER","ORD000314","Vu Huynh Khoa","0969604135","30050000","1789283700000","3","PROCESSING"
"ITEM","ORD000314","P551","Cap USB-C Ugreen - Mau 551","3","450000"
"ITEM","ORD000314","P522","Ban phim Keychron - Mau 522","2","3170000"
"ITEM","ORD000314","P344","Tai nghe Sony - Mau 344","3","6090000"
"ITEM","ORD000314","P321","Chuot khong day Logitech - Mau 321","1","850000"
"ITEM","ORD000314","P540","Bo chia HDMI Ugreen - Mau 540","4","810000"
"HISTORY","ORD000314","PENDING","1789283700000"
"HISTORY","ORD000314","PROCESSING","1789287300000"
"ORDER","ORD000315","Nguyen Minh Duc","0980925187","46200000","1789284600000","3","SHIPPING"
"ITEM","ORD000315","P342","Ban phim Keychron - Mau 342","3","1580000"
"ITEM","ORD000315","P244","Tai nghe Sony - Mau 244","2","4200000"
"ITEM","ORD000315","P307","Laptop Asus - Mau 307","1","23260000"
"ITEM","ORD000315","P666","RAM Kingston - Mau 666","3","1600000"
"ITEM","ORD000315","P222","Ban phim Keychron - Mau 222","2","2500000"
"HISTORY","ORD000315","PENDING","1789284600000"
"HISTORY","ORD000315","PROCESSING","1789288200000"
"HISTORY","ORD000315","SHIPPING","1789291800000"
"ORDER","ORD000316","Vo Minh Duc","0958874503","7510000","1789285500000","1","SHIPPING"
"ITEM","ORD000316","P046","RAM Kingston - Mau 046","1","890000"
"ITEM","ORD000316","P750","Sac du phong Anker - Mau 750","2","550000"
"ITEM","ORD000316","P302","Ban phim Keychron - Mau 302","3","1000000"
"ITEM","ORD000316","P240","Bo chia HDMI Ugreen - Mau 240","3","840000"
"HISTORY","ORD000316","PENDING","1789285500000"
"HISTORY","ORD000316","PROCESSING","1789289100000"
"HISTORY","ORD000316","SHIPPING","1789292700000"
"ORDER","ORD000317","Tran Thanh Nam","0913119842","16230000","1789286400000","1","COMPLETED"
"ITEM","ORD000317","P705","SSD Samsung - Mau 705","1","4470000"
"ITEM","ORD000317","P681","Chuot khong day Logitech - Mau 681","4","360000"
"ITEM","ORD000317","P743","Man hinh Dell - Mau 743","1","10320000"
"HISTORY","ORD000317","PENDING","1789286400000"
"HISTORY","ORD000317","PROCESSING","1789290000000"
"HISTORY","ORD000317","SHIPPING","1789293600000"
"HISTORY","ORD000317","COMPLETED","1789297200000"
"ORDER","ORD000318","Nguyen Thu Ha","0952839818","7830000","1789287300000","1","COMPLETED"
"ITEM","ORD000318","P113","USB Sandisk - Mau 113","4","400000"
"ITEM","ORD000318","P962","Ban phim Keychron - Mau 962","1","1070000"
"ITEM","ORD000318","P858","Microphone HyperX - Mau 858","2","2580000"
"HISTORY","ORD000318","PENDING","1789287300000"
"HISTORY","ORD000318","PROCESSING","1789290900000"
"HISTORY","ORD000318","SHIPPING","1789294500000"
"HISTORY","ORD000318","COMPLETED","1789298100000"
"ORDER","ORD000319","Tran Quang Huy","0927115995","6840000","1789288200000","1","CANCELLED"
"ITEM","ORD000319","P157","Ban phim gaming Corsair - Mau 157","1","1116000"
"ITEM","ORD000319","P399","May in Canon - Mau 399","4","1431000"
"HISTORY","ORD000319","PENDING","1789288200000"
"HISTORY","ORD000319","PROCESSING","1789291800000"
"HISTORY","ORD000319","CANCELLED","1789295400000"
"ORDER","ORD000320","Tran Tuan Kiet","0956360270","16790000","1789289100000","1","CANCELLED"
"ITEM","ORD000320","P894","Gia do laptop Baseus - Mau 894","4","250000"
"ITEM","ORD000320","P271","Cap USB-C Ugreen - Mau 271","1","440000"
"ITEM","ORD000320","P290","Sac du phong Anker - Mau 290","4","1910000"
"ITEM","ORD000320","P526","RAM Kingston - Mau 526","3","2570000"
"HISTORY","ORD000320","PENDING","1789289100000"
"HISTORY","ORD000320","CANCELLED","1789292700000"
"ORDER","ORD000321","Bui Thu Ha","0987383230","39640000","1789290000000","2","PENDING"
"ITEM","ORD000321","P421","Chuot khong day Logitech - Mau 421","4","800000"
"ITEM","ORD000321","P186","RAM Kingston - Mau 186","4","2630000"
"ITEM","ORD000321","P148","Webcam Logitech - Mau 148","3","360000"
"ITEM","ORD000321","P462","Ban phim Keychron - Mau 462","4","1630000"
"ITEM","ORD000321","P103","Man hinh Dell - Mau 103","2","9160000"
"HISTORY","ORD000321","PENDING","1789290000000"
"ORDER","ORD000322","Bui Dang Khoa","0975217881","28380000","1789290900000","2","PENDING"
"ITEM","ORD000322","P479","May in Canon - Mau 479","3","5780000"
"ITEM","ORD000322","P349","Loa Bluetooth JBL - Mau 349","4","2760000"
"HISTORY","ORD000322","PENDING","1789290900000"
"ORDER","ORD000323","Bui Huynh Khoa","0928241350","62530000","1789291800000","2","PROCESSING"
"ITEM","ORD000323","P626","RAM Kingston - Mau 626","1","650000"
"ITEM","ORD000323","P890","Sac du phong Anker - Mau 890","2","1780000"
"ITEM","ORD000323","P534","Gia do laptop Baseus - Mau 534","2","790000"
"ITEM","ORD000323","P075","O cung HDD Seagate - Mau 075","4","2610000"
"ITEM","ORD000323","P547","Laptop Asus - Mau 547","2","23150000"
"HISTORY","ORD000323","PENDING","1789291800000"
"HISTORY","ORD000323","PROCESSING","1789295400000"
"ORDER","ORD000324","Dang Huynh Khoa","0937146642","3570000","1789292700000","2","PROCESSING"
"ITEM","ORD000324","P046","RAM Kingston - Mau 046","1","890000"
"ITEM","ORD000324","P278","Microphone HyperX - Mau 278","3","610000"
"ITEM","ORD000324","P911","Cap USB-C Ugreen - Mau 911","4","140000"
"ITEM","ORD000324","P440","Bo chia HDMI Ugreen - Mau 440","1","290000"
"HISTORY","ORD000324","PENDING","1789292700000"
"HISTORY","ORD000324","PROCESSING","1789296300000"
"ORDER","ORD000325","Huynh Ngoc Anh","0969756141","18010000","1789293600000","2","SHIPPING"
"ITEM","ORD000325","P492","Router WiFi TP-Link - Mau 492","1","2890000"
"ITEM","ORD000325","P813","USB Sandisk - Mau 813","3","400000"
"ITEM","ORD000325","P475","O cung HDD Seagate - Mau 475","2","2280000"
"ITEM","ORD000325","P972","Router WiFi TP-Link - Mau 972","4","2340000"
"HISTORY","ORD000325","PENDING","1789293600000"
"HISTORY","ORD000325","PROCESSING","1789297200000"
"HISTORY","ORD000325","SHIPPING","1789300800000"
"ORDER","ORD000326","Huynh Thanh Nam","0947151164","5320000","1789294500000","3","SHIPPING"
"ITEM","ORD000326","P962","Ban phim Keychron - Mau 962","2","1070000"
"ITEM","ORD000326","P638","Microphone HyperX - Mau 638","1","3180000"
"HISTORY","ORD000326","PENDING","1789294500000"
"HISTORY","ORD000326","PROCESSING","1789298100000"
"HISTORY","ORD000326","SHIPPING","1789301700000"
"ORDER","ORD000327","Tran Ngoc Anh","0982142521","6650000","1789295400000","3","COMPLETED"
"ITEM","ORD000327","P411","Cap USB-C Ugreen - Mau 411","2","400000"
"ITEM","ORD000327","P646","RAM Kingston - Mau 646","3","1950000"
"HISTORY","ORD000327","PENDING","1789295400000"
"HISTORY","ORD000327","PROCESSING","1789299000000"
"HISTORY","ORD000327","SHIPPING","1789302600000"
"HISTORY","ORD000327","COMPLETED","1789306200000"
"ORDER","ORD000328","Phan Quang Huy","0947711265","60800000","1789296300000","3","COMPLETED"
"ITEM","ORD000328","P298","Microphone HyperX - Mau 298","4","3390000"
"ITEM","ORD000328","P247","Laptop Asus - Mau 247","1","19920000"
"ITEM","ORD000328","P624","Tai nghe Sony - Mau 624","2","6090000"
"ITEM","ORD000328","P508","Webcam Logitech - Mau 508","4","1950000"
"ITEM","ORD000328","P118","Microphone HyperX - Mau 118","2","3670000"
"HISTORY","ORD000328","PENDING","1789296300000"
"HISTORY","ORD000328","PROCESSING","1789299900000"
"HISTORY","ORD000328","SHIPPING","1789303500000"
"HISTORY","ORD000328","COMPLETED","1789307100000"
"ORDER","ORD000329","Phan Quang Huy","0974510811","95960000","1789297200000","3","CANCELLED"
"ITEM","ORD000329","P267","Laptop Asus - Mau 267","4","20290000"
"ITEM","ORD000329","P242","Ban phim Keychron - Mau 242","4","1620000"
"ITEM","ORD000329","P993","USB Sandisk - Mau 993","4","350000"
"ITEM","ORD000329","P502","Ban phim Keychron - Mau 502","4","1730000"
"HISTORY","ORD000329","PENDING","1789297200000"
"HISTORY","ORD000329","PROCESSING","1789300800000"
"HISTORY","ORD000329","CANCELLED","1789304400000"
"ORDER","ORD000330","Le Ngoc Anh","0999949949","1476000","1789298100000","3","CANCELLED"
"ITEM","ORD000330","P988","Webcam Logitech - Mau 988","4","369000"
"HISTORY","ORD000330","PENDING","1789298100000"
"HISTORY","ORD000330","CANCELLED","1789301700000"
"ORDER","ORD000331","Huynh Bao Tran","0995564195","29070000","1789299000000","1","PENDING"
"ITEM","ORD000331","P933","USB Sandisk - Mau 933","2","170000"
"ITEM","ORD000331","P250","Sac du phong Anker - Mau 250","3","650000"
"ITEM","ORD000331","P268","Webcam Logitech - Mau 268","1","340000"
"ITEM","ORD000331","P749","Loa Bluetooth JBL - Mau 749","4","3180000"
"ITEM","ORD000331","P585","SSD Samsung - Mau 585","4","3430000"
"HISTORY","ORD000331","PENDING","1789299000000"
"ORDER","ORD000332","Bui Bao Tran","0939166634","4620000","1789299900000","1","PENDING"
"ITEM","ORD000332","P122","Ban phim Keychron - Mau 122","3","780000"
"ITEM","ORD000332","P735","O cung HDD Seagate - Mau 735","1","2280000"
"HISTORY","ORD000332","PENDING","1789299900000"
"ORDER","ORD000333","Vu Huynh Khoa","0995071799","190000","1789300800000","1","PROCESSING"
"ITEM","ORD000333","P731","Cap USB-C Ugreen - Mau 731","1","190000"
"HISTORY","ORD000333","PENDING","1789300800000"
"HISTORY","ORD000333","PROCESSING","1789304400000"
"ORDER","ORD000334","Phan Minh Duc","0968579259","2490000","1789301700000","1","PROCESSING"
"ITEM","ORD000334","P495","O cung HDD Seagate - Mau 495","1","2380000"
"ITEM","ORD000334","P073","USB Sandisk - Mau 073","1","110000"
"HISTORY","ORD000334","PENDING","1789301700000"
"HISTORY","ORD000334","PROCESSING","1789305300000"
"ORDER","ORD000335","Tran Dang Khoa","0930699122","23690000","1789302600000","1","SHIPPING"
"ITEM","ORD000335","P169","Loa Bluetooth JBL - Mau 169","1","5790000"
"ITEM","ORD000335","P942","Ban phim Keychron - Mau 942","4","780000"
"ITEM","ORD000335","P350","Sac du phong Anker - Mau 350","4","1410000"
"ITEM","ORD000335","P395","O cung HDD Seagate - Mau 395","2","1330000"
"ITEM","ORD000335","P398","Microphone HyperX - Mau 398","2","3240000"
"HISTORY","ORD000335","PENDING","1789302600000"
"HISTORY","ORD000335","PROCESSING","1789306200000"
"HISTORY","ORD000335","SHIPPING","1789309800000"
"ORDER","ORD000336","Tran Tuan Kiet","0961029881","6560000","1789303500000","2","SHIPPING"
"ITEM","ORD000336","P852","Router WiFi TP-Link - Mau 852","4","1640000"
"HISTORY","ORD000336","PENDING","1789303500000"
"HISTORY","ORD000336","PROCESSING","1789307100000"
"HISTORY","ORD000336","SHIPPING","1789310700000"
"ORDER","ORD000337","Tran Quang Huy","0920579380","140000","1789304400000","2","COMPLETED"
"ITEM","ORD000337","P911","Cap USB-C Ugreen - Mau 911","1","140000"
"HISTORY","ORD000337","PENDING","1789304400000"
"HISTORY","ORD000337","PROCESSING","1789308000000"
"HISTORY","ORD000337","SHIPPING","1789311600000"
"HISTORY","ORD000337","COMPLETED","1789315200000"
"ORDER","ORD000338","Le Tuan Kiet","0912633529","50680000","1789305300000","2","COMPLETED"
"ITEM","ORD000338","P410","Sac du phong Anker - Mau 410","2","1300000"
"ITEM","ORD000338","P745","SSD Samsung - Mau 745","2","4090000"
"ITEM","ORD000338","P936","Chuot gaming Razer - Mau 936","2","2050000"
"ITEM","ORD000338","P747","Laptop Asus - Mau 747","2","17900000"
"HISTORY","ORD000338","PENDING","1789305300000"
"HISTORY","ORD000338","PROCESSING","1789308900000"
"HISTORY","ORD000338","SHIPPING","1789312500000"
"HISTORY","ORD000338","COMPLETED","1789316100000"
"ORDER","ORD000339","Hoang Quang Huy","0923248785","141200000","1789306200000","2","CANCELLED"
"ITEM","ORD000339","P471","Cap USB-C Ugreen - Mau 471","4","420000"
"ITEM","ORD000339","P387","Laptop Asus - Mau 387","4","33030000"
"ITEM","ORD000339","P879","May in Canon - Mau 879","1","2300000"
"ITEM","ORD000339","P086","RAM Kingston - Mau 086","2","2550000"
"HISTORY","ORD000339","PENDING","1789306200000"
"HISTORY","ORD000339","PROCESSING","1789309800000"
"HISTORY","ORD000339","CANCELLED","1789313400000"
"ORDER","ORD000340","Huynh Bao Tran","0956741023","34250000","1789307100000","2","CANCELLED"
"ITEM","ORD000340","P787","Laptop Asus - Mau 787","1","28790000"
"ITEM","ORD000340","P995","O cung HDD Seagate - Mau 995","2","2730000"
"HISTORY","ORD000340","PENDING","1789307100000"
"HISTORY","ORD000340","CANCELLED","1789310700000"
"ORDER","ORD000341","Bui Ngoc Anh","0919617673","20898000","1789308000000","3","PENDING"
"ITEM","ORD000341","P674","Gia do laptop Baseus - Mau 674","2","351000"
"ITEM","ORD000341","P698","Microphone HyperX - Mau 698","2","450000"
"ITEM","ORD000341","P717","Ban phim gaming Corsair - Mau 717","1","1998000"
"ITEM","ORD000341","P783","Man hinh Dell - Mau 783","2","8649000"
"HISTORY","ORD000341","PENDING","1789308000000"
"ORDER","ORD000342","Do Thu Ha","0940637100","1960000","1789308900000","3","PENDING"
"ITEM","ORD000342","P220","Bo chia HDMI Ugreen - Mau 220","4","490000"
"HISTORY","ORD000342","PENDING","1789308900000"
"ORDER","ORD000343","Nguyen Ngoc Anh","0941237331","17470000","1789309800000","3","PROCESSING"
"ITEM","ORD000343","P540","Bo chia HDMI Ugreen - Mau 540","3","810000"
"ITEM","ORD000343","P117","Ban phim gaming Corsair - Mau 117","4","3760000"
"HISTORY","ORD000343","PENDING","1789309800000"
"HISTORY","ORD000343","PROCESSING","1789313400000"
"ORDER","ORD000344","Phan Thanh Nam","0958985494","7880000","1789310700000","3","PROCESSING"
"ITEM","ORD000344","P380","Bo chia HDMI Ugreen - Mau 380","1","430000"
"ITEM","ORD000344","P570","Sac du phong Anker - Mau 570","2","390000"
"ITEM","ORD000344","P239","May in Canon - Mau 239","1","6670000"
"HISTORY","ORD000344","PENDING","1789310700000"
"HISTORY","ORD000344","PROCESSING","1789314300000"
"ORDER","ORD000345","Vu Dinh Hai","0972144030","32600000","1789311600000","3","SHIPPING"
"ITEM","ORD000345","P616","Chuot gaming Razer - Mau 616","2","1270000"
"ITEM","ORD000345","P699","May in Canon - Mau 699","3","1890000"
"ITEM","ORD000345","P883","Man hinh Dell - Mau 883","3","2800000"
"ITEM","ORD000345","P588","Webcam Logitech - Mau 588","2","690000"
"ITEM","ORD000345","P889","Loa Bluetooth JBL - Mau 889","3","4870000"
"HISTORY","ORD000345","PENDING","1789311600000"
"HISTORY","ORD000345","PROCESSING","1789315200000"
"HISTORY","ORD000345","SHIPPING","1789318800000"
"ORDER","ORD000346","Dang Huynh Khoa","0937702505","88400000","1789312500000","1","SHIPPING"
"ITEM","ORD000346","P627","Laptop Asus - Mau 627","4","20210000"
"ITEM","ORD000346","P018","Microphone HyperX - Mau 018","2","3780000"
"HISTORY","ORD000346","PENDING","1789312500000"
"HISTORY","ORD000346","PROCESSING","1789316100000"
"HISTORY","ORD000346","SHIPPING","1789319700000"
"ORDER","ORD000347","Phan Huynh Khoa","0974376717","9280000","1789313400000","1","COMPLETED"
"ITEM","ORD000347","P395","O cung HDD Seagate - Mau 395","2","1330000"
"ITEM","ORD000347","P653","USB Sandisk - Mau 653","4","570000"
"ITEM","ORD000347","P315","O cung HDD Seagate - Mau 315","1","2220000"
"ITEM","ORD000347","P436","Chuot gaming Razer - Mau 436","2","1060000"
"HISTORY","ORD000347","PENDING","1789313400000"
"HISTORY","ORD000347","PROCESSING","1789317000000"
"HISTORY","ORD000347","SHIPPING","1789320600000"
"HISTORY","ORD000347","COMPLETED","1789324200000"
"ORDER","ORD000348","Phan Dang Khoa","0970269207","4770000","1789314300000","1","COMPLETED"
"ITEM","ORD000348","P061","Chuot khong day Logitech - Mau 061","1","330000"
"ITEM","ORD000348","P130","Sac du phong Anker - Mau 130","3","1480000"
"HISTORY","ORD000348","PENDING","1789314300000"
"HISTORY","ORD000348","PROCESSING","1789317900000"
"HISTORY","ORD000348","SHIPPING","1789321500000"
"HISTORY","ORD000348","COMPLETED","1789325100000"
"ORDER","ORD000349","Vo Minh An","0931599981","7460000","1789315200000","1","CANCELLED"
"ITEM","ORD000349","P374","Gia do laptop Baseus - Mau 374","4","240000"
"ITEM","ORD000349","P671","Cap USB-C Ugreen - Mau 671","2","420000"
"ITEM","ORD000349","P690","Sac du phong Anker - Mau 690","4","780000"
"ITEM","ORD000349","P031","Cap USB-C Ugreen - Mau 031","2","450000"
"ITEM","ORD000349","P958","Microphone HyperX - Mau 958","1","1640000"
"HISTORY","ORD000349","PENDING","1789315200000"
"HISTORY","ORD000349","PROCESSING","1789318800000"
"HISTORY","ORD000349","CANCELLED","1789322400000"
"ORDER","ORD000350","Do Bao Tran","0932208210","11750000","1789316100000","1","CANCELLED"
"ITEM","ORD000350","P285","SSD Samsung - Mau 285","2","4490000"
"ITEM","ORD000350","P095","O cung HDD Seagate - Mau 095","1","1090000"
"ITEM","ORD000350","P400","Bo chia HDMI Ugreen - Mau 400","3","560000"
"HISTORY","ORD000350","PENDING","1789316100000"
"HISTORY","ORD000350","CANCELLED","1789319700000"
"ORDER","ORD000351","Tran Minh An","0966074781","64030000","1789317000000","2","PENDING"
"ITEM","ORD000351","P813","USB Sandisk - Mau 813","2","400000"
"ITEM","ORD000351","P967","Laptop Asus - Mau 967","2","30150000"
"ITEM","ORD000351","P053","USB Sandisk - Mau 053","4","550000"
"ITEM","ORD000351","P734","Gia do laptop Baseus - Mau 734","1","730000"
"HISTORY","ORD000351","PENDING","1789317000000"
"ORDER","ORD000352","Le Minh Duc","0964334731","2025000","1789317900000","2","PENDING"
"ITEM","ORD000352","P748","Webcam Logitech - Mau 748","3","675000"
"HISTORY","ORD000352","PENDING","1789317900000"
"ORDER","ORD000353","Tran Thu Ha","0986655784","3140000","1789318800000","2","PROCESSING"
"ITEM","ORD000353","P554","Gia do laptop Baseus - Mau 554","2","300000"
"ITEM","ORD000353","P956","Chuot gaming Razer - Mau 956","2","1270000"
"HISTORY","ORD000353","PENDING","1789318800000"
"HISTORY","ORD000353","PROCESSING","1789322400000"
"ORDER","ORD000354","Le Thu Ha","0923410054","6510000","1789319700000","2","PROCESSING"
"ITEM","ORD000354","P617","Ban phim gaming Corsair - Mau 617","2","500000"
"ITEM","ORD000354","P675","O cung HDD Seagate - Mau 675","3","1530000"
"ITEM","ORD000354","P340","Bo chia HDMI Ugreen - Mau 340","1","320000"
"ITEM","ORD000354","P373","USB Sandisk - Mau 373","1","600000"
"HISTORY","ORD000354","PENDING","1789319700000"
"HISTORY","ORD000354","PROCESSING","1789323300000"
"ORDER","ORD000355","Dang Tuan Kiet","0938001700","12120000","1789320600000","2","SHIPPING"
"ITEM","ORD000355","P010","Sac du phong Anker - Mau 010","2","1850000"
"ITEM","ORD000355","P462","Ban phim Keychron - Mau 462","2","1630000"
"ITEM","ORD000355","P659","May in Canon - Mau 659","1","5160000"
"HISTORY","ORD000355","PENDING","1789320600000"
"HISTORY","ORD000355","PROCESSING","1789324200000"
"HISTORY","ORD000355","SHIPPING","1789327800000"
"ORDER","ORD000356","Nguyen Huynh Khoa","0950462615","23420000","1789321500000","3","SHIPPING"
"ITEM","ORD000356","P603","Man hinh Dell - Mau 603","2","11710000"
"HISTORY","ORD000356","PENDING","1789321500000"
"HISTORY","ORD000356","PROCESSING","1789325100000"
"HISTORY","ORD000356","SHIPPING","1789328700000"
"ORDER","ORD000357","Huynh Minh Duc","0947238087","1240000","1789322400000","3","COMPLETED"
"ITEM","ORD000357","P480","Bo chia HDMI Ugreen - Mau 480","2","620000"
"HISTORY","ORD000357","PENDING","1789322400000"
"HISTORY","ORD000357","PROCESSING","1789326000000"
"HISTORY","ORD000357","SHIPPING","1789329600000"
"HISTORY","ORD000357","COMPLETED","1789333200000"
"ORDER","ORD000358","Le Ngoc Anh","0943814338","10320000","1789323300000","3","COMPLETED"
"ITEM","ORD000358","P217","Ban phim gaming Corsair - Mau 217","4","2580000"
"HISTORY","ORD000358","PENDING","1789323300000"
"HISTORY","ORD000358","PROCESSING","1789326900000"
"HISTORY","ORD000358","SHIPPING","1789330500000"
"HISTORY","ORD000358","COMPLETED","1789334100000"
"ORDER","ORD000359","Dang Minh An","0927239291","10850000","1789324200000","3","CANCELLED"
"ITEM","ORD000359","P563","Man hinh Dell - Mau 563","1","10850000"
"HISTORY","ORD000359","PENDING","1789324200000"
"HISTORY","ORD000359","PROCESSING","1789327800000"
"HISTORY","ORD000359","CANCELLED","1789331400000"
"ORDER","ORD000360","Phan Minh Duc","0963752086","900000","1789325100000","3","CANCELLED"
"ITEM","ORD000360","P293","USB Sandisk - Mau 293","3","300000"
"HISTORY","ORD000360","PENDING","1789325100000"
"HISTORY","ORD000360","CANCELLED","1789328700000"
"ORDER","ORD000361","Tran Quang Huy","0938864823","340000","1789326000000","1","PENDING"
"ITEM","ORD000361","P268","Webcam Logitech - Mau 268","1","340000"
"HISTORY","ORD000361","PENDING","1789326000000"
"ORDER","ORD000362","Do Ngoc Anh","0959523818","5720000","1789326900000","1","PENDING"
"ITEM","ORD000362","P873","USB Sandisk - Mau 873","3","590000"
"ITEM","ORD000362","P686","RAM Kingston - Mau 686","3","1160000"
"ITEM","ORD000362","P478","Microphone HyperX - Mau 478","1","470000"
"HISTORY","ORD000362","PENDING","1789326900000"
"ORDER","ORD000363","Huynh Thu Ha","0989843172","18432000","1789327800000","1","PROCESSING"
"ITEM","ORD000363","P653","USB Sandisk - Mau 653","2","513000"
"ITEM","ORD000363","P726","RAM Kingston - Mau 726","1","1944000"
"ITEM","ORD000363","P092","Router WiFi TP-Link - Mau 092","1","2250000"
"ITEM","ORD000363","P118","Microphone HyperX - Mau 118","4","3303000"
"HISTORY","ORD000363","PENDING","1789327800000"
"HISTORY","ORD000363","PROCESSING","1789331400000"
"ORDER","ORD000364","Do Dang Khoa","0927870491","15310000","1789328700000","1","PROCESSING"
"ITEM","ORD000364","P142","Ban phim Keychron - Mau 142","3","1980000"
"ITEM","ORD000364","P416","Chuot gaming Razer - Mau 416","4","440000"
"ITEM","ORD000364","P344","Tai nghe Sony - Mau 344","1","6090000"
"ITEM","ORD000364","P471","Cap USB-C Ugreen - Mau 471","2","420000"
"ITEM","ORD000364","P268","Webcam Logitech - Mau 268","2","340000"
"HISTORY","ORD000364","PENDING","1789328700000"
"HISTORY","ORD000364","PROCESSING","1789332300000"
"ORDER","ORD000365","Le Thu Ha","0916955791","1540000","1789329600000","1","SHIPPING"
"ITEM","ORD000365","P234","Gia do laptop Baseus - Mau 234","2","770000"
"HISTORY","ORD000365","PENDING","1789329600000"
"HISTORY","ORD000365","PROCESSING","1789333200000"
"HISTORY","ORD000365","SHIPPING","1789336800000"
"ORDER","ORD000366","Vo Huynh Khoa","0923815697","25060000","1789330500000","2","SHIPPING"
"ITEM","ORD000366","P547","Laptop Asus - Mau 547","1","23150000"
"ITEM","ORD000366","P920","Bo chia HDMI Ugreen - Mau 920","1","250000"
"ITEM","ORD000366","P389","Loa Bluetooth JBL - Mau 389","1","1660000"
"HISTORY","ORD000366","PENDING","1789330500000"
"HISTORY","ORD000366","PROCESSING","1789334100000"
"HISTORY","ORD000366","SHIPPING","1789337700000"
"ORDER","ORD000367","Dang Tuan Kiet","0968738328","67930000","1789331400000","2","COMPLETED"
"ITEM","ORD000367","P233","USB Sandisk - Mau 233","1","510000"
"ITEM","ORD000367","P186","RAM Kingston - Mau 186","4","2630000"
"ITEM","ORD000367","P865","SSD Samsung - Mau 865","4","2190000"
"ITEM","ORD000367","P088","Webcam Logitech - Mau 088","2","2300000"
"ITEM","ORD000367","P467","Laptop Asus - Mau 467","2","21770000"
"HISTORY","ORD000367","PENDING","1789331400000"
"HISTORY","ORD000367","PROCESSING","1789335000000"
"HISTORY","ORD000367","SHIPPING","1789338600000"
"HISTORY","ORD000367","COMPLETED","1789342200000"
"ORDER","ORD000368","Nguyen Lan Chi","0947588265","8080000","1789332300000","2","COMPLETED"
"ITEM","ORD000368","P091","Cap USB-C Ugreen - Mau 091","4","70000"
"ITEM","ORD000368","P978","Microphone HyperX - Mau 978","4","1950000"
"HISTORY","ORD000368","PENDING","1789332300000"
"HISTORY","ORD000368","PROCESSING","1789335900000"
"HISTORY","ORD000368","SHIPPING","1789339500000"
"HISTORY","ORD000368","COMPLETED","1789343100000"
"ORDER","ORD000369","Do Minh An","0936775998","36600000","1789333200000","2","CANCELLED"
"ITEM","ORD000369","P649","Loa Bluetooth JBL - Mau 649","1","3970000"
"ITEM","ORD000369","P323","Man hinh Dell - Mau 323","4","6380000"
"ITEM","ORD000369","P180","Bo chia HDMI Ugreen - Mau 180","4","300000"
"ITEM","ORD000369","P159","May in Canon - Mau 159","3","1970000"
"HISTORY","ORD000369","PENDING","1789333200000"
"HISTORY","ORD000369","PROCESSING","1789336800000"
"HISTORY","ORD000369","CANCELLED","1789340400000"
"ORDER","ORD000370","Nguyen Lan Chi","0994291840","27780000","1789334100000","2","CANCELLED"
"ITEM","ORD000370","P286","RAM Kingston - Mau 286","4","2110000"
"ITEM","ORD000370","P982","Ban phim Keychron - Mau 982","2","2550000"
"ITEM","ORD000370","P898","Microphone HyperX - Mau 898","4","3560000"
"HISTORY","ORD000370","PENDING","1789334100000"
"HISTORY","ORD000370","CANCELLED","1789337700000"
"ORDER","ORD000371","Hoang Tuan Kiet","0956526696","18420000","1789335000000","3","PENDING"
"ITEM","ORD000371","P832","Router WiFi TP-Link - Mau 832","4","3430000"
"ITEM","ORD000371","P494","Gia do laptop Baseus - Mau 494","1","220000"
"ITEM","ORD000371","P240","Bo chia HDMI Ugreen - Mau 240","3","840000"
"ITEM","ORD000371","P681","Chuot khong day Logitech - Mau 681","3","360000"
"ITEM","ORD000371","P996","Chuot gaming Razer - Mau 996","1","880000"
"HISTORY","ORD000371","PENDING","1789335000000"
"ORDER","ORD000372","Huynh Bao Tran","0987321954","9420000","1789335900000","3","PENDING"
"ITEM","ORD000372","P051","Cap USB-C Ugreen - Mau 051","4","330000"
"ITEM","ORD000372","P752","Router WiFi TP-Link - Mau 752","3","2230000"
"ITEM","ORD000372","P350","Sac du phong Anker - Mau 350","1","1410000"
"HISTORY","ORD000372","PENDING","1789335900000"
"ORDER","ORD000373","Hoang Quang Huy","0977574294","6240000","1789336800000","3","PROCESSING"
"ITEM","ORD000373","P668","Webcam Logitech - Mau 668","3","2080000"
"HISTORY","ORD000373","PENDING","1789336800000"
"HISTORY","ORD000373","PROCESSING","1789340400000"
"ORDER","ORD000374","Bui Thu Ha","0950815291","20826000","1789337700000","3","PROCESSING"
"ITEM","ORD000374","P043","Man hinh Dell - Mau 043","1","4284000"
"ITEM","ORD000374","P400","Bo chia HDMI Ugreen - Mau 400","3","504000"
"ITEM","ORD000374","P609","Loa Bluetooth JBL - Mau 609","2","4635000"
"ITEM","ORD000374","P737","Ban phim gaming Corsair - Mau 737","4","1440000"
"HISTORY","ORD000374","PENDING","1789337700000"
"HISTORY","ORD000374","PROCESSING","1789341300000"
"ORDER","ORD000375","Nguyen Tuan Kiet","0942725901","5820000","1789338600000","3","SHIPPING"
"ITEM","ORD000375","P686","RAM Kingston - Mau 686","1","1160000"
"ITEM","ORD000375","P141","Chuot khong day Logitech - Mau 141","4","400000"
"ITEM","ORD000375","P541","Chuot khong day Logitech - Mau 541","4","120000"
"ITEM","ORD000375","P640","Bo chia HDMI Ugreen - Mau 640","3","860000"
"HISTORY","ORD000375","PENDING","1789338600000"
"HISTORY","ORD000375","PROCESSING","1789342200000"
"HISTORY","ORD000375","SHIPPING","1789345800000"
"ORDER","ORD000376","Vu Bao Tran","0937710150","17530000","1789339500000","1","SHIPPING"
"ITEM","ORD000376","P296","Chuot gaming Razer - Mau 296","3","2170000"
"ITEM","ORD000376","P370","Sac du phong Anker - Mau 370","4","830000"
"ITEM","ORD000376","P214","Gia do laptop Baseus - Mau 214","3","150000"
"ITEM","ORD000376","P361","Chuot khong day Logitech - Mau 361","3","490000"
"ITEM","ORD000376","P479","May in Canon - Mau 479","1","5780000"
"HISTORY","ORD000376","PENDING","1789339500000"
"HISTORY","ORD000376","PROCESSING","1789343100000"
"HISTORY","ORD000376","SHIPPING","1789346700000"
"ORDER","ORD000377","Phan Bao Tran","0987626153","63720000","1789340400000","1","COMPLETED"
"ITEM","ORD000377","P532","Router WiFi TP-Link - Mau 532","3","2110000"
"ITEM","ORD000377","P353","USB Sandisk - Mau 353","4","320000"
"ITEM","ORD000377","P567","Laptop Asus - Mau 567","1","13950000"
"ITEM","ORD000377","P483","Man hinh Dell - Mau 483","4","10540000"
"HISTORY","ORD000377","PENDING","1789340400000"
"HISTORY","ORD000377","PROCESSING","1789344000000"
"HISTORY","ORD000377","SHIPPING","1789347600000"
"HISTORY","ORD000377","COMPLETED","1789351200000"
"ORDER","ORD000378","Huynh Dinh Hai","0937377027","9690000","1789341300000","1","COMPLETED"
"ITEM","ORD000378","P937","Ban phim gaming Corsair - Mau 937","3","2310000"
"ITEM","ORD000378","P856","Chuot gaming Razer - Mau 856","2","1380000"
"HISTORY","ORD000378","PENDING","1789341300000"
"HISTORY","ORD000378","PROCESSING","1789344900000"
"HISTORY","ORD000378","SHIPPING","1789348500000"
"HISTORY","ORD000378","COMPLETED","1789352100000"
"ORDER","ORD000379","Hoang Thanh Nam","0929282389","32450000","1789342200000","1","CANCELLED"
"ITEM","ORD000379","P794","Gia do laptop Baseus - Mau 794","2","640000"
"ITEM","ORD000379","P363","Man hinh Dell - Mau 363","3","10390000"
"HISTORY","ORD000379","PENDING","1789342200000"
"HISTORY","ORD000379","PROCESSING","1789345800000"
"HISTORY","ORD000379","CANCELLED","1789349400000"
"ORDER","ORD000380","Hoang Thanh Nam","0966500040","52110000","1789343100000","1","CANCELLED"
"ITEM","ORD000380","P501","Chuot khong day Logitech - Mau 501","1","850000"
"ITEM","ORD000380","P757","Ban phim gaming Corsair - Mau 757","3","3460000"
"ITEM","ORD000380","P915","O cung HDD Seagate - Mau 915","4","1960000"
"ITEM","ORD000380","P987","Laptop Asus - Mau 987","2","16520000"
"HISTORY","ORD000380","PENDING","1789343100000"
"HISTORY","ORD000380","CANCELLED","1789346700000"
"ORDER","ORD000381","Do Tuan Kiet","0996977412","7880000","1789344000000","2","PENDING"
"ITEM","ORD000381","P633","USB Sandisk - Mau 633","1","590000"
"ITEM","ORD000381","P611","Cap USB-C Ugreen - Mau 611","4","250000"
"ITEM","ORD000381","P675","O cung HDD Seagate - Mau 675","1","1530000"
"ITEM","ORD000381","P595","O cung HDD Seagate - Mau 595","1","2530000"
"ITEM","ORD000381","P232","Router WiFi TP-Link - Mau 232","1","2230000"
"HISTORY","ORD000381","PENDING","1789344000000"
"ORDER","ORD000382","Bui Thu Ha","0959401599","10580000","1789344900000","2","PENDING"
"ITEM","ORD000382","P718","Microphone HyperX - Mau 718","2","3400000"
"ITEM","ORD000382","P018","Microphone HyperX - Mau 018","1","3780000"
"HISTORY","ORD000382","PENDING","1789344900000"
"ORDER","ORD000383","Vo Dinh Hai","0915758850","37800000","1789345800000","2","PROCESSING"
"ITEM","ORD000383","P835","O cung HDD Seagate - Mau 835","3","2670000"
"ITEM","ORD000383","P065","SSD Samsung - Mau 065","4","3240000"
"ITEM","ORD000383","P986","RAM Kingston - Mau 986","3","1660000"
"ITEM","ORD000383","P709","Loa Bluetooth JBL - Mau 709","3","3950000"
"HISTORY","ORD000383","PENDING","1789345800000"
"HISTORY","ORD000383","PROCESSING","1789349400000"
"ORDER","ORD000384","Hoang Ngoc Anh","0943627412","23110000","1789346700000","2","PROCESSING"
"ITEM","ORD000384","P715","O cung HDD Seagate - Mau 715","3","2720000"
"ITEM","ORD000384","P123","Man hinh Dell - Mau 123","1","14950000"
"HISTORY","ORD000384","PENDING","1789346700000"
"HISTORY","ORD000384","PROCESSING","1789350300000"
"ORDER","ORD000385","Tran Bao Tran","0997699220","26460000","1789347600000","2","SHIPPING"
"ITEM","ORD000385","P583","Man hinh Dell - Mau 583","1","7434000"
"ITEM","ORD000385","P524","Tai nghe Sony - Mau 524","2","5895000"
"ITEM","ORD000385","P599","May in Canon - Mau 599","3","2412000"
"HISTORY","ORD000385","PENDING","1789347600000"
"HISTORY","ORD000385","PROCESSING","1789351200000"
"HISTORY","ORD000385","SHIPPING","1789354800000"
"ORDER","ORD000386","Vu Quang Huy","0930260756","12320000","1789348500000","3","SHIPPING"
"ITEM","ORD000386","P930","Sac du phong Anker - Mau 930","2","1650000"
"ITEM","ORD000386","P485","SSD Samsung - Mau 485","2","3450000"
"ITEM","ORD000386","P436","Chuot gaming Razer - Mau 436","2","1060000"
"HISTORY","ORD000386","PENDING","1789348500000"
"HISTORY","ORD000386","PROCESSING","1789352100000"
"HISTORY","ORD000386","SHIPPING","1789355700000"
"ORDER","ORD000387","Dang Thanh Nam","0965410804","7040000","1789349400000","3","COMPLETED"
"ITEM","ORD000387","P154","Gia do laptop Baseus - Mau 154","4","790000"
"ITEM","ORD000387","P728","Webcam Logitech - Mau 728","2","1940000"
"HISTORY","ORD000387","PENDING","1789349400000"
"HISTORY","ORD000387","PROCESSING","1789353000000"
"HISTORY","ORD000387","SHIPPING","1789356600000"
"HISTORY","ORD000387","COMPLETED","1789360200000"
"ORDER","ORD000388","Huynh Ngoc Anh","0972488084","16800000","1789350300000","3","COMPLETED"
"ITEM","ORD000388","P328","Webcam Logitech - Mau 328","2","1910000"
"ITEM","ORD000388","P717","Ban phim gaming Corsair - Mau 717","4","2220000"
"ITEM","ORD000388","P333","USB Sandisk - Mau 333","2","620000"
"ITEM","ORD000388","P212","Router WiFi TP-Link - Mau 212","2","1430000"
"HISTORY","ORD000388","PENDING","1789350300000"
"HISTORY","ORD000388","PROCESSING","1789353900000"
"HISTORY","ORD000388","SHIPPING","1789357500000"
"HISTORY","ORD000388","COMPLETED","1789361100000"
"ORDER","ORD000389","Le Dang Khoa","0961031230","14150000","1789351200000","3","CANCELLED"
"ITEM","ORD000389","P512","Router WiFi TP-Link - Mau 512","2","3480000"
"ITEM","ORD000389","P466","RAM Kingston - Mau 466","2","2390000"
"ITEM","ORD000389","P096","Chuot gaming Razer - Mau 096","1","2410000"
"HISTORY","ORD000389","PENDING","1789351200000"
"HISTORY","ORD000389","PROCESSING","1789354800000"
"HISTORY","ORD000389","CANCELLED","1789358400000"
"ORDER","ORD000390","Bui Minh Duc","0975596751","28150000","1789352100000","3","CANCELLED"
"ITEM","ORD000390","P870","Sac du phong Anker - Mau 870","4","1180000"
"ITEM","ORD000390","P397","Ban phim gaming Corsair - Mau 397","1","1710000"
"ITEM","ORD000390","P604","Tai nghe Sony - Mau 604","3","6260000"
"ITEM","ORD000390","P375","O cung HDD Seagate - Mau 375","3","980000"
"HISTORY","ORD000390","PENDING","1789352100000"
"HISTORY","ORD000390","CANCELLED","1789355700000"
"ORDER","ORD000391","Hoang Minh Duc","0910281264","44900000","1789353000000","1","PENDING"
"ITEM","ORD000391","P747","Laptop Asus - Mau 747","2","17900000"
"ITEM","ORD000391","P075","O cung HDD Seagate - Mau 075","3","2610000"
"ITEM","ORD000391","P956","Chuot gaming Razer - Mau 956","1","1270000"
"HISTORY","ORD000391","PENDING","1789353000000"
"ORDER","ORD000392","Phan Minh An","0978032474","900000","1789353900000","1","PENDING"
"ITEM","ORD000392","P074","Gia do laptop Baseus - Mau 074","2","450000"
"HISTORY","ORD000392","PENDING","1789353900000"
"ORDER","ORD000393","Le Minh An","0967701632","6620000","1789354800000","1","PROCESSING"
"ITEM","ORD000393","P352","Router WiFi TP-Link - Mau 352","1","3140000"
"ITEM","ORD000393","P760","Bo chia HDMI Ugreen - Mau 760","2","320000"
"ITEM","ORD000393","P255","O cung HDD Seagate - Mau 255","2","1420000"
"HISTORY","ORD000393","PENDING","1789354800000"
"HISTORY","ORD000393","PROCESSING","1789358400000"
"ORDER","ORD000394","Huynh Tuan Kiet","0931920040","23610000","1789355700000","1","PROCESSING"
"ITEM","ORD000394","P945","SSD Samsung - Mau 945","1","4430000"
"ITEM","ORD000394","P095","O cung HDD Seagate - Mau 095","2","1090000"
"ITEM","ORD000394","P115","O cung HDD Seagate - Mau 115","3","2600000"
"ITEM","ORD000394","P639","May in Canon - Mau 639","4","2300000"
"HISTORY","ORD000394","PENDING","1789355700000"
"HISTORY","ORD000394","PROCESSING","1789359300000"
"ORDER","ORD000395","Do Huynh Khoa","0918342418","69500000","1789356600000","1","SHIPPING"
"ITEM","ORD000395","P122","Ban phim Keychron - Mau 122","2","780000"
"ITEM","ORD000395","P797","Ban phim gaming Corsair - Mau 797","3","860000"
"ITEM","ORD000395","P169","Loa Bluetooth JBL - Mau 169","3","5790000"
"ITEM","ORD000395","P603","Man hinh Dell - Mau 603","4","11710000"
"ITEM","ORD000395","P905","SSD Samsung - Mau 905","1","1150000"
"HISTORY","ORD000395","PENDING","1789356600000"
"HISTORY","ORD000395","PROCESSING","1789360200000"
"HISTORY","ORD000395","SHIPPING","1789363800000"
"ORDER","ORD000396","Pham Thu Ha","0968837639","27846000","1789357500000","2","SHIPPING"
"ITEM","ORD000396","P532","Router WiFi TP-Link - Mau 532","3","1899000"
"ITEM","ORD000396","P578","Microphone HyperX - Mau 578","1","2790000"
"ITEM","ORD000396","P127","Laptop Asus - Mau 127","1","19359000"
"HISTORY","ORD000396","PENDING","1789357500000"
"HISTORY","ORD000396","PROCESSING","1789361100000"
"HISTORY","ORD000396","SHIPPING","1789364700000"
"ORDER","ORD000397","Do Quang Huy","0951818935","15000000","1789358400000","2","COMPLETED"
"ITEM","ORD000397","P918","Microphone HyperX - Mau 918","1","3920000"
"ITEM","ORD000397","P192","Router WiFi TP-Link - Mau 192","4","2770000"
"HISTORY","ORD000397","PENDING","1789358400000"
"HISTORY","ORD000397","PROCESSING","1789362000000"
"HISTORY","ORD000397","SHIPPING","1789365600000"
"HISTORY","ORD000397","COMPLETED","1789369200000"
"ORDER","ORD000398","Tran Quang Huy","0930641933","18910000","1789359300000","2","COMPLETED"
"ITEM","ORD000398","P269","Loa Bluetooth JBL - Mau 269","3","2300000"
"ITEM","ORD000398","P092","Router WiFi TP-Link - Mau 092","4","2500000"
"ITEM","ORD000398","P575","O cung HDD Seagate - Mau 575","1","2010000"
"HISTORY","ORD000398","PENDING","1789359300000"
"HISTORY","ORD000398","PROCESSING","1789362900000"
"HISTORY","ORD000398","SHIPPING","1789366500000"
"HISTORY","ORD000398","COMPLETED","1789370100000"
"ORDER","ORD000399","Vo Lan Chi","0921828981","74150000","1789360200000","2","CANCELLED"
"ITEM","ORD000399","P989","Loa Bluetooth JBL - Mau 989","3","2650000"
"ITEM","ORD000399","P331","Cap USB-C Ugreen - Mau 331","3","390000"
"ITEM","ORD000399","P010","Sac du phong Anker - Mau 010","3","1850000"
"ITEM","ORD000399","P767","Laptop Asus - Mau 767","4","14870000"
"HISTORY","ORD000399","PENDING","1789360200000"
"HISTORY","ORD000399","PROCESSING","1789363800000"
"HISTORY","ORD000399","CANCELLED","1789367400000"
"ORDER","ORD000400","Le Minh An","0932425771","9020000","1789361100000","2","CANCELLED"
"ITEM","ORD000400","P976","Chuot gaming Razer - Mau 976","4","2200000"
"ITEM","ORD000400","P431","Cap USB-C Ugreen - Mau 431","2","110000"
"HISTORY","ORD000400","PENDING","1789361100000"
"HISTORY","ORD000400","CANCELLED","1789364700000"
"ORDER","ORD000401","Huynh Huynh Khoa","0983010859","1080000","1789362000000","3","PENDING"
"ITEM","ORD000401","P533","USB Sandisk - Mau 533","3","80000"
"ITEM","ORD000401","P471","Cap USB-C Ugreen - Mau 471","2","420000"
"HISTORY","ORD000401","PENDING","1789362000000"
"ORDER","ORD000402","Phan Quang Huy","0939055483","12390000","1789362900000","3","PENDING"
"ITEM","ORD000402","P291","Cap USB-C Ugreen - Mau 291","4","140000"
"ITEM","ORD000402","P803","Man hinh Dell - Mau 803","1","7390000"
"ITEM","ORD000402","P744","Tai nghe Sony - Mau 744","1","4440000"
"HISTORY","ORD000402","PENDING","1789362900000"
"ORDER","ORD000403","Do Thanh Nam","0919384333","7750000","1789363800000","3","PROCESSING"
"ITEM","ORD000403","P332","Router WiFi TP-Link - Mau 332","4","1540000"
"ITEM","ORD000403","P134","Gia do laptop Baseus - Mau 134","3","530000"
"HISTORY","ORD000403","PENDING","1789363800000"
"HISTORY","ORD000403","PROCESSING","1789367400000"
"ORDER","ORD000404","Nguyen Minh Duc","0972256761","41800000","1789364700000","3","PROCESSING"
"ITEM","ORD000404","P943","Man hinh Dell - Mau 943","2","11780000"
"ITEM","ORD000404","P383","Man hinh Dell - Mau 383","2","8900000"
"ITEM","ORD000404","P494","Gia do laptop Baseus - Mau 494","2","220000"
"HISTORY","ORD000404","PENDING","1789364700000"
"HISTORY","ORD000404","PROCESSING","1789368300000"
"ORDER","ORD000405","Nguyen Minh Duc","0979299097","18130000","1789365600000","3","SHIPPING"
"ITEM","ORD000405","P398","Microphone HyperX - Mau 398","1","3240000"
"ITEM","ORD000405","P876","Chuot gaming Razer - Mau 876","4","2340000"
"ITEM","ORD000405","P844","Tai nghe Sony - Mau 844","1","5530000"
"HISTORY","ORD000405","PENDING","1789365600000"
"HISTORY","ORD000405","PROCESSING","1789369200000"
"HISTORY","ORD000405","SHIPPING","1789372800000"
"ORDER","ORD000406","Do Huynh Khoa","0999720583","4890000","1789366500000","1","SHIPPING"
"ITEM","ORD000406","P851","Cap USB-C Ugreen - Mau 851","1","140000"
"ITEM","ORD000406","P219","May in Canon - Mau 219","1","2080000"
"ITEM","ORD000406","P145","SSD Samsung - Mau 145","3","890000"
"HISTORY","ORD000406","PENDING","1789366500000"
"HISTORY","ORD000406","PROCESSING","1789370100000"
"HISTORY","ORD000406","SHIPPING","1789373700000"
"ORDER","ORD000407","Vu Minh An","0961494185","4248000","1789367400000","1","COMPLETED"
"ITEM","ORD000407","P348","Webcam Logitech - Mau 348","2","2124000"
"HISTORY","ORD000407","PENDING","1789367400000"
"HISTORY","ORD000407","PROCESSING","1789371000000"
"HISTORY","ORD000407","SHIPPING","1789374600000"
"HISTORY","ORD000407","COMPLETED","1789378200000"
"ORDER","ORD000408","Hoang Thanh Nam","0957171220","1200000","1789368300000","1","COMPLETED"
"ITEM","ORD000408","P453","USB Sandisk - Mau 453","4","300000"
"HISTORY","ORD000408","PENDING","1789368300000"
"HISTORY","ORD000408","PROCESSING","1789371900000"
"HISTORY","ORD000408","SHIPPING","1789375500000"
"HISTORY","ORD000408","COMPLETED","1789379100000"
"ORDER","ORD000409","Pham Quang Huy","0973827086","7340000","1789369200000","1","CANCELLED"
"ITEM","ORD000409","P755","O cung HDD Seagate - Mau 755","3","2080000"
"ITEM","ORD000409","P750","Sac du phong Anker - Mau 750","2","550000"
"HISTORY","ORD000409","PENDING","1789369200000"
"HISTORY","ORD000409","PROCESSING","1789372800000"
"HISTORY","ORD000409","CANCELLED","1789376400000"
"ORDER","ORD000410","Le Dang Khoa","0918928427","14870000","1789370100000","1","CANCELLED"
"ITEM","ORD000410","P989","Loa Bluetooth JBL - Mau 989","3","2650000"
"ITEM","ORD000410","P830","Sac du phong Anker - Mau 830","4","1730000"
"HISTORY","ORD000410","PENDING","1789370100000"
"HISTORY","ORD000410","CANCELLED","1789373700000"
"ORDER","ORD000411","Phan Dinh Hai","0911558068","14700000","1789371000000","2","PENDING"
"ITEM","ORD000411","P562","Ban phim Keychron - Mau 562","2","2460000"
"ITEM","ORD000411","P820","Bo chia HDMI Ugreen - Mau 820","4","780000"
"ITEM","ORD000411","P883","Man hinh Dell - Mau 883","2","2800000"
"ITEM","ORD000411","P561","Chuot khong day Logitech - Mau 561","2","530000"
"HISTORY","ORD000411","PENDING","1789371000000"
"ORDER","ORD000412","Do Minh An","0974834408","10440000","1789371900000","2","PENDING"
"ITEM","ORD000412","P512","Router WiFi TP-Link - Mau 512","3","3480000"
"HISTORY","ORD000412","PENDING","1789371900000"
"ORDER","ORD000413","Phan Minh An","0949578591","18610000","1789372800000","2","PROCESSING"
"ITEM","ORD000413","P938","Microphone HyperX - Mau 938","4","3990000"
"ITEM","ORD000413","P273","USB Sandisk - Mau 273","3","510000"
"ITEM","ORD000413","P153","USB Sandisk - Mau 153","4","280000"
"HISTORY","ORD000413","PENDING","1789372800000"
"HISTORY","ORD000413","PROCESSING","1789376400000"
"ORDER","ORD000414","Do Huynh Khoa","0997753456","51990000","1789373700000","2","PROCESSING"
"ITEM","ORD000414","P306","RAM Kingston - Mau 306","3","2000000"
"ITEM","ORD000414","P987","Laptop Asus - Mau 987","2","16520000"
"ITEM","ORD000414","P986","RAM Kingston - Mau 986","3","1660000"
"ITEM","ORD000414","P835","O cung HDD Seagate - Mau 835","2","2670000"
"ITEM","ORD000414","P186","RAM Kingston - Mau 186","1","2630000"
"HISTORY","ORD000414","PENDING","1789373700000"
"HISTORY","ORD000414","PROCESSING","1789377300000"
"ORDER","ORD000415","Do Dinh Hai","0970700831","16440000","1789374600000","2","SHIPPING"
"ITEM","ORD000415","P876","Chuot gaming Razer - Mau 876","2","2340000"
"ITEM","ORD000415","P579","May in Canon - Mau 579","3","2140000"
"ITEM","ORD000415","P846","RAM Kingston - Mau 846","1","2220000"
"ITEM","ORD000415","P942","Ban phim Keychron - Mau 942","4","780000"
"HISTORY","ORD000415","PENDING","1789374600000"
"HISTORY","ORD000415","PROCESSING","1789378200000"
"HISTORY","ORD000415","SHIPPING","1789381800000"
"ORDER","ORD000416","Do Huynh Khoa","0976823541","11440000","1789375500000","3","SHIPPING"
"ITEM","ORD000416","P460","Bo chia HDMI Ugreen - Mau 460","2","480000"
"ITEM","ORD000416","P845","SSD Samsung - Mau 845","2","2870000"
"ITEM","ORD000416","P342","Ban phim Keychron - Mau 342","3","1580000"
"HISTORY","ORD000416","PENDING","1789375500000"
"HISTORY","ORD000416","PROCESSING","1789379100000"
"HISTORY","ORD000416","SHIPPING","1789382700000"
"ORDER","ORD000417","Vo Minh An","0952647164","9080000","1789376400000","3","COMPLETED"
"ITEM","ORD000417","P143","Man hinh Dell - Mau 143","2","4540000"
"HISTORY","ORD000417","PENDING","1789376400000"
"HISTORY","ORD000417","PROCESSING","1789380000000"
"HISTORY","ORD000417","SHIPPING","1789383600000"
"HISTORY","ORD000417","COMPLETED","1789387200000"
"ORDER","ORD000418","Vu Minh Duc","0958959073","14733000","1789377300000","3","COMPLETED"
"ITEM","ORD000418","P410","Sac du phong Anker - Mau 410","3","1170000"
"ITEM","ORD000418","P925","SSD Samsung - Mau 925","3","2772000"
"ITEM","ORD000418","P834","Gia do laptop Baseus - Mau 834","4","549000"
"ITEM","ORD000418","P154","Gia do laptop Baseus - Mau 154","1","711000"
"HISTORY","ORD000418","PENDING","1789377300000"
"HISTORY","ORD000418","PROCESSING","1789380900000"
"HISTORY","ORD000418","SHIPPING","1789384500000"
"HISTORY","ORD000418","COMPLETED","1789388100000"
"ORDER","ORD000419","Bui Tuan Kiet","0938752757","19990000","1789378200000","3","CANCELLED"
"ITEM","ORD000419","P800","Bo chia HDMI Ugreen - Mau 800","1","250000"
"ITEM","ORD000419","P675","O cung HDD Seagate - Mau 675","3","1530000"
"ITEM","ORD000419","P065","SSD Samsung - Mau 065","2","3240000"
"ITEM","ORD000419","P605","SSD Samsung - Mau 605","3","1170000"
"ITEM","ORD000419","P217","Ban phim gaming Corsair - Mau 217","2","2580000"
"HISTORY","ORD000419","PENDING","1789378200000"
"HISTORY","ORD000419","PROCESSING","1789381800000"
"HISTORY","ORD000419","CANCELLED","1789385400000"
"ORDER","ORD000420","Le Quang Huy","0931624516","1640000","1789379100000","3","CANCELLED"
"ITEM","ORD000420","P958","Microphone HyperX - Mau 958","1","1640000"
"HISTORY","ORD000420","PENDING","1789379100000"
"HISTORY","ORD000420","CANCELLED","1789382700000"
"ORDER","ORD000421","Dang Tuan Kiet","0982055939","17110000","1789380000000","1","PENDING"
"ITEM","ORD000421","P162","Ban phim Keychron - Mau 162","1","510000"
"ITEM","ORD000421","P512","Router WiFi TP-Link - Mau 512","3","3480000"
"ITEM","ORD000421","P674","Gia do laptop Baseus - Mau 674","2","390000"
"ITEM","ORD000421","P941","Chuot khong day Logitech - Mau 941","4","570000"
"ITEM","ORD000421","P578","Microphone HyperX - Mau 578","1","3100000"
"HISTORY","ORD000421","PENDING","1789380000000"
"ORDER","ORD000422","Vo Quang Huy","0932084318","23990000","1789380900000","1","PENDING"
"ITEM","ORD000422","P405","SSD Samsung - Mau 405","3","3090000"
"ITEM","ORD000422","P572","Router WiFi TP-Link - Mau 572","4","2680000"
"ITEM","ORD000422","P456","Chuot gaming Razer - Mau 456","2","2000000"
"HISTORY","ORD000422","PENDING","1789380900000"
"ORDER","ORD000423","Vu Minh Duc","0961080916","29610000","1789381800000","1","PROCESSING"
"ITEM","ORD000423","P900","Bo chia HDMI Ugreen - Mau 900","4","720000"
"ITEM","ORD000423","P261","Chuot khong day Logitech - Mau 261","3","850000"
"ITEM","ORD000423","P004","Tai nghe Sony - Mau 004","4","4110000"
"ITEM","ORD000423","P251","Cap USB-C Ugreen - Mau 251","2","390000"
"ITEM","ORD000423","P366","RAM Kingston - Mau 366","3","2320000"
"HISTORY","ORD000423","PENDING","1789381800000"
"HISTORY","ORD000423","PROCESSING","1789385400000"
"ORDER","ORD000424","Vu Tuan Kiet","0926306957","20380000","1789382700000","1","PROCESSING"
"ITEM","ORD000424","P764","Tai nghe Sony - Mau 764","2","1110000"
"ITEM","ORD000424","P081","Chuot khong day Logitech - Mau 081","3","120000"
"ITEM","ORD000424","P003","Man hinh Dell 24 inch","3","3000000"
"ITEM","ORD000424","P976","Chuot gaming Razer - Mau 976","4","2200000"
"HISTORY","ORD000424","PENDING","1789382700000"
"HISTORY","ORD000424","PROCESSING","1789386300000"
"ORDER","ORD000425","Le Huynh Khoa","0981011177","30210000","1789383600000","1","SHIPPING"
"ITEM","ORD000425","P976","Chuot gaming Razer - Mau 976","3","2200000"
"ITEM","ORD000425","P096","Chuot gaming Razer - Mau 096","3","2410000"
"ITEM","ORD000425","P150","Sac du phong Anker - Mau 150","3","1890000"
"ITEM","ORD000425","P724","Tai nghe Sony - Mau 724","3","3570000"
"HISTORY","ORD000425","PENDING","1789383600000"
"HISTORY","ORD000425","PROCESSING","1789387200000"
"HISTORY","ORD000425","SHIPPING","1789390800000"
"ORDER","ORD000426","Hoang Thanh Nam","0997973736","41760000","1789384500000","2","SHIPPING"
"ITEM","ORD000426","P033","USB Sandisk - Mau 033","3","190000"
"ITEM","ORD000426","P108","Webcam Logitech - Mau 108","3","2470000"
"ITEM","ORD000426","P565","SSD Samsung - Mau 565","1","3740000"
"ITEM","ORD000426","P779","May in Canon - Mau 779","4","7210000"
"ITEM","ORD000426","P973","USB Sandisk - Mau 973","3","400000"
"HISTORY","ORD000426","PENDING","1789384500000"
"HISTORY","ORD000426","PROCESSING","1789388100000"
"HISTORY","ORD000426","SHIPPING","1789391700000"
"ORDER","ORD000427","Hoang Minh Duc","0986921964","11590000","1789385400000","2","COMPLETED"
"ITEM","ORD000427","P641","Chuot khong day Logitech - Mau 641","2","910000"
"ITEM","ORD000427","P994","Gia do laptop Baseus - Mau 994","4","140000"
"ITEM","ORD000427","P377","Ban phim gaming Corsair - Mau 377","1","3810000"
"ITEM","ORD000427","P723","Man hinh Dell - Mau 723","1","1890000"
"ITEM","ORD000427","P605","SSD Samsung - Mau 605","3","1170000"
"HISTORY","ORD000427","PENDING","1789385400000"
"HISTORY","ORD000427","PROCESSING","1789389000000"
"HISTORY","ORD000427","SHIPPING","1789392600000"
"HISTORY","ORD000427","COMPLETED","1789396200000"
"ORDER","ORD000428","Vu Lan Chi","0988146651","55520000","1789386300000","2","COMPLETED"
"ITEM","ORD000428","P050","Sac du phong Anker - Mau 050","3","1990000"
"ITEM","ORD000428","P195","O cung HDD Seagate - Mau 195","2","1430000"
"ITEM","ORD000428","P947","Laptop Asus - Mau 947","1","24830000"
"ITEM","ORD000428","P221","Chuot khong day Logitech - Mau 221","2","550000"
"ITEM","ORD000428","P884","Tai nghe Sony - Mau 884","3","6920000"
"HISTORY","ORD000428","PENDING","1789386300000"
"HISTORY","ORD000428","PROCESSING","1789389900000"
"HISTORY","ORD000428","SHIPPING","1789393500000"
"HISTORY","ORD000428","COMPLETED","1789397100000"
"ORDER","ORD000429","Pham Lan Chi","0988832514","13428000","1789387200000","2","CANCELLED"
"ITEM","ORD000429","P623","Man hinh Dell - Mau 623","4","3357000"
"HISTORY","ORD000429","PENDING","1789387200000"
"HISTORY","ORD000429","PROCESSING","1789390800000"
"HISTORY","ORD000429","CANCELLED","1789394400000"
"ORDER","ORD000430","Huynh Dang Khoa","0997916173","710000","1789388100000","2","CANCELLED"
"ITEM","ORD000430","P314","Gia do laptop Baseus - Mau 314","1","710000"
"HISTORY","ORD000430","PENDING","1789388100000"
"HISTORY","ORD000430","CANCELLED","1789391700000"
"ORDER","ORD000431","Tran Ngoc Anh","0983343910","19200000","1789389000000","3","PENDING"
"ITEM","ORD000431","P792","Router WiFi TP-Link - Mau 792","2","1160000"
"ITEM","ORD000431","P511","Cap USB-C Ugreen - Mau 511","2","160000"
"ITEM","ORD000431","P918","Microphone HyperX - Mau 918","1","3920000"
"ITEM","ORD000431","P498","Microphone HyperX - Mau 498","3","2610000"
"ITEM","ORD000431","P303","Man hinh Dell - Mau 303","1","4810000"
"HISTORY","ORD000431","PENDING","1789389000000"
"ORDER","ORD000432","Nguyen Thu Ha","0986093493","32280000","1789389900000","3","PENDING"
"ITEM","ORD000432","P760","Bo chia HDMI Ugreen - Mau 760","2","320000"
"ITEM","ORD000432","P578","Microphone HyperX - Mau 578","4","3100000"
"ITEM","ORD000432","P390","Sac du phong Anker - Mau 390","4","1900000"
"ITEM","ORD000432","P264","Tai nghe Sony - Mau 264","2","5820000"
"HISTORY","ORD000432","PENDING","1789389900000"
"ORDER","ORD000433","Phan Tuan Kiet","0989698727","18760000","1789390800000","3","PROCESSING"
"ITEM","ORD000433","P599","May in Canon - Mau 599","3","2680000"
"ITEM","ORD000433","P616","Chuot gaming Razer - Mau 616","4","1270000"
"ITEM","ORD000433","P350","Sac du phong Anker - Mau 350","4","1410000"
"HISTORY","ORD000433","PENDING","1789390800000"
"HISTORY","ORD000433","PROCESSING","1789394400000"
"ORDER","ORD000434","Pham Dinh Hai","0936731714","9860000","1789391700000","3","PROCESSING"
"ITEM","ORD000434","P706","RAM Kingston - Mau 706","3","2520000"
"ITEM","ORD000434","P209","Loa Bluetooth JBL - Mau 209","2","1150000"
"HISTORY","ORD000434","PENDING","1789391700000"
"HISTORY","ORD000434","PROCESSING","1789395300000"
"ORDER","ORD000435","Huynh Huynh Khoa","0953954514","36120000","1789392600000","3","SHIPPING"
"ITEM","ORD000435","P340","Bo chia HDMI Ugreen - Mau 340","4","320000"
"ITEM","ORD000435","P568","Webcam Logitech - Mau 568","3","1210000"
"ITEM","ORD000435","P363","Man hinh Dell - Mau 363","2","10390000"
"ITEM","ORD000435","P775","O cung HDD Seagate - Mau 775","2","2140000"
"ITEM","ORD000435","P936","Chuot gaming Razer - Mau 936","3","2050000"
"HISTORY","ORD000435","PENDING","1789392600000"
"HISTORY","ORD000435","PROCESSING","1789396200000"
"HISTORY","ORD000435","SHIPPING","1789399800000"
"ORDER","ORD000436","Pham Dang Khoa","0946126484","23880000","1789393500000","1","SHIPPING"
"ITEM","ORD000436","P123","Man hinh Dell - Mau 123","1","14950000"
"ITEM","ORD000436","P629","Loa Bluetooth JBL - Mau 629","2","900000"
"ITEM","ORD000436","P841","Chuot khong day Logitech - Mau 841","3","510000"
"ITEM","ORD000436","P883","Man hinh Dell - Mau 883","2","2800000"
"HISTORY","ORD000436","PENDING","1789393500000"
"HISTORY","ORD000436","PROCESSING","1789397100000"
"HISTORY","ORD000436","SHIPPING","1789400700000"
"ORDER","ORD000437","Dang Quang Huy","0937569148","9020000","1789394400000","1","COMPLETED"
"ITEM","ORD000437","P122","Ban phim Keychron - Mau 122","3","780000"
"ITEM","ORD000437","P820","Bo chia HDMI Ugreen - Mau 820","3","780000"
"ITEM","ORD000437","P546","RAM Kingston - Mau 546","1","1640000"
"ITEM","ORD000437","P334","Gia do laptop Baseus - Mau 334","3","790000"
"ITEM","ORD000437","P431","Cap USB-C Ugreen - Mau 431","3","110000"
"HISTORY","ORD000437","PENDING","1789394400000"
"HISTORY","ORD000437","PROCESSING","1789398000000"
"HISTORY","ORD000437","SHIPPING","1789401600000"
"HISTORY","ORD000437","COMPLETED","1789405200000"
"ORDER","ORD000438","Nguyen Quang Huy","0991091560","39360000","1789395300000","1","COMPLETED"
"ITEM","ORD000438","P678","Microphone HyperX - Mau 678","4","2580000"
"ITEM","ORD000438","P431","Cap USB-C Ugreen - Mau 431","1","110000"
"ITEM","ORD000438","P139","May in Canon - Mau 139","3","3970000"
"ITEM","ORD000438","P386","RAM Kingston - Mau 386","2","1210000"
"ITEM","ORD000438","P584","Tai nghe Sony - Mau 584","4","3650000"
"HISTORY","ORD000438","PENDING","1789395300000"
"HISTORY","ORD000438","PROCESSING","1789398900000"
"HISTORY","ORD000438","SHIPPING","1789402500000"
"HISTORY","ORD000438","COMPLETED","1789406100000"
"ORDER","ORD000439","Vo Dang Khoa","0948481603","7160000","1789396200000","1","CANCELLED"
"ITEM","ORD000439","P469","Loa Bluetooth JBL - Mau 469","2","1800000"
"ITEM","ORD000439","P772","Router WiFi TP-Link - Mau 772","4","890000"
"HISTORY","ORD000439","PENDING","1789396200000"
"HISTORY","ORD000439","PROCESSING","1789399800000"
"HISTORY","ORD000439","CANCELLED","1789403400000"
"ORDER","ORD000440","Vu Lan Chi","0970309177","5832000","1789397100000","1","CANCELLED"
"ITEM","ORD000440","P242","Ban phim Keychron - Mau 242","4","1458000"
"HISTORY","ORD000440","PENDING","1789397100000"
"HISTORY","ORD000440","CANCELLED","1789400700000"
"ORDER","ORD000441","Vo Huynh Khoa","0916244858","8010000","1789398000000","2","PENDING"
"ITEM","ORD000441","P835","O cung HDD Seagate - Mau 835","3","2670000"
"HISTORY","ORD000441","PENDING","1789398000000"
"ORDER","ORD000442","Dang Quang Huy","0958040535","8360000","1789398900000","2","PENDING"
"ITEM","ORD000442","P860","Bo chia HDMI Ugreen - Mau 860","1","720000"
"ITEM","ORD000442","P290","Sac du phong Anker - Mau 290","4","1910000"
"HISTORY","ORD000442","PENDING","1789398900000"
"ORDER","ORD000443","Huynh Thu Ha","0942511914","85100000","1789399800000","2","PROCESSING"
"ITEM","ORD000443","P349","Loa Bluetooth JBL - Mau 349","1","2760000"
"ITEM","ORD000443","P287","Laptop Asus - Mau 287","4","18720000"
"ITEM","ORD000443","P028","Webcam Logitech - Mau 028","2","1040000"
"ITEM","ORD000443","P396","Chuot gaming Razer - Mau 396","2","1450000"
"ITEM","ORD000443","P850","Sac du phong Anker - Mau 850","4","620000"
"HISTORY","ORD000443","PENDING","1789399800000"
"HISTORY","ORD000443","PROCESSING","1789403400000"
"ORDER","ORD000444","Tran Huynh Khoa","0967449350","62290000","1789400700000","2","PROCESSING"
"ITEM","ORD000444","P684","Tai nghe Sony - Mau 684","1","2050000"
"ITEM","ORD000444","P325","SSD Samsung - Mau 325","2","2670000"
"ITEM","ORD000444","P127","Laptop Asus - Mau 127","2","21510000"
"ITEM","ORD000444","P292","Router WiFi TP-Link - Mau 292","4","2120000"
"ITEM","ORD000444","P718","Microphone HyperX - Mau 718","1","3400000"
"HISTORY","ORD000444","PENDING","1789400700000"
"HISTORY","ORD000444","PROCESSING","1789404300000"
"ORDER","ORD000445","Tran Minh Duc","0969661372","510000","1789401600000","2","SHIPPING"
"ITEM","ORD000445","P233","USB Sandisk - Mau 233","1","510000"
"HISTORY","ORD000445","PENDING","1789401600000"
"HISTORY","ORD000445","PROCESSING","1789405200000"
"HISTORY","ORD000445","SHIPPING","1789408800000"
"ORDER","ORD000446","Dang Dinh Hai","0932634375","8370000","1789402500000","3","SHIPPING"
"ITEM","ORD000446","P131","Cap USB-C Ugreen - Mau 131","1","290000"
"ITEM","ORD000446","P517","Ban phim gaming Corsair - Mau 517","4","2020000"
"HISTORY","ORD000446","PENDING","1789402500000"
"HISTORY","ORD000446","PROCESSING","1789406100000"
"HISTORY","ORD000446","SHIPPING","1789409700000"
"ORDER","ORD000447","Tran Tuan Kiet","0919555494","2160000","1789403400000","3","COMPLETED"
"ITEM","ORD000447","P204","Tai nghe Sony - Mau 204","2","1080000"
"HISTORY","ORD000447","PENDING","1789403400000"
"HISTORY","ORD000447","PROCESSING","1789407000000"
"HISTORY","ORD000447","SHIPPING","1789410600000"
"HISTORY","ORD000447","COMPLETED","1789414200000"
"ORDER","ORD000448","Hoang Ngoc Anh","0993205530","33040000","1789404300000","3","COMPLETED"
"ITEM","ORD000448","P987","Laptop Asus - Mau 987","2","16520000"
"HISTORY","ORD000448","PENDING","1789404300000"
"HISTORY","ORD000448","PROCESSING","1789407900000"
"HISTORY","ORD000448","SHIPPING","1789411500000"
"HISTORY","ORD000448","COMPLETED","1789415100000"
"ORDER","ORD000449","Le Minh An","0960090388","18800000","1789405200000","3","CANCELLED"
"ITEM","ORD000449","P792","Router WiFi TP-Link - Mau 792","4","1160000"
"ITEM","ORD000449","P705","SSD Samsung - Mau 705","2","4470000"
"ITEM","ORD000449","P911","Cap USB-C Ugreen - Mau 911","3","140000"
"ITEM","ORD000449","P069","Loa Bluetooth JBL - Mau 069","3","1600000"
"HISTORY","ORD000449","PENDING","1789405200000"
"HISTORY","ORD000449","PROCESSING","1789408800000"
"HISTORY","ORD000449","CANCELLED","1789412400000"
"ORDER","ORD000450","Dang Minh Duc","0912261738","20180000","1789406100000","3","CANCELLED"
"ITEM","ORD000450","P877","Ban phim gaming Corsair - Mau 877","3","1220000"
"ITEM","ORD000450","P519","May in Canon - Mau 519","4","2630000"
"ITEM","ORD000450","P846","RAM Kingston - Mau 846","1","2220000"
"ITEM","ORD000450","P699","May in Canon - Mau 699","2","1890000"
"HISTORY","ORD000450","PENDING","1789406100000"
"HISTORY","ORD000450","CANCELLED","1789409700000"
"ORDER","ORD000451","Tran Thanh Nam","0986702096","4833000","1789407000000","1","PENDING"
"ITEM","ORD000451","P277","Ban phim gaming Corsair - Mau 277","3","450000"
"ITEM","ORD000451","P975","O cung HDD Seagate - Mau 975","3","1161000"
"HISTORY","ORD000451","PENDING","1789407000000"
"ORDER","ORD000452","Le Dinh Hai","0919311354","14180000","1789407900000","1","PENDING"
"ITEM","ORD000452","P697","Ban phim gaming Corsair - Mau 697","3","800000"
"ITEM","ORD000452","P495","O cung HDD Seagate - Mau 495","3","2380000"
"ITEM","ORD000452","P810","Sac du phong Anker - Mau 810","2","510000"
"ITEM","ORD000452","P946","RAM Kingston - Mau 946","1","1960000"
"ITEM","ORD000452","P430","Sac du phong Anker - Mau 430","2","830000"
"HISTORY","ORD000452","PENDING","1789407900000"
"ORDER","ORD000453","Pham Thanh Nam","0928997913","9300000","1789408800000","1","PROCESSING"
"ITEM","ORD000453","P075","O cung HDD Seagate - Mau 075","3","2610000"
"ITEM","ORD000453","P761","Chuot khong day Logitech - Mau 761","1","370000"
"ITEM","ORD000453","P929","Loa Bluetooth JBL - Mau 929","2","550000"
"HISTORY","ORD000453","PENDING","1789408800000"
"HISTORY","ORD000453","PROCESSING","1789412400000"
"ORDER","ORD000454","Phan Quang Huy","0931075835","5490000","1789409700000","1","PROCESSING"
"ITEM","ORD000454","P642","Ban phim Keychron - Mau 642","3","1830000"
"HISTORY","ORD000454","PENDING","1789409700000"
"HISTORY","ORD000454","PROCESSING","1789413300000"
"ORDER","ORD000455","Tran Huynh Khoa","0974791459","6890000","1789410600000","1","SHIPPING"
"ITEM","ORD000455","P680","Bo chia HDMI Ugreen - Mau 680","2","610000"
"ITEM","ORD000455","P258","Microphone HyperX - Mau 258","3","690000"
"ITEM","ORD000455","P794","Gia do laptop Baseus - Mau 794","2","640000"
"ITEM","ORD000455","P661","Chuot khong day Logitech - Mau 661","4","580000"
"HISTORY","ORD000455","PENDING","1789410600000"
"HISTORY","ORD000455","PROCESSING","1789414200000"
"HISTORY","ORD000455","SHIPPING","1789417800000"
"ORDER","ORD000456","Nguyen Quang Huy","0996627320","44460000","1789411500000","2","SHIPPING"
"ITEM","ORD000456","P148","Webcam Logitech - Mau 148","1","360000"
"ITEM","ORD000456","P007","Laptop Asus - Mau 007","3","14700000"
"HISTORY","ORD000456","PENDING","1789411500000"
"HISTORY","ORD000456","PROCESSING","1789415100000"
"HISTORY","ORD000456","SHIPPING","1789418700000"
"ORDER","ORD000457","Nguyen Thu Ha","0967997980","8010000","1789412400000","2","COMPLETED"
"ITEM","ORD000457","P331","Cap USB-C Ugreen - Mau 331","3","390000"
"ITEM","ORD000457","P036","Chuot gaming Razer - Mau 036","2","2140000"
"ITEM","ORD000457","P520","Bo chia HDMI Ugreen - Mau 520","1","800000"
"ITEM","ORD000457","P801","Chuot khong day Logitech - Mau 801","2","880000"
"HISTORY","ORD000457","PENDING","1789412400000"
"HISTORY","ORD000457","PROCESSING","1789416000000"
"HISTORY","ORD000457","SHIPPING","1789419600000"
"HISTORY","ORD000457","COMPLETED","1789423200000"
"ORDER","ORD000458","Hoang Dang Khoa","0940986275","2290000","1789413300000","2","COMPLETED"
"ITEM","ORD000458","P411","Cap USB-C Ugreen - Mau 411","2","400000"
"ITEM","ORD000458","P261","Chuot khong day Logitech - Mau 261","1","850000"
"ITEM","ORD000458","P753","USB Sandisk - Mau 753","1","640000"
"HISTORY","ORD000458","PENDING","1789413300000"
"HISTORY","ORD000458","PROCESSING","1789416900000"
"HISTORY","ORD000458","SHIPPING","1789420500000"
"HISTORY","ORD000458","COMPLETED","1789424100000"
"ORDER","ORD000459","Pham Thanh Nam","0967901350","69330000","1789414200000","2","CANCELLED"
"ITEM","ORD000459","P384","Tai nghe Sony - Mau 384","1","5450000"
"ITEM","ORD000459","P325","SSD Samsung - Mau 325","2","2670000"
"ITEM","ORD000459","P575","O cung HDD Seagate - Mau 575","4","2010000"
"ITEM","ORD000459","P244","Tai nghe Sony - Mau 244","1","4200000"
"ITEM","ORD000459","P547","Laptop Asus - Mau 547","2","23150000"
"HISTORY","ORD000459","PENDING","1789414200000"
"HISTORY","ORD000459","PROCESSING","1789417800000"
"HISTORY","ORD000459","CANCELLED","1789421400000"
"ORDER","ORD000460","Le Dinh Hai","0931878511","5820000","1789415100000","2","CANCELLED"
"ITEM","ORD000460","P264","Tai nghe Sony - Mau 264","1","5820000"
"HISTORY","ORD000460","PENDING","1789415100000"
"HISTORY","ORD000460","CANCELLED","1789418700000"
"ORDER","ORD000461","Huynh Thanh Nam","0969262279","13640000","1789416000000","3","PENDING"
"ITEM","ORD000461","P495","O cung HDD Seagate - Mau 495","3","2380000"
"ITEM","ORD000461","P618","Microphone HyperX - Mau 618","2","470000"
"ITEM","ORD000461","P053","USB Sandisk - Mau 053","2","550000"
"ITEM","ORD000461","P752","Router WiFi TP-Link - Mau 752","2","2230000"
"HISTORY","ORD000461","PENDING","1789416000000"
"ORDER","ORD000462","Vu Thu Ha","0991554827","25713000","1789416900000","3","PENDING"
"ITEM","ORD000462","P964","Tai nghe Sony - Mau 964","4","3663000"
"ITEM","ORD000462","P855","O cung HDD Seagate - Mau 855","1","1521000"
"ITEM","ORD000462","P279","May in Canon - Mau 279","2","4059000"
"ITEM","ORD000462","P720","Bo chia HDMI Ugreen - Mau 720","2","405000"
"ITEM","ORD000462","P193","USB Sandisk - Mau 193","4","153000"
"HISTORY","ORD000462","PENDING","1789416900000"
"ORDER","ORD000463","Tran Lan Chi","0931539292","45880000","1789417800000","3","PROCESSING"
"ITEM","ORD000463","P047","Laptop Asus - Mau 047","4","11470000"
"HISTORY","ORD000463","PENDING","1789417800000"
"HISTORY","ORD000463","PROCESSING","1789421400000"
"ORDER","ORD000464","Pham Thu Ha","0926800455","740000","1789418700000","3","PROCESSING"
"ITEM","ORD000464","P761","Chuot khong day Logitech - Mau 761","2","370000"
"HISTORY","ORD000464","PENDING","1789418700000"
"HISTORY","ORD000464","PROCESSING","1789422300000"
"ORDER","ORD000465","Pham Tuan Kiet","0912542765","30770000","1789419600000","3","SHIPPING"
"ITEM","ORD000465","P675","O cung HDD Seagate - Mau 675","4","1530000"
"ITEM","ORD000465","P212","Router WiFi TP-Link - Mau 212","4","1430000"
"ITEM","ORD000465","P415","O cung HDD Seagate - Mau 415","4","990000"
"ITEM","ORD000465","P092","Router WiFi TP-Link - Mau 092","3","2500000"
"ITEM","ORD000465","P906","RAM Kingston - Mau 906","3","2490000"
"HISTORY","ORD000465","PENDING","1789419600000"
"HISTORY","ORD000465","PROCESSING","1789423200000"
"HISTORY","ORD000465","SHIPPING","1789426800000"
"ORDER","ORD000466","Nguyen Minh An","0970807768","36550000","1789420500000","1","SHIPPING"
"ITEM","ORD000466","P797","Ban phim gaming Corsair - Mau 797","2","860000"
"ITEM","ORD000466","P938","Microphone HyperX - Mau 938","1","3990000"
"ITEM","ORD000466","P717","Ban phim gaming Corsair - Mau 717","3","2220000"
"ITEM","ORD000466","P983","Man hinh Dell - Mau 983","2","10310000"
"ITEM","ORD000466","P676","Chuot gaming Razer - Mau 676","4","890000"
"HISTORY","ORD000466","PENDING","1789420500000"
"HISTORY","ORD000466","PROCESSING","1789424100000"
"HISTORY","ORD000466","SHIPPING","1789427700000"
"ORDER","ORD000467","Dang Bao Tran","0979690229","5800000","1789421400000","1","COMPLETED"
"ITEM","ORD000467","P793","USB Sandisk - Mau 793","3","570000"
"ITEM","ORD000467","P495","O cung HDD Seagate - Mau 495","1","2380000"
"ITEM","ORD000467","P093","USB Sandisk - Mau 093","3","570000"
"HISTORY","ORD000467","PENDING","1789421400000"
"HISTORY","ORD000467","PROCESSING","1789425000000"
"HISTORY","ORD000467","SHIPPING","1789428600000"
"HISTORY","ORD000467","COMPLETED","1789432200000"
"ORDER","ORD000468","Vo Quang Huy","0942531915","2540000","1789422300000","1","COMPLETED"
"ITEM","ORD000468","P956","Chuot gaming Razer - Mau 956","2","1270000"
"HISTORY","ORD000468","PENDING","1789422300000"
"HISTORY","ORD000468","PROCESSING","1789425900000"
"HISTORY","ORD000468","SHIPPING","1789429500000"
"HISTORY","ORD000468","COMPLETED","1789433100000"
"ORDER","ORD000469","Dang Thu Ha","0997761953","6930000","1789423200000","1","CANCELLED"
"ITEM","ORD000469","P306","RAM Kingston - Mau 306","2","2000000"
"ITEM","ORD000469","P156","Chuot gaming Razer - Mau 156","2","390000"
"ITEM","ORD000469","P837","Ban phim gaming Corsair - Mau 837","1","2150000"
"HISTORY","ORD000469","PENDING","1789423200000"
"HISTORY","ORD000469","PROCESSING","1789426800000"
"HISTORY","ORD000469","CANCELLED","1789430400000"
"ORDER","ORD000470","Bui Thanh Nam","0958408745","18420000","1789424100000","1","CANCELLED"
"ITEM","ORD000470","P325","SSD Samsung - Mau 325","4","2670000"
"ITEM","ORD000470","P642","Ban phim Keychron - Mau 642","3","1830000"
"ITEM","ORD000470","P048","Webcam Logitech - Mau 048","1","980000"
"ITEM","ORD000470","P651","Cap USB-C Ugreen - Mau 651","1","370000"
"ITEM","ORD000470","P771","Cap USB-C Ugreen - Mau 771","3","300000"
"HISTORY","ORD000470","PENDING","1789424100000"
"HISTORY","ORD000470","CANCELLED","1789427700000"
"ORDER","ORD000471","Le Thanh Nam","0983427879","5080000","1789425000000","2","PENDING"
"ITEM","ORD000471","P601","Chuot khong day Logitech - Mau 601","2","670000"
"ITEM","ORD000471","P690","Sac du phong Anker - Mau 690","2","780000"
"ITEM","ORD000471","P095","O cung HDD Seagate - Mau 095","2","1090000"
"HISTORY","ORD000471","PENDING","1789425000000"
"ORDER","ORD000472","Dang Minh An","0975836251","2580000","1789425900000","2","PENDING"
"ITEM","ORD000472","P931","Cap USB-C Ugreen - Mau 931","4","70000"
"ITEM","ORD000472","P496","Chuot gaming Razer - Mau 496","2","1150000"
"HISTORY","ORD000472","PENDING","1789425900000"
"ORDER","ORD000473","Nguyen Huynh Khoa","0933975939","17811000","1789426800000","2","PROCESSING"
"ITEM","ORD000473","P587","Laptop Asus - Mau 587","1","15255000"
"ITEM","ORD000473","P869","Loa Bluetooth JBL - Mau 869","1","1602000"
"ITEM","ORD000473","P114","Gia do laptop Baseus - Mau 114","2","477000"
"HISTORY","ORD000473","PENDING","1789426800000"
"HISTORY","ORD000473","PROCESSING","1789430400000"
"ORDER","ORD000474","Tran Huynh Khoa","0959972317","4400000","1789427700000","2","PROCESSING"
"ITEM","ORD000474","P651","Cap USB-C Ugreen - Mau 651","4","370000"
"ITEM","ORD000474","P734","Gia do laptop Baseus - Mau 734","4","730000"
"HISTORY","ORD000474","PENDING","1789427700000"
"HISTORY","ORD000474","PROCESSING","1789431300000"
"ORDER","ORD000475","Tran Lan Chi","0998858598","24580000","1789428600000","2","SHIPPING"
"ITEM","ORD000475","P523","Man hinh Dell - Mau 523","3","5520000"
"ITEM","ORD000475","P180","Bo chia HDMI Ugreen - Mau 180","3","300000"
"ITEM","ORD000475","P543","Man hinh Dell - Mau 543","1","3370000"
"ITEM","ORD000475","P435","O cung HDD Seagate - Mau 435","3","1250000"
"HISTORY","ORD000475","PENDING","1789428600000"
"HISTORY","ORD000475","PROCESSING","1789432200000"
"HISTORY","ORD000475","SHIPPING","1789435800000"
"ORDER","ORD000476","Phan Lan Chi","0918543295","16690000","1789429500000","3","SHIPPING"
"ITEM","ORD000476","P608","Webcam Logitech - Mau 608","2","1940000"
"ITEM","ORD000476","P675","O cung HDD Seagate - Mau 675","3","1530000"
"ITEM","ORD000476","P482","Ban phim Keychron - Mau 482","3","2740000"
"HISTORY","ORD000476","PENDING","1789429500000"
"HISTORY","ORD000476","PROCESSING","1789433100000"
"HISTORY","ORD000476","SHIPPING","1789436700000"
"ORDER","ORD000477","Vu Thanh Nam","0933297107","8060000","1789430400000","3","COMPLETED"
"ITEM","ORD000477","P935","O cung HDD Seagate - Mau 935","4","940000"
"ITEM","ORD000477","P074","Gia do laptop Baseus - Mau 074","4","450000"
"ITEM","ORD000477","P940","Bo chia HDMI Ugreen - Mau 940","3","120000"
"ITEM","ORD000477","P775","O cung HDD Seagate - Mau 775","1","2140000"
"HISTORY","ORD000477","PENDING","1789430400000"
"HISTORY","ORD000477","PROCESSING","1789434000000"
"HISTORY","ORD000477","SHIPPING","1789437600000"
"HISTORY","ORD000477","COMPLETED","1789441200000"
"ORDER","ORD000478","Nguyen Huynh Khoa","0936034941","5680000","1789431300000","3","COMPLETED"
"ITEM","ORD000478","P180","Bo chia HDMI Ugreen - Mau 180","4","300000"
"ITEM","ORD000478","P228","Webcam Logitech - Mau 228","2","2240000"
"HISTORY","ORD000478","PENDING","1789431300000"
"HISTORY","ORD000478","PROCESSING","1789434900000"
"HISTORY","ORD000478","SHIPPING","1789438500000"
"HISTORY","ORD000478","COMPLETED","1789442100000"
"ORDER","ORD000479","Nguyen Quang Huy","0930196886","25630000","1789432200000","3","CANCELLED"
"ITEM","ORD000479","P602","Ban phim Keychron - Mau 602","2","1870000"
"ITEM","ORD000479","P879","May in Canon - Mau 879","1","2300000"
"ITEM","ORD000479","P238","Microphone HyperX - Mau 238","2","2250000"
"ITEM","ORD000479","P282","Ban phim Keychron - Mau 282","4","3150000"
"ITEM","ORD000479","P504","Tai nghe Sony - Mau 504","1","2490000"
"HISTORY","ORD000479","PENDING","1789432200000"
"HISTORY","ORD000479","PROCESSING","1789435800000"
"HISTORY","ORD000479","CANCELLED","1789439400000"
"ORDER","ORD000480","Phan Dang Khoa","0988483652","14310000","1789433100000","3","CANCELLED"
"ITEM","ORD000480","P768","Webcam Logitech - Mau 768","4","2020000"
"ITEM","ORD000480","P382","Ban phim Keychron - Mau 382","1","1060000"
"ITEM","ORD000480","P190","Sac du phong Anker - Mau 190","1","400000"
"ITEM","ORD000480","P840","Bo chia HDMI Ugreen - Mau 840","4","330000"
"ITEM","ORD000480","P124","Tai nghe Sony - Mau 124","1","3450000"
"HISTORY","ORD000480","PENDING","1789433100000"
"HISTORY","ORD000480","CANCELLED","1789436700000"
"ORDER","ORD000481","Tran Huynh Khoa","0943924154","53790000","1789434000000","1","PENDING"
"ITEM","ORD000481","P907","Laptop Asus - Mau 907","3","12230000"
"ITEM","ORD000481","P264","Tai nghe Sony - Mau 264","1","5820000"
"ITEM","ORD000481","P725","SSD Samsung - Mau 725","1","2360000"
"ITEM","ORD000481","P862","Ban phim Keychron - Mau 862","4","2230000"
"HISTORY","ORD000481","PENDING","1789434000000"
"ORDER","ORD000482","Le Dinh Hai","0984394445","7360000","1789434900000","1","PENDING"
"ITEM","ORD000482","P331","Cap USB-C Ugreen - Mau 331","2","390000"
"ITEM","ORD000482","P820","Bo chia HDMI Ugreen - Mau 820","3","780000"
"ITEM","ORD000482","P337","Ban phim gaming Corsair - Mau 337","1","1560000"
"ITEM","ORD000482","P555","O cung HDD Seagate - Mau 555","2","1340000"
"HISTORY","ORD000482","PENDING","1789434900000"
"ORDER","ORD000483","Tran Lan Chi","0999992318","51000000","1789435800000","1","PROCESSING"
"ITEM","ORD000483","P083","Man hinh Dell - Mau 083","4","5500000"
"ITEM","ORD000483","P124","Tai nghe Sony - Mau 124","3","3450000"
"ITEM","ORD000483","P409","Loa Bluetooth JBL - Mau 409","2","5980000"
"ITEM","ORD000483","P368","Webcam Logitech - Mau 368","3","2230000"
"HISTORY","ORD000483","PENDING","1789435800000"
"HISTORY","ORD000483","PROCESSING","1789439400000"
"ORDER","ORD000484","Le Minh Duc","0986443552","12978000","1789436700000","1","PROCESSING"
"ITEM","ORD000484","P950","Sac du phong Anker - Mau 950","1","666000"
"ITEM","ORD000484","P324","Tai nghe Sony - Mau 324","4","3078000"
"HISTORY","ORD000484","PENDING","1789436700000"
"HISTORY","ORD000484","PROCESSING","1789440300000"
"ORDER","ORD000485","Vo Bao Tran","0957955632","2080000","1789437600000","1","SHIPPING"
"ITEM","ORD000485","P811","Cap USB-C Ugreen - Mau 811","1","440000"
"ITEM","ORD000485","P081","Chuot khong day Logitech - Mau 081","4","120000"
"ITEM","ORD000485","P146","RAM Kingston - Mau 146","1","1160000"
"HISTORY","ORD000485","PENDING","1789437600000"
"HISTORY","ORD000485","PROCESSING","1789441200000"
"HISTORY","ORD000485","SHIPPING","1789444800000"
"ORDER","ORD000486","Do Dinh Hai","0958926954","11330000","1789438500000","2","SHIPPING"
"ITEM","ORD000486","P191","Cap USB-C Ugreen - Mau 191","4","80000"
"ITEM","ORD000486","P231","Cap USB-C Ugreen - Mau 231","3","130000"
"ITEM","ORD000486","P748","Webcam Logitech - Mau 748","2","750000"
"ITEM","ORD000486","P735","O cung HDD Seagate - Mau 735","4","2280000"
"HISTORY","ORD000486","PENDING","1789438500000"
"HISTORY","ORD000486","PROCESSING","1789442100000"
"HISTORY","ORD000486","SHIPPING","1789445700000"
"ORDER","ORD000487","Vo Dinh Hai","0927865377","3420000","1789439400000","2","COMPLETED"
"ITEM","ORD000487","P822","Ban phim Keychron - Mau 822","3","1140000"
"HISTORY","ORD000487","PENDING","1789439400000"
"HISTORY","ORD000487","PROCESSING","1789443000000"
"HISTORY","ORD000487","SHIPPING","1789446600000"
"HISTORY","ORD000487","COMPLETED","1789450200000"
"ORDER","ORD000488","Nguyen Minh An","0919936201","13360000","1789440300000","2","COMPLETED"
"ITEM","ORD000488","P365","SSD Samsung - Mau 365","4","3340000"
"HISTORY","ORD000488","PENDING","1789440300000"
"HISTORY","ORD000488","PROCESSING","1789443900000"
"HISTORY","ORD000488","SHIPPING","1789447500000"
"HISTORY","ORD000488","COMPLETED","1789451100000"
"ORDER","ORD000489","Dang Huynh Khoa","0915743056","10340000","1789441200000","2","CANCELLED"
"ITEM","ORD000489","P972","Router WiFi TP-Link - Mau 972","3","2340000"
"ITEM","ORD000489","P531","Cap USB-C Ugreen - Mau 531","4","160000"
"ITEM","ORD000489","P572","Router WiFi TP-Link - Mau 572","1","2680000"
"HISTORY","ORD000489","PENDING","1789441200000"
"HISTORY","ORD000489","PROCESSING","1789444800000"
"HISTORY","ORD000489","CANCELLED","1789448400000"
"ORDER","ORD000490","Phan Dinh Hai","0934025546","12950000","1789442100000","2","CANCELLED"
"ITEM","ORD000490","P163","Man hinh Dell - Mau 163","1","12950000"
"HISTORY","ORD000490","PENDING","1789442100000"
"HISTORY","ORD000490","CANCELLED","1789445700000"
"ORDER","ORD000491","Bui Dang Khoa","0978825944","11850000","1789443000000","3","PENDING"
"ITEM","ORD000491","P548","Webcam Logitech - Mau 548","4","2490000"
"ITEM","ORD000491","P330","Sac du phong Anker - Mau 330","3","630000"
"HISTORY","ORD000491","PENDING","1789443000000"
"ORDER","ORD000492","Dang Dinh Hai","0970525475","21230000","1789443900000","3","PENDING"
"ITEM","ORD000492","P418","Microphone HyperX - Mau 418","3","1680000"
"ITEM","ORD000492","P333","USB Sandisk - Mau 333","2","620000"
"ITEM","ORD000492","P184","Tai nghe Sony - Mau 184","3","4450000"
"ITEM","ORD000492","P570","Sac du phong Anker - Mau 570","3","390000"
"ITEM","ORD000492","P256","Chuot gaming Razer - Mau 256","1","430000"
"HISTORY","ORD000492","PENDING","1789443900000"
"ORDER","ORD000493","Bui Dinh Hai","0967078721","8120000","1789444800000","3","PROCESSING"
"ITEM","ORD000493","P848","Webcam Logitech - Mau 848","4","2030000"
"HISTORY","ORD000493","PENDING","1789444800000"
"HISTORY","ORD000493","PROCESSING","1789448400000"
"ORDER","ORD000494","Le Thanh Nam","0925949664","15990000","1789445700000","3","PROCESSING"
"ITEM","ORD000494","P398","Microphone HyperX - Mau 398","4","3240000"
"ITEM","ORD000494","P882","Ban phim Keychron - Mau 882","1","3030000"
"HISTORY","ORD000494","PENDING","1789445700000"
"HISTORY","ORD000494","PROCESSING","1789449300000"
"ORDER","ORD000495","Pham Thanh Nam","0915165891","3636000","1789446600000","3","SHIPPING"
"ITEM","ORD000495","P480","Bo chia HDMI Ugreen - Mau 480","4","558000"
"ITEM","ORD000495","P690","Sac du phong Anker - Mau 690","2","702000"
"HISTORY","ORD000495","PENDING","1789446600000"
"HISTORY","ORD000495","PROCESSING","1789450200000"
"HISTORY","ORD000495","SHIPPING","1789453800000"
"ORDER","ORD000496","Tran Thu Ha","0997255863","60700000","1789447500000","1","SHIPPING"
"ITEM","ORD000496","P624","Tai nghe Sony - Mau 624","4","6090000"
"ITEM","ORD000496","P718","Microphone HyperX - Mau 718","4","3400000"
"ITEM","ORD000496","P804","Tai nghe Sony - Mau 804","3","6020000"
"ITEM","ORD000496","P972","Router WiFi TP-Link - Mau 972","2","2340000"
"HISTORY","ORD000496","PENDING","1789447500000"
"HISTORY","ORD000496","PROCESSING","1789451100000"
"HISTORY","ORD000496","SHIPPING","1789454700000"
"ORDER","ORD000497","Tran Quang Huy","0972870520","37380000","1789448400000","1","COMPLETED"
"ITEM","ORD000497","P963","Man hinh Dell - Mau 963","3","11900000"
"ITEM","ORD000497","P461","Chuot khong day Logitech - Mau 461","4","420000"
"HISTORY","ORD000497","PENDING","1789448400000"
"HISTORY","ORD000497","PROCESSING","1789452000000"
"HISTORY","ORD000497","SHIPPING","1789455600000"
"HISTORY","ORD000497","COMPLETED","1789459200000"
"ORDER","ORD000498","Phan Huynh Khoa","0946020473","4680000","1789449300000","1","COMPLETED"
"ITEM","ORD000498","P864","Tai nghe Sony - Mau 864","2","460000"
"ITEM","ORD000498","P621","Chuot khong day Logitech - Mau 621","1","810000"
"ITEM","ORD000498","P959","May in Canon - Mau 959","1","2470000"
"ITEM","ORD000498","P521","Chuot khong day Logitech - Mau 521","4","120000"
"HISTORY","ORD000498","PENDING","1789449300000"
"HISTORY","ORD000498","PROCESSING","1789452900000"
"HISTORY","ORD000498","SHIPPING","1789456500000"
"HISTORY","ORD000498","COMPLETED","1789460100000"
"ORDER","ORD000499","Phan Ngoc Anh","0938709682","8140000","1789450200000","1","CANCELLED"
"ITEM","ORD000499","P871","Cap USB-C Ugreen - Mau 871","1","190000"
"ITEM","ORD000499","P255","O cung HDD Seagate - Mau 255","4","1420000"
"ITEM","ORD000499","P440","Bo chia HDMI Ugreen - Mau 440","1","290000"
"ITEM","ORD000499","P593","USB Sandisk - Mau 593","2","530000"
"ITEM","ORD000499","P388","Webcam Logitech - Mau 388","4","230000"
"HISTORY","ORD000499","PENDING","1789450200000"
"HISTORY","ORD000499","PROCESSING","1789453800000"
"HISTORY","ORD000499","CANCELLED","1789457400000"
"ORDER","ORD000500","Hoang Thanh Nam","0974027338","5670000","1789451100000","1","CANCELLED"
"ITEM","ORD000500","P723","Man hinh Dell - Mau 723","3","1890000"
"HISTORY","ORD000500","PENDING","1789451100000"
"HISTORY","ORD000500","CANCELLED","1789454700000"
"ORDER","ORD000501","Bui Ngoc Anh","0994540407","18920000","1789452000000","2","PENDING"
"ITEM","ORD000501","P329","Loa Bluetooth JBL - Mau 329","1","5330000"
"ITEM","ORD000501","P192","Router WiFi TP-Link - Mau 192","4","2770000"
"ITEM","ORD000501","P334","Gia do laptop Baseus - Mau 334","1","790000"
"ITEM","ORD000501","P641","Chuot khong day Logitech - Mau 641","1","910000"
"ITEM","ORD000501","P021","Chuot khong day Logitech - Mau 021","3","270000"
"HISTORY","ORD000501","PENDING","1789452000000"
"ORDER","ORD000502","Tran Ngoc Anh","0936491544","5160000","1789452900000","2","PENDING"
"ITEM","ORD000502","P942","Ban phim Keychron - Mau 942","1","780000"
"ITEM","ORD000502","P437","Ban phim gaming Corsair - Mau 437","2","1350000"
"ITEM","ORD000502","P461","Chuot khong day Logitech - Mau 461","4","420000"
"HISTORY","ORD000502","PENDING","1789452900000"
"ORDER","ORD000503","Bui Ngoc Anh","0979306389","22830000","1789453800000","2","PROCESSING"
"ITEM","ORD000503","P447","Laptop Asus - Mau 447","1","19350000"
"ITEM","ORD000503","P136","Chuot gaming Razer - Mau 136","3","1160000"
"HISTORY","ORD000503","PENDING","1789453800000"
"HISTORY","ORD000503","PROCESSING","1789457400000"
"ORDER","ORD000504","Do Tuan Kiet","0988079116","47000000","1789454700000","2","PROCESSING"
"ITEM","ORD000504","P531","Cap USB-C Ugreen - Mau 531","3","160000"
"ITEM","ORD000504","P383","Man hinh Dell - Mau 383","4","8900000"
"ITEM","ORD000504","P706","RAM Kingston - Mau 706","1","2520000"
"ITEM","ORD000504","P979","May in Canon - Mau 979","2","4200000"
"HISTORY","ORD000504","PENDING","1789454700000"
"HISTORY","ORD000504","PROCESSING","1789458300000"
"ORDER","ORD000505","Phan Bao Tran","0979057315","30200000","1789455600000","2","SHIPPING"
"ITEM","ORD000505","P211","Cap USB-C Ugreen - Mau 211","1","170000"
"ITEM","ORD000505","P382","Ban phim Keychron - Mau 382","1","1060000"
"ITEM","ORD000505","P685","SSD Samsung - Mau 685","4","3500000"
"ITEM","ORD000505","P018","Microphone HyperX - Mau 018","3","3780000"
"ITEM","ORD000505","P386","RAM Kingston - Mau 386","3","1210000"
"HISTORY","ORD000505","PENDING","1789455600000"
"HISTORY","ORD000505","PROCESSING","1789459200000"
"HISTORY","ORD000505","SHIPPING","1789462800000"
"ORDER","ORD000506","Vu Minh An","0994152941","12024000","1789456500000","3","SHIPPING"
"ITEM","ORD000506","P243","Man hinh Dell - Mau 243","1","11718000"
"ITEM","ORD000506","P951","Cap USB-C Ugreen - Mau 951","1","306000"
"HISTORY","ORD000506","PENDING","1789456500000"
"HISTORY","ORD000506","PROCESSING","1789460100000"
"HISTORY","ORD000506","SHIPPING","1789463700000"
"ORDER","ORD000507","Dang Dinh Hai","0935776407","2080000","1789457400000","3","COMPLETED"
"ITEM","ORD000507","P158","Microphone HyperX - Mau 158","2","1040000"
"HISTORY","ORD000507","PENDING","1789457400000"
"HISTORY","ORD000507","PROCESSING","1789461000000"
"HISTORY","ORD000507","SHIPPING","1789464600000"
"HISTORY","ORD000507","COMPLETED","1789468200000"
"ORDER","ORD000508","Dang Dang Khoa","0964390814","29600000","1789458300000","3","COMPLETED"
"ITEM","ORD000508","P124","Tai nghe Sony - Mau 124","1","3450000"
"ITEM","ORD000508","P293","USB Sandisk - Mau 293","3","300000"
"ITEM","ORD000508","P847","Laptop Asus - Mau 847","1","25250000"
"HISTORY","ORD000508","PENDING","1789458300000"
"HISTORY","ORD000508","PROCESSING","1789461900000"
"HISTORY","ORD000508","SHIPPING","1789465500000"
"HISTORY","ORD000508","COMPLETED","1789469100000"
"ORDER","ORD000509","Bui Minh Duc","0966740616","14340000","1789459200000","3","CANCELLED"
"ITEM","ORD000509","P694","Gia do laptop Baseus - Mau 694","3","800000"
"ITEM","ORD000509","P368","Webcam Logitech - Mau 368","4","2230000"
"ITEM","ORD000509","P939","May in Canon - Mau 939","2","1510000"
"HISTORY","ORD000509","PENDING","1789459200000"
"HISTORY","ORD000509","PROCESSING","1789462800000"
"HISTORY","ORD000509","CANCELLED","1789466400000"
"ORDER","ORD000510","Vu Tuan Kiet","0958232838","5700000","1789460100000","3","CANCELLED"
"ITEM","ORD000510","P135","O cung HDD Seagate - Mau 135","3","1900000"
"HISTORY","ORD000510","PENDING","1789460100000"
"HISTORY","ORD000510","CANCELLED","1789463700000"
"ORDER","ORD000511","Do Lan Chi","0958170762","5230000","1789461000000","1","PENDING"
"ITEM","ORD000511","P575","O cung HDD Seagate - Mau 575","1","2010000"
"ITEM","ORD000511","P806","RAM Kingston - Mau 806","3","600000"
"ITEM","ORD000511","P408","Webcam Logitech - Mau 408","2","710000"
"HISTORY","ORD000511","PENDING","1789461000000"
"ORDER","ORD000512","Vu Minh An","0974162858","7430000","1789461900000","1","PENDING"
"ITEM","ORD000512","P644","Tai nghe Sony - Mau 644","1","5030000"
"ITEM","ORD000512","P677","Ban phim gaming Corsair - Mau 677","1","2400000"
"HISTORY","ORD000512","PENDING","1789461900000"
"ORDER","ORD000513","Nguyen Quang Huy","0964251309","23720000","1789462800000","1","PROCESSING"
"ITEM","ORD000513","P728","Webcam Logitech - Mau 728","4","1940000"
"ITEM","ORD000513","P938","Microphone HyperX - Mau 938","4","3990000"
"HISTORY","ORD000513","PENDING","1789462800000"
"HISTORY","ORD000513","PROCESSING","1789466400000"
"ORDER","ORD000514","Pham Lan Chi","0988547693","4680000","1789463700000","1","PROCESSING"
"ITEM","ORD000514","P301","Chuot khong day Logitech - Mau 301","4","1170000"
"HISTORY","ORD000514","PENDING","1789463700000"
"HISTORY","ORD000514","PROCESSING","1789467300000"
"ORDER","ORD000515","Hoang Dinh Hai","0952542996","4500000","1789464600000","1","SHIPPING"
"ITEM","ORD000515","P101","Chuot khong day Logitech - Mau 101","1","730000"
"ITEM","ORD000515","P044","Tai nghe Sony - Mau 044","2","390000"
"ITEM","ORD000515","P390","Sac du phong Anker - Mau 390","1","1900000"
"ITEM","ORD000515","P670","Sac du phong Anker - Mau 670","1","1090000"
"HISTORY","ORD000515","PENDING","1789464600000"
"HISTORY","ORD000515","PROCESSING","1789468200000"
"HISTORY","ORD000515","SHIPPING","1789471800000"
"ORDER","ORD000516","Huynh Thu Ha","0923059488","15280000","1789465500000","2","SHIPPING"
"ITEM","ORD000516","P905","SSD Samsung - Mau 905","1","1150000"
"ITEM","ORD000516","P326","RAM Kingston - Mau 326","4","2270000"
"ITEM","ORD000516","P733","USB Sandisk - Mau 733","4","190000"
"ITEM","ORD000516","P508","Webcam Logitech - Mau 508","1","1950000"
"ITEM","ORD000516","P892","Router WiFi TP-Link - Mau 892","3","780000"
"HISTORY","ORD000516","PENDING","1789465500000"
"HISTORY","ORD000516","PROCESSING","1789469100000"
"HISTORY","ORD000516","SHIPPING","1789472700000"
"ORDER","ORD000517","Dang Dinh Hai","0939027161","7182000","1789466400000","2","COMPLETED"
"ITEM","ORD000517","P204","Tai nghe Sony - Mau 204","3","972000"
"ITEM","ORD000517","P142","Ban phim Keychron - Mau 142","1","1782000"
"ITEM","ORD000517","P101","Chuot khong day Logitech - Mau 101","3","657000"
"ITEM","ORD000517","P733","USB Sandisk - Mau 733","3","171000"
"HISTORY","ORD000517","PENDING","1789466400000"
"HISTORY","ORD000517","PROCESSING","1789470000000"
"HISTORY","ORD000517","SHIPPING","1789473600000"
"HISTORY","ORD000517","COMPLETED","1789477200000"
"ORDER","ORD000518","Do Lan Chi","0999498473","27720000","1789467300000","2","COMPLETED"
"ITEM","ORD000518","P981","Chuot khong day Logitech - Mau 981","4","140000"
"ITEM","ORD000518","P019","May in Canon - Mau 019","4","6790000"
"HISTORY","ORD000518","PENDING","1789467300000"
"HISTORY","ORD000518","PROCESSING","1789470900000"
"HISTORY","ORD000518","SHIPPING","1789474500000"
"HISTORY","ORD000518","COMPLETED","1789478100000"
"ORDER","ORD000519","Huynh Dang Khoa","0984933578","17490000","1789468200000","2","CANCELLED"
"ITEM","ORD000519","P237","Ban phim gaming Corsair - Mau 237","3","1630000"
"ITEM","ORD000519","P871","Cap USB-C Ugreen - Mau 871","1","190000"
"ITEM","ORD000519","P479","May in Canon - Mau 479","2","5780000"
"ITEM","ORD000519","P733","USB Sandisk - Mau 733","2","190000"
"ITEM","ORD000519","P414","Gia do laptop Baseus - Mau 414","1","470000"
"HISTORY","ORD000519","PENDING","1789468200000"
"HISTORY","ORD000519","PROCESSING","1789471800000"
"HISTORY","ORD000519","CANCELLED","1789475400000"
"ORDER","ORD000520","Dang Dinh Hai","0980332253","8150000","1789469100000","2","CANCELLED"
"ITEM","ORD000520","P948","Webcam Logitech - Mau 948","2","1870000"
"ITEM","ORD000520","P085","SSD Samsung - Mau 085","3","1470000"
"HISTORY","ORD000520","PENDING","1789469100000"
"HISTORY","ORD000520","CANCELLED","1789472700000"
"ORDER","ORD000521","Huynh Quang Huy","0967196731","1000000","1789470000000","3","PENDING"
"ITEM","ORD000521","P277","Ban phim gaming Corsair - Mau 277","2","500000"
"HISTORY","ORD000521","PENDING","1789470000000"
"ORDER","ORD000522","Phan Thanh Nam","0922001736","20470000","1789470900000","3","PENDING"
"ITEM","ORD000522","P132","Router WiFi TP-Link - Mau 132","4","2350000"
"ITEM","ORD000522","P305","SSD Samsung - Mau 305","3","3690000"
"HISTORY","ORD000522","PENDING","1789470900000"
"ORDER","ORD000523","Le Dang Khoa","0912754515","15020000","1789471800000","3","PROCESSING"
"ITEM","ORD000523","P316","Chuot gaming Razer - Mau 316","2","360000"
"ITEM","ORD000523","P512","Router WiFi TP-Link - Mau 512","3","3480000"
"ITEM","ORD000523","P510","Sac du phong Anker - Mau 510","2","1930000"
"HISTORY","ORD000523","PENDING","1789471800000"
"HISTORY","ORD000523","PROCESSING","1789475400000"
"ORDER","ORD000524","Huynh Dinh Hai","0910429033","13700000","1789472700000","3","PROCESSING"
"ITEM","ORD000524","P619","May in Canon - Mau 619","2","5680000"
"ITEM","ORD000524","P301","Chuot khong day Logitech - Mau 301","2","1170000"
"HISTORY","ORD000524","PENDING","1789472700000"
"HISTORY","ORD000524","PROCESSING","1789476300000"
"ORDER","ORD000525","Phan Dinh Hai","0923907568","94380000","1789473600000","3","SHIPPING"
"ITEM","ORD000525","P547","Laptop Asus - Mau 547","4","23150000"
"ITEM","ORD000525","P494","Gia do laptop Baseus - Mau 494","4","220000"
"ITEM","ORD000525","P551","Cap USB-C Ugreen - Mau 551","2","450000"
"HISTORY","ORD000525","PENDING","1789473600000"
"HISTORY","ORD000525","PROCESSING","1789477200000"
"HISTORY","ORD000525","SHIPPING","1789480800000"
"ORDER","ORD000526","Bui Quang Huy","0987907033","13480000","1789474500000","1","SHIPPING"
"ITEM","ORD000526","P144","Tai nghe Sony - Mau 144","1","2030000"
"ITEM","ORD000526","P434","Gia do laptop Baseus - Mau 434","3","650000"
"ITEM","ORD000526","P508","Webcam Logitech - Mau 508","4","1950000"
"ITEM","ORD000526","P261","Chuot khong day Logitech - Mau 261","2","850000"
"HISTORY","ORD000526","PENDING","1789474500000"
"HISTORY","ORD000526","PROCESSING","1789478100000"
"HISTORY","ORD000526","SHIPPING","1789481700000"
"ORDER","ORD000527","Phan Dang Khoa","0994736495","8060000","1789475400000","1","COMPLETED"
"ITEM","ORD000527","P819","May in Canon - Mau 819","1","6480000"
"ITEM","ORD000527","P893","USB Sandisk - Mau 893","2","210000"
"ITEM","ORD000527","P351","Cap USB-C Ugreen - Mau 351","4","290000"
"HISTORY","ORD000527","PENDING","1789475400000"
"HISTORY","ORD000527","PROCESSING","1789479000000"
"HISTORY","ORD000527","SHIPPING","1789482600000"
"HISTORY","ORD000527","COMPLETED","1789486200000"
"ORDER","ORD000528","Vu Dang Khoa","0953284548","35505000","1789476300000","1","COMPLETED"
"ITEM","ORD000528","P579","May in Canon - Mau 579","3","1926000"
"ITEM","ORD000528","P102","Ban phim Keychron - Mau 102","2","2412000"
"ITEM","ORD000528","P744","Tai nghe Sony - Mau 744","2","3996000"
"ITEM","ORD000528","P414","Gia do laptop Baseus - Mau 414","2","423000"
"ITEM","ORD000528","P643","Man hinh Dell - Mau 643","3","5355000"
"HISTORY","ORD000528","PENDING","1789476300000"
"HISTORY","ORD000528","PROCESSING","1789479900000"
"HISTORY","ORD000528","SHIPPING","1789483500000"
"HISTORY","ORD000528","COMPLETED","1789487100000"
"ORDER","ORD000529","Do Thu Ha","0964433373","3400000","1789477200000","1","CANCELLED"
"ITEM","ORD000529","P888","Webcam Logitech - Mau 888","2","1700000"
"HISTORY","ORD000529","PENDING","1789477200000"
"HISTORY","ORD000529","PROCESSING","1789480800000"
"HISTORY","ORD000529","CANCELLED","1789484400000"
"ORDER","ORD000530","Vu Quang Huy","0916207424","1590000","1789478100000","1","CANCELLED"
"ITEM","ORD000530","P134","Gia do laptop Baseus - Mau 134","3","530000"
"HISTORY","ORD000530","PENDING","1789478100000"
"HISTORY","ORD000530","CANCELLED","1789481700000"
"ORDER","ORD000531","Dang Huynh Khoa","0911359379","11700000","1789479000000","2","PENDING"
"ITEM","ORD000531","P164","Tai nghe Sony - Mau 164","2","5850000"
"HISTORY","ORD000531","PENDING","1789479000000"
"ORDER","ORD000532","Do Tuan Kiet","0930474970","14200000","1789479900000","2","PENDING"
"ITEM","ORD000532","P525","SSD Samsung - Mau 525","4","3550000"
"HISTORY","ORD000532","PENDING","1789479900000"
"ORDER","ORD000533","Bui Dinh Hai","0985546591","14780000","1789480800000","2","PROCESSING"
"ITEM","ORD000533","P784","Tai nghe Sony - Mau 784","1","5780000"
"ITEM","ORD000533","P304","Tai nghe Sony - Mau 304","1","5630000"
"ITEM","ORD000533","P988","Webcam Logitech - Mau 988","4","410000"
"ITEM","ORD000533","P055","O cung HDD Seagate - Mau 055","1","1730000"
"HISTORY","ORD000533","PENDING","1789480800000"
"HISTORY","ORD000533","PROCESSING","1789484400000"
"ORDER","ORD000534","Pham Ngoc Anh","0967355095","41500000","1789481700000","2","PROCESSING"
"ITEM","ORD000534","P436","Chuot gaming Razer - Mau 436","3","1060000"
"ITEM","ORD000534","P607","Laptop Asus - Mau 607","2","19160000"
"HISTORY","ORD000534","PENDING","1789481700000"
"HISTORY","ORD000534","PROCESSING","1789485300000"
"ORDER","ORD000535","Pham Ngoc Anh","0965091996","68880000","1789482600000","2","SHIPPING"
"ITEM","ORD000535","P644","Tai nghe Sony - Mau 644","4","5030000"
"ITEM","ORD000535","P760","Bo chia HDMI Ugreen - Mau 760","4","320000"
"ITEM","ORD000535","P563","Man hinh Dell - Mau 563","4","10850000"
"ITEM","ORD000535","P129","Loa Bluetooth JBL - Mau 129","1","4080000"
"HISTORY","ORD000535","PENDING","1789482600000"
"HISTORY","ORD000535","PROCESSING","1789486200000"
"HISTORY","ORD000535","SHIPPING","1789489800000"
"ORDER","ORD000536","Hoang Minh Duc","0934723754","108200000","1789483500000","3","SHIPPING"
"ITEM","ORD000536","P808","Webcam Logitech - Mau 808","4","2250000"
"ITEM","ORD000536","P088","Webcam Logitech - Mau 088","2","2300000"
"ITEM","ORD000536","P763","Man hinh Dell - Mau 763","4","10380000"
"ITEM","ORD000536","P528","Webcam Logitech - Mau 528","2","980000"
"ITEM","ORD000536","P347","Laptop Asus - Mau 347","3","17040000"
"HISTORY","ORD000536","PENDING","1789483500000"
"HISTORY","ORD000536","PROCESSING","1789487100000"
"HISTORY","ORD000536","SHIPPING","1789490700000"
"ORDER","ORD000537","Do Ngoc Anh","0922370823","47090000","1789484400000","3","COMPLETED"
"ITEM","ORD000537","P067","Laptop Asus - Mau 067","1","14550000"
"ITEM","ORD000537","P670","Sac du phong Anker - Mau 670","4","1090000"
"ITEM","ORD000537","P609","Loa Bluetooth JBL - Mau 609","2","5150000"
"ITEM","ORD000537","P089","Loa Bluetooth JBL - Mau 089","3","5960000"
"HISTORY","ORD000537","PENDING","1789484400000"
"HISTORY","ORD000537","PROCESSING","1789488000000"
"HISTORY","ORD000537","SHIPPING","1789491600000"
"HISTORY","ORD000537","COMPLETED","1789495200000"
"ORDER","ORD000538","Pham Bao Tran","0977066615","96680000","1789485300000","3","COMPLETED"
"ITEM","ORD000538","P466","RAM Kingston - Mau 466","4","2390000"
"ITEM","ORD000538","P672","Router WiFi TP-Link - Mau 672","3","1910000"
"ITEM","ORD000538","P247","Laptop Asus - Mau 247","4","19920000"
"ITEM","ORD000538","P773","USB Sandisk - Mau 773","3","570000"
"HISTORY","ORD000538","PENDING","1789485300000"
"HISTORY","ORD000538","PROCESSING","1789488900000"
"HISTORY","ORD000538","SHIPPING","1789492500000"
"HISTORY","ORD000538","COMPLETED","1789496100000"
"ORDER","ORD000539","Huynh Huynh Khoa","0920110161","5877000","1789486200000","3","CANCELLED"
"ITEM","ORD000539","P611","Cap USB-C Ugreen - Mau 611","1","225000"
"ITEM","ORD000539","P590","Sac du phong Anker - Mau 590","2","261000"
"ITEM","ORD000539","P110","Sac du phong Anker - Mau 110","2","351000"
"ITEM","ORD000539","P656","Chuot gaming Razer - Mau 656","3","1476000"
"HISTORY","ORD000539","PENDING","1789486200000"
"HISTORY","ORD000539","PROCESSING","1789489800000"
"HISTORY","ORD000539","CANCELLED","1789493400000"
"ORDER","ORD000540","Vo Thanh Nam","0912019570","43070000","1789487100000","3","CANCELLED"
"ITEM","ORD000540","P108","Webcam Logitech - Mau 108","3","2470000"
"ITEM","ORD000540","P587","Laptop Asus - Mau 587","2","16950000"
"ITEM","ORD000540","P622","Ban phim Keychron - Mau 622","1","1760000"
"HISTORY","ORD000540","PENDING","1789487100000"
"HISTORY","ORD000540","CANCELLED","1789490700000"
"ORDER","ORD000541","Dang Quang Huy","0922396063","10930000","1789488000000","1","PENDING"
"ITEM","ORD000541","P551","Cap USB-C Ugreen - Mau 551","3","450000"
"ITEM","ORD000541","P440","Bo chia HDMI Ugreen - Mau 440","3","290000"
"ITEM","ORD000541","P611","Cap USB-C Ugreen - Mau 611","1","250000"
"ITEM","ORD000541","P505","SSD Samsung - Mau 505","2","3510000"
"ITEM","ORD000541","P318","Microphone HyperX - Mau 318","2","720000"
"HISTORY","ORD000541","PENDING","1789488000000"
"ORDER","ORD000542","Le Huynh Khoa","0968392964","1200000","1789488900000","1","PENDING"
"ITEM","ORD000542","P451","Cap USB-C Ugreen - Mau 451","4","300000"
"HISTORY","ORD000542","PENDING","1789488900000"
"ORDER","ORD000543","Pham Minh An","0996764821","9430000","1789489800000","1","PROCESSING"
"ITEM","ORD000543","P988","Webcam Logitech - Mau 988","2","410000"
"ITEM","ORD000543","P975","O cung HDD Seagate - Mau 975","4","1290000"
"ITEM","ORD000543","P496","Chuot gaming Razer - Mau 496","3","1150000"
"HISTORY","ORD000543","PENDING","1789489800000"
"HISTORY","ORD000543","PROCESSING","1789493400000"
"ORDER","ORD000544","Le Quang Huy","0976814338","12000000","1789490700000","1","PROCESSING"
"ITEM","ORD000544","P793","USB Sandisk - Mau 793","4","570000"
"ITEM","ORD000544","P244","Tai nghe Sony - Mau 244","2","4200000"
"ITEM","ORD000544","P260","Bo chia HDMI Ugreen - Mau 260","2","660000"
"HISTORY","ORD000544","PENDING","1789490700000"
"HISTORY","ORD000544","PROCESSING","1789494300000"
"ORDER","ORD000545","Pham Thanh Nam","0975602526","32660000","1789491600000","1","SHIPPING"
"ITEM","ORD000545","P329","Loa Bluetooth JBL - Mau 329","4","5330000"
"ITEM","ORD000545","P018","Microphone HyperX - Mau 018","3","3780000"
"HISTORY","ORD000545","PENDING","1789491600000"
"HISTORY","ORD000545","PROCESSING","1789495200000"
"HISTORY","ORD000545","SHIPPING","1789498800000"
"ORDER","ORD000546","Do Thanh Nam","0922391474","5740000","1789492500000","2","SHIPPING"
"ITEM","ORD000546","P845","SSD Samsung - Mau 845","2","2870000"
"HISTORY","ORD000546","PENDING","1789492500000"
"HISTORY","ORD000546","PROCESSING","1789496100000"
"HISTORY","ORD000546","SHIPPING","1789499700000"
"ORDER","ORD000547","Tran Thu Ha","0997526638","7830000","1789493400000","2","COMPLETED"
"ITEM","ORD000547","P075","O cung HDD Seagate - Mau 075","3","2610000"
"HISTORY","ORD000547","PENDING","1789493400000"
"HISTORY","ORD000547","PROCESSING","1789497000000"
"HISTORY","ORD000547","SHIPPING","1789500600000"
"HISTORY","ORD000547","COMPLETED","1789504200000"
"ORDER","ORD000548","Phan Minh An","0944474682","5280000","1789494300000","2","COMPLETED"
"ITEM","ORD000548","P026","RAM Kingston - Mau 026","3","1620000"
"ITEM","ORD000548","P461","Chuot khong day Logitech - Mau 461","1","420000"
"HISTORY","ORD000548","PENDING","1789494300000"
"HISTORY","ORD000548","PROCESSING","1789497900000"
"HISTORY","ORD000548","SHIPPING","1789501500000"
"HISTORY","ORD000548","COMPLETED","1789505100000"
"ORDER","ORD000549","Do Thu Ha","0914511746","41940000","1789495200000","2","CANCELLED"
"ITEM","ORD000549","P851","Cap USB-C Ugreen - Mau 851","2","140000"
"ITEM","ORD000549","P522","Ban phim Keychron - Mau 522","3","3170000"
"ITEM","ORD000549","P244","Tai nghe Sony - Mau 244","4","4200000"
"ITEM","ORD000549","P035","O cung HDD Seagate - Mau 035","1","1870000"
"ITEM","ORD000549","P543","Man hinh Dell - Mau 543","4","3370000"
"HISTORY","ORD000549","PENDING","1789495200000"
"HISTORY","ORD000549","PROCESSING","1789498800000"
"HISTORY","ORD000549","CANCELLED","1789502400000"
"ORDER","ORD000550","Le Huynh Khoa","0965272973","7776000","1789496100000","2","CANCELLED"
"ITEM","ORD000550","P972","Router WiFi TP-Link - Mau 972","2","2106000"
"ITEM","ORD000550","P591","Cap USB-C Ugreen - Mau 591","2","63000"
"ITEM","ORD000550","P328","Webcam Logitech - Mau 328","2","1719000"
"HISTORY","ORD000550","PENDING","1789496100000"
"HISTORY","ORD000550","CANCELLED","1789499700000"
"ORDER","ORD000551","Vo Lan Chi","0986357157","16380000","1789497000000","3","PENDING"
"ITEM","ORD000551","P674","Gia do laptop Baseus - Mau 674","1","390000"
"ITEM","ORD000551","P429","Loa Bluetooth JBL - Mau 429","4","1820000"
"ITEM","ORD000551","P314","Gia do laptop Baseus - Mau 314","2","710000"
"ITEM","ORD000551","P865","SSD Samsung - Mau 865","3","2190000"
"ITEM","ORD000551","P318","Microphone HyperX - Mau 318","1","720000"
"HISTORY","ORD000551","PENDING","1789497000000"
"ORDER","ORD000552","Dang Thu Ha","0956785957","24070000","1789497900000","3","PENDING"
"ITEM","ORD000552","P164","Tai nghe Sony - Mau 164","1","5850000"
"ITEM","ORD000552","P264","Tai nghe Sony - Mau 264","2","5820000"
"ITEM","ORD000552","P052","Router WiFi TP-Link - Mau 052","2","2900000"
"ITEM","ORD000552","P120","Bo chia HDMI Ugreen - Mau 120","2","390000"
"HISTORY","ORD000552","PENDING","1789497900000"
"ORDER","ORD000553","Phan Lan Chi","0944544995","14620000","1789498800000","3","PROCESSING"
"ITEM","ORD000553","P559","May in Canon - Mau 559","2","4060000"
"ITEM","ORD000553","P390","Sac du phong Anker - Mau 390","2","1900000"
"ITEM","ORD000553","P156","Chuot gaming Razer - Mau 156","3","390000"
"ITEM","ORD000553","P550","Sac du phong Anker - Mau 550","1","1530000"
"HISTORY","ORD000553","PENDING","1789498800000"
"HISTORY","ORD000553","PROCESSING","1789502400000"
"ORDER","ORD000554","Vu Minh Duc","0942588351","17890000","1789499700000","3","PROCESSING"
"ITEM","ORD000554","P132","Router WiFi TP-Link - Mau 132","2","2350000"
"ITEM","ORD000554","P597","Ban phim gaming Corsair - Mau 597","4","580000"
"ITEM","ORD000554","P234","Gia do laptop Baseus - Mau 234","3","770000"
"ITEM","ORD000554","P069","Loa Bluetooth JBL - Mau 069","1","1600000"
"ITEM","ORD000554","P512","Router WiFi TP-Link - Mau 512","2","3480000"
"HISTORY","ORD000554","PENDING","1789499700000"
"HISTORY","ORD000554","PROCESSING","1789503300000"
"ORDER","ORD000555","Bui Dinh Hai","0913275190","6720000","1789500600000","3","SHIPPING"
"ITEM","ORD000555","P857","Ban phim gaming Corsair - Mau 857","1","2640000"
"ITEM","ORD000555","P180","Bo chia HDMI Ugreen - Mau 180","2","300000"
"ITEM","ORD000555","P146","RAM Kingston - Mau 146","3","1160000"
"HISTORY","ORD000555","PENDING","1789500600000"
"HISTORY","ORD000555","PROCESSING","1789504200000"
"HISTORY","ORD000555","SHIPPING","1789507800000"
"ORDER","ORD000556","Le Minh An","0920781540","35500000","1789501500000","1","SHIPPING"
"ITEM","ORD000556","P584","Tai nghe Sony - Mau 584","4","3650000"
"ITEM","ORD000556","P672","Router WiFi TP-Link - Mau 672","4","1910000"
"ITEM","ORD000556","P823","Man hinh Dell - Mau 823","2","2040000"
"ITEM","ORD000556","P693","USB Sandisk - Mau 693","2","130000"
"ITEM","ORD000556","P232","Router WiFi TP-Link - Mau 232","4","2230000"
"HISTORY","ORD000556","PENDING","1789501500000"
"HISTORY","ORD000556","PROCESSING","1789505100000"
"HISTORY","ORD000556","SHIPPING","1789508700000"
"ORDER","ORD000557","Le Lan Chi","0939740190","6100000","1789502400000","1","COMPLETED"
"ITEM","ORD000557","P891","Cap USB-C Ugreen - Mau 891","2","370000"
"ITEM","ORD000557","P102","Ban phim Keychron - Mau 102","2","2680000"
"HISTORY","ORD000557","PENDING","1789502400000"
"HISTORY","ORD000557","PROCESSING","1789506000000"
"HISTORY","ORD000557","SHIPPING","1789509600000"
"HISTORY","ORD000557","COMPLETED","1789513200000"
"ORDER","ORD000558","Vo Minh An","0984863169","40580000","1789503300000","1","COMPLETED"
"ITEM","ORD000558","P239","May in Canon - Mau 239","4","6670000"
"ITEM","ORD000558","P775","O cung HDD Seagate - Mau 775","3","2140000"
"ITEM","ORD000558","P948","Webcam Logitech - Mau 948","4","1870000"
"HISTORY","ORD000558","PENDING","1789503300000"
"HISTORY","ORD000558","PROCESSING","1789506900000"
"HISTORY","ORD000558","SHIPPING","1789510500000"
"HISTORY","ORD000558","COMPLETED","1789514100000"
"ORDER","ORD000559","Pham Dinh Hai","0922344379","15870000","1789504200000","1","CANCELLED"
"ITEM","ORD000559","P582","Ban phim Keychron - Mau 582","1","1370000"
"ITEM","ORD000559","P978","Microphone HyperX - Mau 978","3","1950000"
"ITEM","ORD000559","P216","Chuot gaming Razer - Mau 216","4","2040000"
"ITEM","ORD000559","P934","Gia do laptop Baseus - Mau 934","1","490000"
"HISTORY","ORD000559","PENDING","1789504200000"
"HISTORY","ORD000559","PROCESSING","1789507800000"
"HISTORY","ORD000559","CANCELLED","1789511400000"
"ORDER","ORD000560","Bui Thanh Nam","0971574265","4160000","1789505100000","1","CANCELLED"
"ITEM","ORD000560","P219","May in Canon - Mau 219","2","2080000"
"HISTORY","ORD000560","PENDING","1789505100000"
"HISTORY","ORD000560","CANCELLED","1789508700000"
"ORDER","ORD000561","Dang Minh An","0916994362","103518000","1789506000000","2","PENDING"
"ITEM","ORD000561","P127","Laptop Asus - Mau 127","2","19359000"
"ITEM","ORD000561","P987","Laptop Asus - Mau 987","4","14868000"
"ITEM","ORD000561","P288","Webcam Logitech - Mau 288","4","1332000"
"HISTORY","ORD000561","PENDING","1789506000000"
"ORDER","ORD000562","Pham Quang Huy","0967016326","96690000","1789506900000","2","PENDING"
"ITEM","ORD000562","P930","Sac du phong Anker - Mau 930","1","1650000"
"ITEM","ORD000562","P677","Ban phim gaming Corsair - Mau 677","1","2400000"
"ITEM","ORD000562","P424","Tai nghe Sony - Mau 424","3","5130000"
"ITEM","ORD000562","P504","Tai nghe Sony - Mau 504","3","2490000"
"ITEM","ORD000562","P307","Laptop Asus - Mau 307","3","23260000"
"HISTORY","ORD000562","PENDING","1789506900000"
"ORDER","ORD000563","Vu Thanh Nam","0939720186","42960000","1789507800000","2","PROCESSING"
"ITEM","ORD000563","P063","Man hinh Dell - Mau 063","4","10740000"
"HISTORY","ORD000563","PENDING","1789507800000"
"HISTORY","ORD000563","PROCESSING","1789511400000"
"ORDER","ORD000564","Hoang Dinh Hai","0926552150","13460000","1789508700000","2","PROCESSING"
"ITEM","ORD000564","P202","Ban phim Keychron - Mau 202","2","3090000"
"ITEM","ORD000564","P451","Cap USB-C Ugreen - Mau 451","4","300000"
"ITEM","ORD000564","P322","Ban phim Keychron - Mau 322","2","3040000"
"HISTORY","ORD000564","PENDING","1789508700000"
"HISTORY","ORD000564","PROCESSING","1789512300000"
"ORDER","ORD000565","Pham Lan Chi","0928847054","28130000","1789509600000","2","SHIPPING"
"ITEM","ORD000565","P595","O cung HDD Seagate - Mau 595","1","2530000"
"ITEM","ORD000565","P197","Ban phim gaming Corsair - Mau 197","3","1660000"
"ITEM","ORD000565","P983","Man hinh Dell - Mau 983","2","10310000"
"HISTORY","ORD000565","PENDING","1789509600000"
"HISTORY","ORD000565","PROCESSING","1789513200000"
"HISTORY","ORD000565","SHIPPING","1789516800000"
"ORDER","ORD000566","Bui Tuan Kiet","0940592100","29570000","1789510500000","3","SHIPPING"
"ITEM","ORD000566","P647","Laptop Asus - Mau 647","1","26570000"
"ITEM","ORD000566","P338","Microphone HyperX - Mau 338","4","710000"
"ITEM","ORD000566","P833","USB Sandisk - Mau 833","2","80000"
"HISTORY","ORD000566","PENDING","1789510500000"
"HISTORY","ORD000566","PROCESSING","1789514100000"
"HISTORY","ORD000566","SHIPPING","1789517700000"
"ORDER","ORD000567","Vu Thu Ha","0979214327","1760000","1789511400000","3","COMPLETED"
"ITEM","ORD000567","P934","Gia do laptop Baseus - Mau 934","2","490000"
"ITEM","ORD000567","P044","Tai nghe Sony - Mau 044","2","390000"
"HISTORY","ORD000567","PENDING","1789511400000"
"HISTORY","ORD000567","PROCESSING","1789515000000"
"HISTORY","ORD000567","SHIPPING","1789518600000"
"HISTORY","ORD000567","COMPLETED","1789522200000"
"ORDER","ORD000568","Phan Huynh Khoa","0934046065","21080000","1789512300000","3","COMPLETED"
"ITEM","ORD000568","P619","May in Canon - Mau 619","2","5680000"
"ITEM","ORD000568","P398","Microphone HyperX - Mau 398","3","3240000"
"HISTORY","ORD000568","PENDING","1789512300000"
"HISTORY","ORD000568","PROCESSING","1789515900000"
"HISTORY","ORD000568","SHIPPING","1789519500000"
"HISTORY","ORD000568","COMPLETED","1789523100000"
"ORDER","ORD000569","Dang Bao Tran","0916827435","56630000","1789513200000","3","CANCELLED"
"ITEM","ORD000569","P323","Man hinh Dell - Mau 323","3","6380000"
"ITEM","ORD000569","P899","May in Canon - Mau 899","4","7940000"
"ITEM","ORD000569","P290","Sac du phong Anker - Mau 290","3","1910000"
"HISTORY","ORD000569","PENDING","1789513200000"
"HISTORY","ORD000569","PROCESSING","1789516800000"
"HISTORY","ORD000569","CANCELLED","1789520400000"
"ORDER","ORD000570","Vu Quang Huy","0911839026","71070000","1789514100000","3","CANCELLED"
"ITEM","ORD000570","P138","Microphone HyperX - Mau 138","3","910000"
"ITEM","ORD000570","P695","O cung HDD Seagate - Mau 695","4","2180000"
"ITEM","ORD000570","P389","Loa Bluetooth JBL - Mau 389","2","1660000"
"ITEM","ORD000570","P652","Router WiFi TP-Link - Mau 652","1","1500000"
"ITEM","ORD000570","P423","Man hinh Dell - Mau 423","4","13700000"
"HISTORY","ORD000570","PENDING","1789514100000"
"HISTORY","ORD000570","CANCELLED","1789517700000"
"ORDER","ORD000571","Nguyen Quang Huy","0986823480","8270000","1789515000000","1","PENDING"
"ITEM","ORD000571","P957","Ban phim gaming Corsair - Mau 957","2","600000"
"ITEM","ORD000571","P756","Chuot gaming Razer - Mau 756","1","810000"
"ITEM","ORD000571","P604","Tai nghe Sony - Mau 604","1","6260000"
"HISTORY","ORD000571","PENDING","1789515000000"
"ORDER","ORD000572","Do Huynh Khoa","0994075244","13608000","1789515900000","1","PENDING"
"ITEM","ORD000572","P537","Ban phim gaming Corsair - Mau 537","4","3402000"
"HISTORY","ORD000572","PENDING","1789515900000"
"ORDER","ORD000573","Vu Lan Chi","0941611803","59040000","1789516800000","1","PROCESSING"
"ITEM","ORD000573","P303","Man hinh Dell - Mau 303","4","4810000"
"ITEM","ORD000573","P817","Ban phim gaming Corsair - Mau 817","2","2930000"
"ITEM","ORD000573","P463","Man hinh Dell - Mau 463","4","7210000"
"ITEM","ORD000573","P086","RAM Kingston - Mau 086","2","2550000"
"HISTORY","ORD000573","PENDING","1789516800000"
"HISTORY","ORD000573","PROCESSING","1789520400000"
"ORDER","ORD000574","Do Minh Duc","0921485080","5240000","1789517700000","1","PROCESSING"
"ITEM","ORD000574","P337","Ban phim gaming Corsair - Mau 337","3","1560000"
"ITEM","ORD000574","P153","USB Sandisk - Mau 153","2","280000"
"HISTORY","ORD000574","PENDING","1789517700000"
"HISTORY","ORD000574","PROCESSING","1789521300000"
"ORDER","ORD000575","Phan Ngoc Anh","0958070790","55720000","1789518600000","1","SHIPPING"
"ITEM","ORD000575","P747","Laptop Asus - Mau 747","2","17900000"
"ITEM","ORD000575","P417","Ban phim gaming Corsair - Mau 417","1","1490000"
"ITEM","ORD000575","P507","Laptop Asus - Mau 507","1","15320000"
"ITEM","ORD000575","P969","Loa Bluetooth JBL - Mau 969","1","2210000"
"ITEM","ORD000575","P180","Bo chia HDMI Ugreen - Mau 180","3","300000"
"HISTORY","ORD000575","PENDING","1789518600000"
"HISTORY","ORD000575","PROCESSING","1789522200000"
"HISTORY","ORD000575","SHIPPING","1789525800000"
"ORDER","ORD000576","Vo Bao Tran","0926765917","2760000","1789519500000","2","SHIPPING"
"ITEM","ORD000576","P840","Bo chia HDMI Ugreen - Mau 840","4","330000"
"ITEM","ORD000576","P013","USB Sandisk - Mau 013","4","360000"
"HISTORY","ORD000576","PENDING","1789519500000"
"HISTORY","ORD000576","PROCESSING","1789523100000"
"HISTORY","ORD000576","SHIPPING","1789526700000"
"ORDER","ORD000577","Vo Huynh Khoa","0943025411","10990000","1789520400000","2","COMPLETED"
"ITEM","ORD000577","P776","Chuot gaming Razer - Mau 776","1","2290000"
"ITEM","ORD000577","P052","Router WiFi TP-Link - Mau 052","3","2900000"
"HISTORY","ORD000577","PENDING","1789520400000"
"HISTORY","ORD000577","PROCESSING","1789524000000"
"HISTORY","ORD000577","SHIPPING","1789527600000"
"HISTORY","ORD000577","COMPLETED","1789531200000"
"ORDER","ORD000578","Bui Ngoc Anh","0916063334","79820000","1789521300000","2","COMPLETED"
"ITEM","ORD000578","P225","SSD Samsung - Mau 225","3","2970000"
"ITEM","ORD000578","P540","Bo chia HDMI Ugreen - Mau 540","2","810000"
"ITEM","ORD000578","P221","Chuot khong day Logitech - Mau 221","4","550000"
"ITEM","ORD000578","P687","Laptop Asus - Mau 687","3","22290000"
"ITEM","ORD000578","P673","USB Sandisk - Mau 673","2","110000"
"HISTORY","ORD000578","PENDING","1789521300000"
"HISTORY","ORD000578","PROCESSING","1789524900000"
"HISTORY","ORD000578","SHIPPING","1789528500000"
"HISTORY","ORD000578","COMPLETED","1789532100000"
"ORDER","ORD000579","Nguyen Ngoc Anh","0933373147","24380000","1789522200000","2","CANCELLED"
"ITEM","ORD000579","P865","SSD Samsung - Mau 865","3","2190000"
"ITEM","ORD000579","P491","Cap USB-C Ugreen - Mau 491","2","220000"
"ITEM","ORD000579","P338","Microphone HyperX - Mau 338","3","710000"
"ITEM","ORD000579","P859","May in Canon - Mau 859","4","3810000"
"HISTORY","ORD000579","PENDING","1789522200000"
"HISTORY","ORD000579","PROCESSING","1789525800000"
"HISTORY","ORD000579","CANCELLED","1789529400000"
"ORDER","ORD000580","Huynh Dang Khoa","0911554670","4580000","1789523100000","2","CANCELLED"
"ITEM","ORD000580","P217","Ban phim gaming Corsair - Mau 217","1","2580000"
"ITEM","ORD000580","P045","SSD Samsung - Mau 045","4","500000"
"HISTORY","ORD000580","PENDING","1789523100000"
"HISTORY","ORD000580","CANCELLED","1789526700000"
"ORDER","ORD000581","Bui Lan Chi","0923633389","710000","1789524000000","3","PENDING"
"ITEM","ORD000581","P408","Webcam Logitech - Mau 408","1","710000"
"HISTORY","ORD000581","PENDING","1789524000000"
"ORDER","ORD000582","Le Tuan Kiet","0984722190","4450000","1789524900000","3","PENDING"
"ITEM","ORD000582","P810","Sac du phong Anker - Mau 810","2","510000"
"ITEM","ORD000582","P033","USB Sandisk - Mau 033","4","190000"
"ITEM","ORD000582","P681","Chuot khong day Logitech - Mau 681","3","360000"
"ITEM","ORD000582","P700","Bo chia HDMI Ugreen - Mau 700","3","530000"
"HISTORY","ORD000582","PENDING","1789524900000"
"ORDER","ORD000583","Nguyen Ngoc Anh","0965772180","4968000","1789525800000","3","PROCESSING"
"ITEM","ORD000583","P360","Bo chia HDMI Ugreen - Mau 360","1","90000"
"ITEM","ORD000583","P965","SSD Samsung - Mau 965","3","1242000"
"ITEM","ORD000583","P753","USB Sandisk - Mau 753","2","576000"
"HISTORY","ORD000583","PENDING","1789525800000"
"HISTORY","ORD000583","PROCESSING","1789529400000"
"ORDER","ORD000584","Hoang Huynh Khoa","0994565315","620000","1789526700000","3","PROCESSING"
"ITEM","ORD000584","P480","Bo chia HDMI Ugreen - Mau 480","1","620000"
"HISTORY","ORD000584","PENDING","1789526700000"
"HISTORY","ORD000584","PROCESSING","1789530300000"
"ORDER","ORD000585","Do Minh Duc","0943699147","2530000","1789527600000","3","SHIPPING"
"ITEM","ORD000585","P595","O cung HDD Seagate - Mau 595","1","2530000"
"HISTORY","ORD000585","PENDING","1789527600000"
"HISTORY","ORD000585","PROCESSING","1789531200000"
"HISTORY","ORD000585","SHIPPING","1789534800000"
"ORDER","ORD000586","Dang Quang Huy","0934466126","4410000","1789528500000","1","SHIPPING"
"ITEM","ORD000586","P105","SSD Samsung - Mau 105","1","3750000"
"ITEM","ORD000586","P494","Gia do laptop Baseus - Mau 494","3","220000"
"HISTORY","ORD000586","PENDING","1789528500000"
"HISTORY","ORD000586","PROCESSING","1789532100000"
"HISTORY","ORD000586","SHIPPING","1789535700000"
"ORDER","ORD000587","Pham Huynh Khoa","0994947250","22940000","1789529400000","1","COMPLETED"
"ITEM","ORD000587","P812","Router WiFi TP-Link - Mau 812","4","2930000"
"ITEM","ORD000587","P993","USB Sandisk - Mau 993","2","350000"
"ITEM","ORD000587","P519","May in Canon - Mau 519","4","2630000"
"HISTORY","ORD000587","PENDING","1789529400000"
"HISTORY","ORD000587","PROCESSING","1789533000000"
"HISTORY","ORD000587","SHIPPING","1789536600000"
"HISTORY","ORD000587","COMPLETED","1789540200000"
"ORDER","ORD000588","Bui Huynh Khoa","0942818085","35930000","1789530300000","1","COMPLETED"
"ITEM","ORD000588","P989","Loa Bluetooth JBL - Mau 989","3","2650000"
"ITEM","ORD000588","P564","Tai nghe Sony - Mau 564","3","5670000"
"ITEM","ORD000588","P268","Webcam Logitech - Mau 268","4","340000"
"ITEM","ORD000588","P783","Man hinh Dell - Mau 783","1","9610000"
"HISTORY","ORD000588","PENDING","1789530300000"
"HISTORY","ORD000588","PROCESSING","1789533900000"
"HISTORY","ORD000588","SHIPPING","1789537500000"
"HISTORY","ORD000588","COMPLETED","1789541100000"
"ORDER","ORD000589","Nguyen Ngoc Anh","0917073703","8420000","1789531200000","1","CANCELLED"
"ITEM","ORD000589","P465","SSD Samsung - Mau 465","2","4210000"
"HISTORY","ORD000589","PENDING","1789531200000"
"HISTORY","ORD000589","PROCESSING","1789534800000"
"HISTORY","ORD000589","CANCELLED","1789538400000"
"ORDER","ORD000590","Vu Thanh Nam","0932680586","1350000","1789532100000","1","CANCELLED"
"ITEM","ORD000590","P031","Cap USB-C Ugreen - Mau 031","3","450000"
"HISTORY","ORD000590","PENDING","1789532100000"
"HISTORY","ORD000590","CANCELLED","1789535700000"
"ORDER","ORD000591","Pham Lan Chi","0964007191","47620000","1789533000000","2","PENDING"
"ITEM","ORD000591","P907","Laptop Asus - Mau 907","3","12230000"
"ITEM","ORD000591","P953","USB Sandisk - Mau 953","1","190000"
"ITEM","ORD000591","P922","Ban phim Keychron - Mau 922","3","2690000"
"ITEM","ORD000591","P325","SSD Samsung - Mau 325","1","2670000"
"HISTORY","ORD000591","PENDING","1789533000000"
"ORDER","ORD000592","Vo Minh An","0999940776","12150000","1789533900000","2","PENDING"
"ITEM","ORD000592","P377","Ban phim gaming Corsair - Mau 377","1","3810000"
"ITEM","ORD000592","P353","USB Sandisk - Mau 353","3","320000"
"ITEM","ORD000592","P562","Ban phim Keychron - Mau 562","3","2460000"
"HISTORY","ORD000592","PENDING","1789533900000"
"ORDER","ORD000593","Phan Thu Ha","0991108719","3640000","1789534800000","2","PROCESSING"
"ITEM","ORD000593","P138","Microphone HyperX - Mau 138","4","910000"
"HISTORY","ORD000593","PENDING","1789534800000"
"HISTORY","ORD000593","PROCESSING","1789538400000"
"ORDER","ORD000594","Tran Ngoc Anh","0927278517","432000","1789535700000","2","PROCESSING"
"ITEM","ORD000594","P111","Cap USB-C Ugreen - Mau 111","2","216000"
"HISTORY","ORD000594","PENDING","1789535700000"
"HISTORY","ORD000594","PROCESSING","1789539300000"
"ORDER","ORD000595","Do Dang Khoa","0945417045","15340000","1789536600000","2","SHIPPING"
"ITEM","ORD000595","P472","Router WiFi TP-Link - Mau 472","3","1300000"
"ITEM","ORD000595","P824","Tai nghe Sony - Mau 824","2","5060000"
"ITEM","ORD000595","P552","Router WiFi TP-Link - Mau 552","1","1320000"
"HISTORY","ORD000595","PENDING","1789536600000"
"HISTORY","ORD000595","PROCESSING","1789540200000"
"HISTORY","ORD000595","SHIPPING","1789543800000"
"ORDER","ORD000596","Nguyen Lan Chi","0974115428","4920000","1789537500000","3","SHIPPING"
"ITEM","ORD000596","P253","USB Sandisk - Mau 253","2","280000"
"ITEM","ORD000596","P257","Ban phim gaming Corsair - Mau 257","2","2180000"
"HISTORY","ORD000596","PENDING","1789537500000"
"HISTORY","ORD000596","PROCESSING","1789541100000"
"HISTORY","ORD000596","SHIPPING","1789544700000"
"ORDER","ORD000597","Tran Minh Duc","0915001638","8180000","1789538400000","3","COMPLETED"
"ITEM","ORD000597","P117","Ban phim gaming Corsair - Mau 117","2","3760000"
"ITEM","ORD000597","P260","Bo chia HDMI Ugreen - Mau 260","1","660000"
"HISTORY","ORD000597","PENDING","1789538400000"
"HISTORY","ORD000597","PROCESSING","1789542000000"
"HISTORY","ORD000597","SHIPPING","1789545600000"
"HISTORY","ORD000597","COMPLETED","1789549200000"
"ORDER","ORD000598","Vu Lan Chi","0952662931","7790000","1789539300000","3","COMPLETED"
"ITEM","ORD000598","P289","Loa Bluetooth JBL - Mau 289","1","3350000"
"ITEM","ORD000598","P744","Tai nghe Sony - Mau 744","1","4440000"
"HISTORY","ORD000598","PENDING","1789539300000"
"HISTORY","ORD000598","PROCESSING","1789542900000"
"HISTORY","ORD000598","SHIPPING","1789546500000"
"HISTORY","ORD000598","COMPLETED","1789550100000"
"ORDER","ORD000599","Do Lan Chi","0925365032","13460000","1789540200000","3","CANCELLED"
"ITEM","ORD000599","P865","SSD Samsung - Mau 865","2","2190000"
"ITEM","ORD000599","P055","O cung HDD Seagate - Mau 055","2","1730000"
"ITEM","ORD000599","P142","Ban phim Keychron - Mau 142","1","1980000"
"ITEM","ORD000599","P429","Loa Bluetooth JBL - Mau 429","2","1820000"
"HISTORY","ORD000599","PENDING","1789540200000"
"HISTORY","ORD000599","PROCESSING","1789543800000"
"HISTORY","ORD000599","CANCELLED","1789547400000"
"ORDER","ORD000600","Huynh Ngoc Anh","0913220536","9370000","1789541100000","3","CANCELLED"
"ITEM","ORD000600","P308","Webcam Logitech - Mau 308","2","1020000"
"ITEM","ORD000600","P960","Bo chia HDMI Ugreen - Mau 960","3","750000"
"ITEM","ORD000600","P073","USB Sandisk - Mau 073","4","110000"
"ITEM","ORD000600","P076","Chuot gaming Razer - Mau 076","2","700000"
"ITEM","ORD000600","P140","Bo chia HDMI Ugreen - Mau 140","4","810000"
"HISTORY","ORD000600","PENDING","1789541100000"
"HISTORY","ORD000600","CANCELLED","1789544700000"
"ORDER","ORD000601","Dang Ngoc Anh","0992378677","170000","1789542000000","1","PENDING"
"ITEM","ORD000601","P281","Chuot khong day Logitech - Mau 281","1","170000"
"HISTORY","ORD000601","PENDING","1789542000000"
"ORDER","ORD000602","Phan Dinh Hai","0937313827","26740000","1789542900000","1","PENDING"
"ITEM","ORD000602","P500","Bo chia HDMI Ugreen - Mau 500","1","820000"
"ITEM","ORD000602","P839","May in Canon - Mau 839","4","6480000"
"HISTORY","ORD000602","PENDING","1789542900000"
"ORDER","ORD000603","Dang Ngoc Anh","0966230789","36360000","1789543800000","1","PROCESSING"
"ITEM","ORD000603","P964","Tai nghe Sony - Mau 964","2","4070000"
"ITEM","ORD000603","P443","Man hinh Dell - Mau 443","3","5790000"
"ITEM","ORD000603","P981","Chuot khong day Logitech - Mau 981","4","140000"
"ITEM","ORD000603","P832","Router WiFi TP-Link - Mau 832","3","3430000"
"HISTORY","ORD000603","PENDING","1789543800000"
"HISTORY","ORD000603","PROCESSING","1789547400000"
"ORDER","ORD000604","Vu Lan Chi","0932238251","66560000","1789544700000","1","PROCESSING"
"ITEM","ORD000604","P563","Man hinh Dell - Mau 563","4","10850000"
"ITEM","ORD000604","P169","Loa Bluetooth JBL - Mau 169","4","5790000"
"HISTORY","ORD000604","PENDING","1789544700000"
"HISTORY","ORD000604","PROCESSING","1789548300000"
"ORDER","ORD000605","Vo Thu Ha","0997628036","26253000","1789545600000","1","SHIPPING"
"ITEM","ORD000605","P840","Bo chia HDMI Ugreen - Mau 840","4","297000"
"ITEM","ORD000605","P229","Loa Bluetooth JBL - Mau 229","3","3609000"
"ITEM","ORD000605","P409","Loa Bluetooth JBL - Mau 409","1","5382000"
"ITEM","ORD000605","P583","Man hinh Dell - Mau 583","1","7434000"
"ITEM","ORD000605","P836","Chuot gaming Razer - Mau 836","2","711000"
"HISTORY","ORD000605","PENDING","1789545600000"
"HISTORY","ORD000605","PROCESSING","1789549200000"
"HISTORY","ORD000605","SHIPPING","1789552800000"
"ORDER","ORD000606","Hoang Minh An","0996084019","7200000","1789546500000","2","SHIPPING"
"ITEM","ORD000606","P168","Webcam Logitech - Mau 168","2","1890000"
"ITEM","ORD000606","P318","Microphone HyperX - Mau 318","3","720000"
"ITEM","ORD000606","P473","USB Sandisk - Mau 473","2","190000"
"ITEM","ORD000606","P416","Chuot gaming Razer - Mau 416","2","440000"
"HISTORY","ORD000606","PENDING","1789546500000"
"HISTORY","ORD000606","PROCESSING","1789550100000"
"HISTORY","ORD000606","SHIPPING","1789553700000"
"ORDER","ORD000607","Dang Dinh Hai","0971421152","390000","1789547400000","2","COMPLETED"
"ITEM","ORD000607","P693","USB Sandisk - Mau 693","3","130000"
"HISTORY","ORD000607","PENDING","1789547400000"
"HISTORY","ORD000607","PROCESSING","1789551000000"
"HISTORY","ORD000607","SHIPPING","1789554600000"
"HISTORY","ORD000607","COMPLETED","1789558200000"
"ORDER","ORD000608","Phan Lan Chi","0977481094","97270000","1789548300000","2","COMPLETED"
"ITEM","ORD000608","P111","Cap USB-C Ugreen - Mau 111","3","240000"
"ITEM","ORD000608","P267","Laptop Asus - Mau 267","4","20290000"
"ITEM","ORD000608","P831","Cap USB-C Ugreen - Mau 831","2","430000"
"ITEM","ORD000608","P105","SSD Samsung - Mau 105","3","3750000"
"ITEM","ORD000608","P656","Chuot gaming Razer - Mau 656","2","1640000"
"HISTORY","ORD000608","PENDING","1789548300000"
"HISTORY","ORD000608","PROCESSING","1789551900000"
"HISTORY","ORD000608","SHIPPING","1789555500000"
"HISTORY","ORD000608","COMPLETED","1789559100000"
"ORDER","ORD000609","Do Lan Chi","0923968466","84630000","1789549200000","2","CANCELLED"
"ITEM","ORD000609","P867","Laptop Asus - Mau 867","3","28210000"
"HISTORY","ORD000609","PENDING","1789549200000"
"HISTORY","ORD000609","PROCESSING","1789552800000"
"HISTORY","ORD000609","CANCELLED","1789556400000"
"ORDER","ORD000610","Do Huynh Khoa","0927043455","2190000","1789550100000","2","CANCELLED"
"ITEM","ORD000610","P802","Ban phim Keychron - Mau 802","1","2190000"
"HISTORY","ORD000610","PENDING","1789550100000"
"HISTORY","ORD000610","CANCELLED","1789553700000"
"ORDER","ORD000611","Do Minh An","0925905500","19300000","1789551000000","3","PENDING"
"ITEM","ORD000611","P345","SSD Samsung - Mau 345","3","3620000"
"ITEM","ORD000611","P190","Sac du phong Anker - Mau 190","1","400000"
"ITEM","ORD000611","P863","Man hinh Dell - Mau 863","2","4020000"
"HISTORY","ORD000611","PENDING","1789551000000"
"ORDER","ORD000612","Do Tuan Kiet","0928002414","13120000","1789551900000","3","PENDING"
"ITEM","ORD000612","P714","Gia do laptop Baseus - Mau 714","3","800000"
"ITEM","ORD000612","P422","Ban phim Keychron - Mau 422","1","2050000"
"ITEM","ORD000612","P914","Gia do laptop Baseus - Mau 914","1","570000"
"ITEM","ORD000612","P119","May in Canon - Mau 119","1","8100000"
"HISTORY","ORD000612","PENDING","1789551900000"
"ORDER","ORD000613","Huynh Thanh Nam","0977029737","23800000","1789552800000","3","PROCESSING"
"ITEM","ORD000613","P672","Router WiFi TP-Link - Mau 672","4","1910000"
"ITEM","ORD000613","P920","Bo chia HDMI Ugreen - Mau 920","1","250000"
"ITEM","ORD000613","P923","Man hinh Dell - Mau 923","2","4360000"
"ITEM","ORD000613","P350","Sac du phong Anker - Mau 350","4","1410000"
"ITEM","ORD000613","P506","RAM Kingston - Mau 506","1","1550000"
"HISTORY","ORD000613","PENDING","1789552800000"
"HISTORY","ORD000613","PROCESSING","1789556400000"
"ORDER","ORD000614","Pham Tuan Kiet","0925310661","8400000","1789553700000","3","PROCESSING"
"ITEM","ORD000614","P319","May in Canon - Mau 319","2","3690000"
"ITEM","ORD000614","P810","Sac du phong Anker - Mau 810","2","510000"
"HISTORY","ORD000614","PENDING","1789553700000"
"HISTORY","ORD000614","PROCESSING","1789557300000"
"ORDER","ORD000615","Huynh Ngoc Anh","0914951305","8020000","1789554600000","3","SHIPPING"
"ITEM","ORD000615","P694","Gia do laptop Baseus - Mau 694","3","800000"
"ITEM","ORD000615","P213","USB Sandisk - Mau 213","1","460000"
"ITEM","ORD000615","P975","O cung HDD Seagate - Mau 975","4","1290000"
"HISTORY","ORD000615","PENDING","1789554600000"
"HISTORY","ORD000615","PROCESSING","1789558200000"
"HISTORY","ORD000615","SHIPPING","1789561800000"
"ORDER","ORD000616","Bui Quang Huy","0913371111","85212000","1789555500000","1","SHIPPING"
"ITEM","ORD000616","P247","Laptop Asus - Mau 247","3","17928000"
"ITEM","ORD000616","P339","May in Canon - Mau 339","3","6984000"
"ITEM","ORD000616","P954","Gia do laptop Baseus - Mau 954","3","333000"
"ITEM","ORD000616","P688","Webcam Logitech - Mau 688","3","873000"
"ITEM","ORD000616","P859","May in Canon - Mau 859","2","3429000"
"HISTORY","ORD000616","PENDING","1789555500000"
"HISTORY","ORD000616","PROCESSING","1789559100000"
"HISTORY","ORD000616","SHIPPING","1789562700000"
"ORDER","ORD000617","Vu Ngoc Anh","0949060154","107060000","1789556400000","1","COMPLETED"
"ITEM","ORD000617","P305","SSD Samsung - Mau 305","4","3690000"
"ITEM","ORD000617","P958","Microphone HyperX - Mau 958","4","1640000"
"ITEM","ORD000617","P347","Laptop Asus - Mau 347","4","17040000"
"ITEM","ORD000617","P878","Microphone HyperX - Mau 878","4","2010000"
"ITEM","ORD000617","P749","Loa Bluetooth JBL - Mau 749","3","3180000"
"HISTORY","ORD000617","PENDING","1789556400000"
"HISTORY","ORD000617","PROCESSING","1789560000000"
"HISTORY","ORD000617","SHIPPING","1789563600000"
"HISTORY","ORD000617","COMPLETED","1789567200000"
"ORDER","ORD000618","Tran Huynh Khoa","0911202883","12240000","1789557300000","1","COMPLETED"
"ITEM","ORD000618","P736","Chuot gaming Razer - Mau 736","4","1900000"
"ITEM","ORD000618","P071","Cap USB-C Ugreen - Mau 071","2","240000"
"ITEM","ORD000618","P025","SSD Samsung - Mau 025","1","4160000"
"HISTORY","ORD000618","PENDING","1789557300000"
"HISTORY","ORD000618","PROCESSING","1789560900000"
"HISTORY","ORD000618","SHIPPING","1789564500000"
"HISTORY","ORD000618","COMPLETED","1789568100000"
"ORDER","ORD000619","Huynh Minh An","0918797660","20560000","1789558200000","1","CANCELLED"
"ITEM","ORD000619","P292","Router WiFi TP-Link - Mau 292","1","2120000"
"ITEM","ORD000619","P283","Man hinh Dell - Mau 283","2","9220000"
"HISTORY","ORD000619","PENDING","1789558200000"
"HISTORY","ORD000619","PROCESSING","1789561800000"
"HISTORY","ORD000619","CANCELLED","1789565400000"
"ORDER","ORD000620","Vo Lan Chi","0982102020","70760000","1789559100000","1","CANCELLED"
"ITEM","ORD000620","P722","Ban phim Keychron - Mau 722","2","2200000"
"ITEM","ORD000620","P631","Cap USB-C Ugreen - Mau 631","1","300000"
"ITEM","ORD000620","P668","Webcam Logitech - Mau 668","4","2080000"
"ITEM","ORD000620","P703","Man hinh Dell - Mau 703","2","6580000"
"ITEM","ORD000620","P687","Laptop Asus - Mau 687","2","22290000"
"HISTORY","ORD000620","PENDING","1789559100000"
"HISTORY","ORD000620","CANCELLED","1789562700000"
"ORDER","ORD000621","Vo Lan Chi","0917701060","11680000","1789560000000","2","PENDING"
"ITEM","ORD000621","P939","May in Canon - Mau 939","4","1510000"
"ITEM","ORD000621","P965","SSD Samsung - Mau 965","4","1380000"
"ITEM","ORD000621","P521","Chuot khong day Logitech - Mau 521","1","120000"
"HISTORY","ORD000621","PENDING","1789560000000"
"ORDER","ORD000622","Tran Huynh Khoa","0990310000","870000","1789560900000","2","PENDING"
"ITEM","ORD000622","P180","Bo chia HDMI Ugreen - Mau 180","1","300000"
"ITEM","ORD000622","P953","USB Sandisk - Mau 953","3","190000"
"HISTORY","ORD000622","PENDING","1789560900000"
"ORDER","ORD000623","Vo Bao Tran","0914376059","3960000","1789561800000","2","PROCESSING"
"ITEM","ORD000623","P142","Ban phim Keychron - Mau 142","2","1980000"
"HISTORY","ORD000623","PENDING","1789561800000"
"HISTORY","ORD000623","PROCESSING","1789565400000"
"ORDER","ORD000624","Do Thu Ha","0983751808","450000","1789562700000","2","PROCESSING"
"ITEM","ORD000624","P814","Gia do laptop Baseus - Mau 814","3","150000"
"HISTORY","ORD000624","PENDING","1789562700000"
"HISTORY","ORD000624","PROCESSING","1789566300000"
"ORDER","ORD000625","Huynh Thanh Nam","0992965649","2390000","1789563600000","2","SHIPPING"
"ITEM","ORD000625","P034","Gia do laptop Baseus - Mau 034","1","230000"
"ITEM","ORD000625","P758","Microphone HyperX - Mau 758","4","540000"
"HISTORY","ORD000625","PENDING","1789563600000"
"HISTORY","ORD000625","PROCESSING","1789567200000"
"HISTORY","ORD000625","SHIPPING","1789570800000"
"ORDER","ORD000626","Le Thanh Nam","0994157185","65460000","1789564500000","3","SHIPPING"
"ITEM","ORD000626","P707","Laptop Asus - Mau 707","2","32730000"
"HISTORY","ORD000626","PENDING","1789564500000"
"HISTORY","ORD000626","PROCESSING","1789568100000"
"HISTORY","ORD000626","SHIPPING","1789571700000"
"ORDER","ORD000627","Do Thanh Nam","0991825705","102852000","1789565400000","3","COMPLETED"
"ITEM","ORD000627","P877","Ban phim gaming Corsair - Mau 877","3","1098000"
"ITEM","ORD000627","P847","Laptop Asus - Mau 847","4","22725000"
"ITEM","ORD000627","P970","Sac du phong Anker - Mau 970","3","1206000"
"ITEM","ORD000627","P355","O cung HDD Seagate - Mau 355","3","1593000"
"ITEM","ORD000627","P590","Sac du phong Anker - Mau 590","1","261000"
"HISTORY","ORD000627","PENDING","1789565400000"
"HISTORY","ORD000627","PROCESSING","1789569000000"
"HISTORY","ORD000627","SHIPPING","1789572600000"
"HISTORY","ORD000627","COMPLETED","1789576200000"
"ORDER","ORD000628","Vu Lan Chi","0997922667","136780000","1789566300000","3","COMPLETED"
"ITEM","ORD000628","P118","Microphone HyperX - Mau 118","1","3670000"
"ITEM","ORD000628","P010","Sac du phong Anker - Mau 010","3","1850000"
"ITEM","ORD000628","P407","Laptop Asus - Mau 407","4","31890000"
"HISTORY","ORD000628","PENDING","1789566300000"
"HISTORY","ORD000628","PROCESSING","1789569900000"
"HISTORY","ORD000628","SHIPPING","1789573500000"
"HISTORY","ORD000628","COMPLETED","1789577100000"
"ORDER","ORD000629","Le Minh Duc","0914913066","27580000","1789567200000","3","CANCELLED"
"ITEM","ORD000629","P703","Man hinh Dell - Mau 703","1","6580000"
"ITEM","ORD000629","P170","Sac du phong Anker - Mau 170","2","770000"
"ITEM","ORD000629","P946","RAM Kingston - Mau 946","4","1960000"
"ITEM","ORD000629","P992","Router WiFi TP-Link - Mau 992","2","450000"
"ITEM","ORD000629","P572","Router WiFi TP-Link - Mau 572","4","2680000"
"HISTORY","ORD000629","PENDING","1789567200000"
"HISTORY","ORD000629","PROCESSING","1789570800000"
"HISTORY","ORD000629","CANCELLED","1789574400000"
"ORDER","ORD000630","Le Dang Khoa","0995866221","5270000","1789568100000","3","CANCELLED"
"ITEM","ORD000630","P576","Chuot gaming Razer - Mau 576","2","1610000"
"ITEM","ORD000630","P474","Gia do laptop Baseus - Mau 474","1","640000"
"ITEM","ORD000630","P190","Sac du phong Anker - Mau 190","2","400000"
"ITEM","ORD000630","P278","Microphone HyperX - Mau 278","1","610000"
"HISTORY","ORD000630","PENDING","1789568100000"
"HISTORY","ORD000630","CANCELLED","1789571700000"
"ORDER","ORD000631","Vo Bao Tran","0977152357","28690000","1789569000000","1","PENDING"
"ITEM","ORD000631","P394","Gia do laptop Baseus - Mau 394","2","120000"
"ITEM","ORD000631","P564","Tai nghe Sony - Mau 564","4","5670000"
"ITEM","ORD000631","P338","Microphone HyperX - Mau 338","1","710000"
"ITEM","ORD000631","P595","O cung HDD Seagate - Mau 595","2","2530000"
"HISTORY","ORD000631","PENDING","1789569000000"
"ORDER","ORD000632","Vu Quang Huy","0990195835","5360000","1789569900000","1","PENDING"
"ITEM","ORD000632","P064","Tai nghe Sony - Mau 064","1","680000"
"ITEM","ORD000632","P301","Chuot khong day Logitech - Mau 301","4","1170000"
"HISTORY","ORD000632","PENDING","1789569900000"
"ORDER","ORD000633","Hoang Ngoc Anh","0927636456","5400000","1789570800000","1","PROCESSING"
"ITEM","ORD000633","P448","Webcam Logitech - Mau 448","2","1590000"
"ITEM","ORD000633","P846","RAM Kingston - Mau 846","1","2220000"
"HISTORY","ORD000633","PENDING","1789570800000"
"HISTORY","ORD000633","PROCESSING","1789574400000"
"ORDER","ORD000634","Huynh Thanh Nam","0989407182","54500000","1789571700000","1","PROCESSING"
"ITEM","ORD000634","P363","Man hinh Dell - Mau 363","4","10390000"
"ITEM","ORD000634","P724","Tai nghe Sony - Mau 724","1","3570000"
"ITEM","ORD000634","P010","Sac du phong Anker - Mau 010","1","1850000"
"ITEM","ORD000634","P117","Ban phim gaming Corsair - Mau 117","2","3760000"
"HISTORY","ORD000634","PENDING","1789571700000"
"HISTORY","ORD000634","PROCESSING","1789575300000"
"ORDER","ORD000635","Tran Lan Chi","0929419429","9400000","1789572600000","1","SHIPPING"
"ITEM","ORD000635","P734","Gia do laptop Baseus - Mau 734","3","730000"
"ITEM","ORD000635","P779","May in Canon - Mau 779","1","7210000"
"HISTORY","ORD000635","PENDING","1789572600000"
"HISTORY","ORD000635","PROCESSING","1789576200000"
"HISTORY","ORD000635","SHIPPING","1789579800000"
"ORDER","ORD000636","Dang Dinh Hai","0938111120","5840000","1789573500000","2","SHIPPING"
"ITEM","ORD000636","P737","Ban phim gaming Corsair - Mau 737","2","1600000"
"ITEM","ORD000636","P080","Bo chia HDMI Ugreen - Mau 080","1","360000"
"ITEM","ORD000636","P849","Loa Bluetooth JBL - Mau 849","1","2280000"
"HISTORY","ORD000636","PENDING","1789573500000"
"HISTORY","ORD000636","PROCESSING","1789577100000"
"HISTORY","ORD000636","SHIPPING","1789580700000"
"ORDER","ORD000637","Huynh Tuan Kiet","0928217834","3670000","1789574400000","2","COMPLETED"
"ITEM","ORD000637","P173","USB Sandisk - Mau 173","2","410000"
"ITEM","ORD000637","P610","Sac du phong Anker - Mau 610","3","950000"
"HISTORY","ORD000637","PENDING","1789574400000"
"HISTORY","ORD000637","PROCESSING","1789578000000"
"HISTORY","ORD000637","SHIPPING","1789581600000"
"HISTORY","ORD000637","COMPLETED","1789585200000"
"ORDER","ORD000638","Huynh Ngoc Anh","0962299894","576000","1789575300000","2","COMPLETED"
"ITEM","ORD000638","P353","USB Sandisk - Mau 353","2","288000"
"HISTORY","ORD000638","PENDING","1789575300000"
"HISTORY","ORD000638","PROCESSING","1789578900000"
"HISTORY","ORD000638","SHIPPING","1789582500000"
"HISTORY","ORD000638","COMPLETED","1789586100000"
"ORDER","ORD000639","Phan Minh Duc","0986717232","6540000","1789576200000","2","CANCELLED"
"ITEM","ORD000639","P257","Ban phim gaming Corsair - Mau 257","3","2180000"
"HISTORY","ORD000639","PENDING","1789576200000"
"HISTORY","ORD000639","PROCESSING","1789579800000"
"HISTORY","ORD000639","CANCELLED","1789583400000"
"ORDER","ORD000640","Le Tuan Kiet","0931490862","39610000","1789577100000","2","CANCELLED"
"ITEM","ORD000640","P803","Man hinh Dell - Mau 803","4","7390000"
"ITEM","ORD000640","P510","Sac du phong Anker - Mau 510","1","1930000"
"ITEM","ORD000640","P674","Gia do laptop Baseus - Mau 674","4","390000"
"ITEM","ORD000640","P750","Sac du phong Anker - Mau 750","2","550000"
"ITEM","ORD000640","P429","Loa Bluetooth JBL - Mau 429","3","1820000"
"HISTORY","ORD000640","PENDING","1789577100000"
"HISTORY","ORD000640","CANCELLED","1789580700000"
"ORDER","ORD000641","Hoang Quang Huy","0954336379","8120000","1789578000000","3","PENDING"
"ITEM","ORD000641","P290","Sac du phong Anker - Mau 290","3","1910000"
"ITEM","ORD000641","P466","RAM Kingston - Mau 466","1","2390000"
"HISTORY","ORD000641","PENDING","1789578000000"
"ORDER","ORD000642","Pham Quang Huy","0994708420","14010000","1789578900000","3","PENDING"
"ITEM","ORD000642","P641","Chuot khong day Logitech - Mau 641","3","910000"
"ITEM","ORD000642","P211","Cap USB-C Ugreen - Mau 211","4","170000"
"ITEM","ORD000642","P989","Loa Bluetooth JBL - Mau 989","4","2650000"
"HISTORY","ORD000642","PENDING","1789578900000"
"ORDER","ORD000643","Hoang Ngoc Anh","0965283853","50030000","1789579800000","3","PROCESSING"
"ITEM","ORD000643","P907","Laptop Asus - Mau 907","3","12230000"
"ITEM","ORD000643","P977","Ban phim gaming Corsair - Mau 977","2","4140000"
"ITEM","ORD000643","P595","O cung HDD Seagate - Mau 595","2","2530000"
"HISTORY","ORD000643","PENDING","1789579800000"
"HISTORY","ORD000643","PROCESSING","1789583400000"
"ORDER","ORD000644","Tran Minh An","0969697858","6720000","1789580700000","3","PROCESSING"
"ITEM","ORD000644","P311","Cap USB-C Ugreen - Mau 311","4","160000"
"ITEM","ORD000644","P386","RAM Kingston - Mau 386","4","1210000"
"ITEM","ORD000644","P553","USB Sandisk - Mau 553","4","310000"
"HISTORY","ORD000644","PENDING","1789580700000"
"HISTORY","ORD000644","PROCESSING","1789584300000"
"ORDER","ORD000645","Tran Minh Duc","0975255309","2180000","1789581600000","3","SHIPPING"
"ITEM","ORD000645","P014","Gia do laptop Baseus - Mau 014","4","340000"
"ITEM","ORD000645","P369","Loa Bluetooth JBL - Mau 369","2","410000"
"HISTORY","ORD000645","PENDING","1789581600000"
"HISTORY","ORD000645","PROCESSING","1789585200000"
"HISTORY","ORD000645","SHIPPING","1789588800000"
"ORDER","ORD000646","Vu Quang Huy","0976333371","10880000","1789582500000","1","SHIPPING"
"ITEM","ORD000646","P978","Microphone HyperX - Mau 978","4","1950000"
"ITEM","ORD000646","P993","USB Sandisk - Mau 993","2","350000"
"ITEM","ORD000646","P495","O cung HDD Seagate - Mau 495","1","2380000"
"HISTORY","ORD000646","PENDING","1789582500000"
"HISTORY","ORD000646","PROCESSING","1789586100000"
"HISTORY","ORD000646","SHIPPING","1789589700000"
"ORDER","ORD000647","Dang Huynh Khoa","0914777301","950000","1789583400000","1","COMPLETED"
"ITEM","ORD000647","P402","Ban phim Keychron - Mau 402","1","950000"
"HISTORY","ORD000647","PENDING","1789583400000"
"HISTORY","ORD000647","PROCESSING","1789587000000"
"HISTORY","ORD000647","SHIPPING","1789590600000"
"HISTORY","ORD000647","COMPLETED","1789594200000"
"ORDER","ORD000648","Vo Minh An","0963150703","20550000","1789584300000","1","COMPLETED"
"ITEM","ORD000648","P288","Webcam Logitech - Mau 288","4","1480000"
"ITEM","ORD000648","P067","Laptop Asus - Mau 067","1","14550000"
"ITEM","ORD000648","P533","USB Sandisk - Mau 533","1","80000"
"HISTORY","ORD000648","PENDING","1789584300000"
"HISTORY","ORD000648","PROCESSING","1789587900000"
"HISTORY","ORD000648","SHIPPING","1789591500000"
"HISTORY","ORD000648","COMPLETED","1789595100000"
"ORDER","ORD000649","Do Thanh Nam","0993324719","17919000","1789585200000","1","CANCELLED"
"ITEM","ORD000649","P974","Gia do laptop Baseus - Mau 974","4","405000"
"ITEM","ORD000649","P225","SSD Samsung - Mau 225","4","2673000"
"ITEM","ORD000649","P581","Chuot khong day Logitech - Mau 581","1","171000"
"ITEM","ORD000649","P939","May in Canon - Mau 939","4","1359000"
"HISTORY","ORD000649","PENDING","1789585200000"
"HISTORY","ORD000649","PROCESSING","1789588800000"
"HISTORY","ORD000649","CANCELLED","1789592400000"
"ORDER","ORD000650","Nguyen Tuan Kiet","0940005842","3740000","1789586100000","1","CANCELLED"
"ITEM","ORD000650","P441","Chuot khong day Logitech - Mau 441","1","820000"
"ITEM","ORD000650","P278","Microphone HyperX - Mau 278","4","610000"
"ITEM","ORD000650","P394","Gia do laptop Baseus - Mau 394","4","120000"
"HISTORY","ORD000650","PENDING","1789586100000"
"HISTORY","ORD000650","CANCELLED","1789589700000"
"ORDER","ORD000651","Hoang Huynh Khoa","0977728200","11440000","1789587000000","2","PENDING"
"ITEM","ORD000651","P710","Sac du phong Anker - Mau 710","4","670000"
"ITEM","ORD000651","P802","Ban phim Keychron - Mau 802","4","2190000"
"HISTORY","ORD000651","PENDING","1789587000000"
"ORDER","ORD000652","Vo Minh An","0924468600","25650000","1789587900000","2","PENDING"
"ITEM","ORD000652","P207","Laptop Asus - Mau 207","1","9900000"
"ITEM","ORD000652","P071","Cap USB-C Ugreen - Mau 071","2","240000"
"ITEM","ORD000652","P182","Ban phim Keychron - Mau 182","1","2140000"
"ITEM","ORD000652","P977","Ban phim gaming Corsair - Mau 977","3","4140000"
"ITEM","ORD000652","P838","Microphone HyperX - Mau 838","1","710000"
"HISTORY","ORD000652","PENDING","1789587900000"
"ORDER","ORD000653","Bui Bao Tran","0975289940","1910000","1789588800000","2","PROCESSING"
"ITEM","ORD000653","P970","Sac du phong Anker - Mau 970","1","1340000"
"ITEM","ORD000653","P874","Gia do laptop Baseus - Mau 874","1","570000"
"HISTORY","ORD000653","PENDING","1789588800000"
"HISTORY","ORD000653","PROCESSING","1789592400000"
"ORDER","ORD000654","Dang Huynh Khoa","0930340942","38520000","1789589700000","2","PROCESSING"
"ITEM","ORD000654","P837","Ban phim gaming Corsair - Mau 837","2","2150000"
"ITEM","ORD000654","P976","Chuot gaming Razer - Mau 976","2","2200000"
"ITEM","ORD000654","P122","Ban phim Keychron - Mau 122","2","780000"
"ITEM","ORD000654","P080","Bo chia HDMI Ugreen - Mau 080","1","360000"
"ITEM","ORD000654","P567","Laptop Asus - Mau 567","2","13950000"
"HISTORY","ORD000654","PENDING","1789589700000"
"HISTORY","ORD000654","PROCESSING","1789593300000"
"ORDER","ORD000655","Le Quang Huy","0966083284","10950000","1789590600000","2","SHIPPING"
"ITEM","ORD000655","P231","Cap USB-C Ugreen - Mau 231","2","130000"
"ITEM","ORD000655","P374","Gia do laptop Baseus - Mau 374","3","240000"
"ITEM","ORD000655","P635","O cung HDD Seagate - Mau 635","3","1110000"
"ITEM","ORD000655","P452","Router WiFi TP-Link - Mau 452","4","1660000"
"HISTORY","ORD000655","PENDING","1789590600000"
"HISTORY","ORD000655","PROCESSING","1789594200000"
"HISTORY","ORD000655","SHIPPING","1789597800000"
"ORDER","ORD000656","Dang Minh An","0996553685","18040000","1789591500000","3","SHIPPING"
"ITEM","ORD000656","P406","RAM Kingston - Mau 406","3","770000"
"ITEM","ORD000656","P118","Microphone HyperX - Mau 118","3","3670000"
"ITEM","ORD000656","P978","Microphone HyperX - Mau 978","2","1950000"
"ITEM","ORD000656","P369","Loa Bluetooth JBL - Mau 369","2","410000"
"HISTORY","ORD000656","PENDING","1789591500000"
"HISTORY","ORD000656","PROCESSING","1789595100000"
"HISTORY","ORD000656","SHIPPING","1789598700000"
"ORDER","ORD000657","Do Minh An","0980238146","6560000","1789592400000","3","COMPLETED"
"ITEM","ORD000657","P888","Webcam Logitech - Mau 888","3","1700000"
"ITEM","ORD000657","P101","Chuot khong day Logitech - Mau 101","2","730000"
"HISTORY","ORD000657","PENDING","1789592400000"
"HISTORY","ORD000657","PROCESSING","1789596000000"
"HISTORY","ORD000657","SHIPPING","1789599600000"
"HISTORY","ORD000657","COMPLETED","1789603200000"
"ORDER","ORD000658","Nguyen Dinh Hai","0953385507","32290000","1789593300000","3","COMPLETED"
"ITEM","ORD000658","P341","Chuot khong day Logitech - Mau 341","3","440000"
"ITEM","ORD000658","P358","Microphone HyperX - Mau 358","2","2570000"
"ITEM","ORD000658","P542","Ban phim Keychron - Mau 542","2","980000"
"ITEM","ORD000658","P564","Tai nghe Sony - Mau 564","3","5670000"
"ITEM","ORD000658","P832","Router WiFi TP-Link - Mau 832","2","3430000"
"HISTORY","ORD000658","PENDING","1789593300000"
"HISTORY","ORD000658","PROCESSING","1789596900000"
"HISTORY","ORD000658","SHIPPING","1789600500000"
"HISTORY","ORD000658","COMPLETED","1789604100000"
"ORDER","ORD000659","Vu Quang Huy","0996820599","44830000","1789594200000","3","CANCELLED"
"ITEM","ORD000659","P747","Laptop Asus - Mau 747","2","17900000"
"ITEM","ORD000659","P946","RAM Kingston - Mau 946","4","1960000"
"ITEM","ORD000659","P838","Microphone HyperX - Mau 838","1","710000"
"ITEM","ORD000659","P054","Gia do laptop Baseus - Mau 054","2","240000"
"HISTORY","ORD000659","PENDING","1789594200000"
"HISTORY","ORD000659","PROCESSING","1789597800000"
"HISTORY","ORD000659","CANCELLED","1789601400000"
"ORDER","ORD000660","Do Ngoc Anh","0970330453","14148000","1789595100000","3","CANCELLED"
"ITEM","ORD000660","P398","Microphone HyperX - Mau 398","1","2916000"
"ITEM","ORD000660","P225","SSD Samsung - Mau 225","4","2673000"
"ITEM","ORD000660","P293","USB Sandisk - Mau 293","2","270000"
"HISTORY","ORD000660","PENDING","1789595100000"
"HISTORY","ORD000660","CANCELLED","1789598700000"
"ORDER","ORD000661","Tran Minh Duc","0965135981","31520000","1789596000000","1","PENDING"
"ITEM","ORD000661","P104","Tai nghe Sony - Mau 104","4","1670000"
"ITEM","ORD000661","P231","Cap USB-C Ugreen - Mau 231","2","130000"
"ITEM","ORD000661","P936","Chuot gaming Razer - Mau 936","2","2050000"
"ITEM","ORD000661","P898","Microphone HyperX - Mau 898","2","3560000"
"ITEM","ORD000661","P365","SSD Samsung - Mau 365","4","3340000"
"HISTORY","ORD000661","PENDING","1789596000000"
"ORDER","ORD000662","Huynh Dinh Hai","0961958782","65350000","1789596900000","1","PENDING"
"ITEM","ORD000662","P201","Chuot khong day Logitech - Mau 201","4","760000"
"ITEM","ORD000662","P105","SSD Samsung - Mau 105","3","3750000"
"ITEM","ORD000662","P427","Laptop Asus - Mau 427","2","25530000"
"HISTORY","ORD000662","PENDING","1789596900000"
"ORDER","ORD000663","Vo Huynh Khoa","0947769443","640000","1789597800000","1","PROCESSING"
"ITEM","ORD000663","P511","Cap USB-C Ugreen - Mau 511","4","160000"
"HISTORY","ORD000663","PENDING","1789597800000"
"HISTORY","ORD000663","PROCESSING","1789601400000"
"ORDER","ORD000664","Do Thu Ha","0980607799","93920000","1789598700000","1","PROCESSING"
"ITEM","ORD000664","P678","Microphone HyperX - Mau 678","1","2580000"
"ITEM","ORD000664","P267","Laptop Asus - Mau 267","4","20290000"
"ITEM","ORD000664","P013","USB Sandisk - Mau 013","3","360000"
"ITEM","ORD000664","P350","Sac du phong Anker - Mau 350","2","1410000"
"ITEM","ORD000664","P056","Chuot gaming Razer - Mau 056","4","1570000"
"HISTORY","ORD000664","PENDING","1789598700000"
"HISTORY","ORD000664","PROCESSING","1789602300000"
"ORDER","ORD000665","Nguyen Bao Tran","0958465348","79680000","1789599600000","1","SHIPPING"
"ITEM","ORD000665","P247","Laptop Asus - Mau 247","4","19920000"
"HISTORY","ORD000665","PENDING","1789599600000"
"HISTORY","ORD000665","PROCESSING","1789603200000"
"HISTORY","ORD000665","SHIPPING","1789606800000"
"ORDER","ORD000666","Pham Minh Duc","0958953571","2770000","1789600500000","2","SHIPPING"
"ITEM","ORD000666","P506","RAM Kingston - Mau 506","1","1550000"
"ITEM","ORD000666","P664","Tai nghe Sony - Mau 664","2","610000"
"HISTORY","ORD000666","PENDING","1789600500000"
"HISTORY","ORD000666","PROCESSING","1789604100000"
"HISTORY","ORD000666","SHIPPING","1789607700000"
"ORDER","ORD000667","Nguyen Thu Ha","0937620493","17750000","1789601400000","2","COMPLETED"
"ITEM","ORD000667","P392","Router WiFi TP-Link - Mau 392","1","1440000"
"ITEM","ORD000667","P005","SSD Samsung - Mau 005","1","540000"
"ITEM","ORD000667","P926","RAM Kingston - Mau 926","4","2340000"
"ITEM","ORD000667","P799","May in Canon - Mau 799","1","6410000"
"HISTORY","ORD000667","PENDING","1789601400000"
"HISTORY","ORD000667","PROCESSING","1789605000000"
"HISTORY","ORD000667","SHIPPING","1789608600000"
"HISTORY","ORD000667","COMPLETED","1789612200000"
"ORDER","ORD000668","Nguyen Bao Tran","0910574617","17880000","1789602300000","2","COMPLETED"
"ITEM","ORD000668","P705","SSD Samsung - Mau 705","4","4470000"
"HISTORY","ORD000668","PENDING","1789602300000"
"HISTORY","ORD000668","PROCESSING","1789605900000"
"HISTORY","ORD000668","SHIPPING","1789609500000"
"HISTORY","ORD000668","COMPLETED","1789613100000"
"ORDER","ORD000669","Dang Minh Duc","0996008658","93030000","1789603200000","2","CANCELLED"
"ITEM","ORD000669","P027","Laptop Asus - Mau 027","2","29720000"
"ITEM","ORD000669","P483","Man hinh Dell - Mau 483","3","10540000"
"ITEM","ORD000669","P502","Ban phim Keychron - Mau 502","1","1730000"
"ITEM","ORD000669","P940","Bo chia HDMI Ugreen - Mau 940","2","120000"
"HISTORY","ORD000669","PENDING","1789603200000"
"HISTORY","ORD000669","PROCESSING","1789606800000"
"HISTORY","ORD000669","CANCELLED","1789610400000"
"ORDER","ORD000670","Le Thu Ha","0983686704","82530000","1789604100000","2","CANCELLED"
"ITEM","ORD000670","P647","Laptop Asus - Mau 647","3","26570000"
"ITEM","ORD000670","P596","Chuot gaming Razer - Mau 596","2","1090000"
"ITEM","ORD000670","P931","Cap USB-C Ugreen - Mau 931","2","70000"
"ITEM","ORD000670","P920","Bo chia HDMI Ugreen - Mau 920","2","250000"
"HISTORY","ORD000670","PENDING","1789604100000"
"HISTORY","ORD000670","CANCELLED","1789607700000"
"ORDER","ORD000671","Pham Thanh Nam","0981193141","2997000","1789605000000","3","PENDING"
"ITEM","ORD000671","P764","Tai nghe Sony - Mau 764","2","999000"
"ITEM","ORD000671","P761","Chuot khong day Logitech - Mau 761","3","333000"
"HISTORY","ORD000671","PENDING","1789605000000"
"ORDER","ORD000672","Nguyen Minh Duc","0983911353","4840000","1789605900000","3","PENDING"
"ITEM","ORD000672","P191","Cap USB-C Ugreen - Mau 191","4","80000"
"ITEM","ORD000672","P294","Gia do laptop Baseus - Mau 294","2","360000"
"ITEM","ORD000672","P135","O cung HDD Seagate - Mau 135","2","1900000"
"HISTORY","ORD000672","PENDING","1789605900000"
"ORDER","ORD000673","Pham Lan Chi","0967333616","25490000","1789606800000","3","PROCESSING"
"ITEM","ORD000673","P778","Microphone HyperX - Mau 778","4","1860000"
"ITEM","ORD000673","P225","SSD Samsung - Mau 225","2","2970000"
"ITEM","ORD000673","P529","Loa Bluetooth JBL - Mau 529","2","5190000"
"ITEM","ORD000673","P055","O cung HDD Seagate - Mau 055","1","1730000"
"HISTORY","ORD000673","PENDING","1789606800000"
"HISTORY","ORD000673","PROCESSING","1789610400000"
"ORDER","ORD000674","Bui Dinh Hai","0939640692","18480000","1789607700000","3","PROCESSING"
"ITEM","ORD000674","P108","Webcam Logitech - Mau 108","4","2470000"
"ITEM","ORD000674","P033","USB Sandisk - Mau 033","1","190000"
"ITEM","ORD000674","P078","Microphone HyperX - Mau 078","1","2690000"
"ITEM","ORD000674","P218","Microphone HyperX - Mau 218","4","1430000"
"HISTORY","ORD000674","PENDING","1789607700000"
"HISTORY","ORD000674","PROCESSING","1789611300000"
"ORDER","ORD000675","Huynh Huynh Khoa","0920903994","45350000","1789608600000","3","SHIPPING"
"ITEM","ORD000675","P360","Bo chia HDMI Ugreen - Mau 360","4","100000"
"ITEM","ORD000675","P589","Loa Bluetooth JBL - Mau 589","3","5020000"
"ITEM","ORD000675","P276","Chuot gaming Razer - Mau 276","4","2350000"
"ITEM","ORD000675","P584","Tai nghe Sony - Mau 584","1","3650000"
"ITEM","ORD000675","P465","SSD Samsung - Mau 465","4","4210000"
"HISTORY","ORD000675","PENDING","1789608600000"
"HISTORY","ORD000675","PROCESSING","1789612200000"
"HISTORY","ORD000675","SHIPPING","1789615800000"
"ORDER","ORD000676","Dang Ngoc Anh","0940557673","570000","1789609500000","1","SHIPPING"
"ITEM","ORD000676","P733","USB Sandisk - Mau 733","3","190000"
"HISTORY","ORD000676","PENDING","1789609500000"
"HISTORY","ORD000676","PROCESSING","1789613100000"
"HISTORY","ORD000676","SHIPPING","1789616700000"
"ORDER","ORD000677","Le Huynh Khoa","0942423504","65690000","1789610400000","1","COMPLETED"
"ITEM","ORD000677","P963","Man hinh Dell - Mau 963","4","11900000"
"ITEM","ORD000677","P808","Webcam Logitech - Mau 808","4","2250000"
"ITEM","ORD000677","P882","Ban phim Keychron - Mau 882","3","3030000"
"HISTORY","ORD000677","PENDING","1789610400000"
"HISTORY","ORD000677","PROCESSING","1789614000000"
"HISTORY","ORD000677","SHIPPING","1789617600000"
"HISTORY","ORD000677","COMPLETED","1789621200000"
"ORDER","ORD000678","Pham Huynh Khoa","0992774307","890000","1789611300000","1","COMPLETED"
"ITEM","ORD000678","P772","Router WiFi TP-Link - Mau 772","1","890000"
"HISTORY","ORD000678","PENDING","1789611300000"
"HISTORY","ORD000678","PROCESSING","1789614900000"
"HISTORY","ORD000678","SHIPPING","1789618500000"
"HISTORY","ORD000678","COMPLETED","1789622100000"
"ORDER","ORD000679","Phan Dang Khoa","0954309195","1490000","1789612200000","1","CANCELLED"
"ITEM","ORD000679","P020","Bo chia HDMI Ugreen - Mau 020","1","410000"
"ITEM","ORD000679","P758","Microphone HyperX - Mau 758","2","540000"
"HISTORY","ORD000679","PENDING","1789612200000"
"HISTORY","ORD000679","PROCESSING","1789615800000"
"HISTORY","ORD000679","CANCELLED","1789619400000"
"ORDER","ORD000680","Vu Dinh Hai","0943902337","30300000","1789613100000","1","CANCELLED"
"ITEM","ORD000680","P396","Chuot gaming Razer - Mau 396","4","1450000"
"ITEM","ORD000680","P537","Ban phim gaming Corsair - Mau 537","1","3780000"
"ITEM","ORD000680","P808","Webcam Logitech - Mau 808","4","2250000"
"ITEM","ORD000680","P292","Router WiFi TP-Link - Mau 292","4","2120000"
"ITEM","ORD000680","P540","Bo chia HDMI Ugreen - Mau 540","4","810000"
"HISTORY","ORD000680","PENDING","1789613100000"
"HISTORY","ORD000680","CANCELLED","1789616700000"
"ORDER","ORD000681","Hoang Thanh Nam","0940840454","12960000","1789614000000","2","PENDING"
"ITEM","ORD000681","P819","May in Canon - Mau 819","2","6480000"
"HISTORY","ORD000681","PENDING","1789614000000"
"ORDER","ORD000682","Hoang Minh Duc","0968036744","9504000","1789614900000","2","PENDING"
"ITEM","ORD000682","P781","Chuot khong day Logitech - Mau 781","3","891000"
"ITEM","ORD000682","P669","Loa Bluetooth JBL - Mau 669","3","2277000"
"HISTORY","ORD000682","PENDING","1789614900000"
"ORDER","ORD000683","Pham Lan Chi","0965542425","880000","1789615800000","2","PROCESSING"
"ITEM","ORD000683","P341","Chuot khong day Logitech - Mau 341","2","440000"
"HISTORY","ORD000683","PENDING","1789615800000"
"HISTORY","ORD000683","PROCESSING","1789619400000"
"ORDER","ORD000684","Bui Quang Huy","0984115146","121070000","1789616700000","2","PROCESSING"
"ITEM","ORD000684","P382","Ban phim Keychron - Mau 382","2","1060000"
"ITEM","ORD000684","P324","Tai nghe Sony - Mau 324","3","3420000"
"ITEM","ORD000684","P810","Sac du phong Anker - Mau 810","1","510000"
"ITEM","ORD000684","P997","Ban phim gaming Corsair - Mau 997","3","3650000"
"ITEM","ORD000684","P727","Laptop Asus - Mau 727","3","32410000"
"HISTORY","ORD000684","PENDING","1789616700000"
"HISTORY","ORD000684","PROCESSING","1789620300000"
"ORDER","ORD000685","Huynh Dinh Hai","0948298742","15540000","1789617600000","2","SHIPPING"
"ITEM","ORD000685","P415","O cung HDD Seagate - Mau 415","2","990000"
"ITEM","ORD000685","P342","Ban phim Keychron - Mau 342","2","1580000"
"ITEM","ORD000685","P425","SSD Samsung - Mau 425","4","2150000"
"ITEM","ORD000685","P546","RAM Kingston - Mau 546","1","1640000"
"ITEM","ORD000685","P311","Cap USB-C Ugreen - Mau 311","1","160000"
"HISTORY","ORD000685","PENDING","1789617600000"
"HISTORY","ORD000685","PROCESSING","1789621200000"
"HISTORY","ORD000685","SHIPPING","1789624800000"
"ORDER","ORD000686","Bui Minh Duc","0910817890","13080000","1789618500000","3","SHIPPING"
"ITEM","ORD000686","P026","RAM Kingston - Mau 026","2","1620000"
"ITEM","ORD000686","P024","Tai nghe Sony - Mau 024","4","2460000"
"HISTORY","ORD000686","PENDING","1789618500000"
"HISTORY","ORD000686","PROCESSING","1789622100000"
"HISTORY","ORD000686","SHIPPING","1789625700000"
"ORDER","ORD000687","Huynh Bao Tran","0952882273","97830000","1789619400000","3","COMPLETED"
"ITEM","ORD000687","P488","Webcam Logitech - Mau 488","4","1620000"
"ITEM","ORD000687","P110","Sac du phong Anker - Mau 110","1","390000"
"ITEM","ORD000687","P199","May in Canon - Mau 199","2","4280000"
"ITEM","ORD000687","P627","Laptop Asus - Mau 627","4","20210000"
"ITEM","ORD000687","P674","Gia do laptop Baseus - Mau 674","4","390000"
"HISTORY","ORD000687","PENDING","1789619400000"
"HISTORY","ORD000687","PROCESSING","1789623000000"
"HISTORY","ORD000687","SHIPPING","1789626600000"
"HISTORY","ORD000687","COMPLETED","1789630200000"
"ORDER","ORD000688","Huynh Huynh Khoa","0935186828","6490000","1789620300000","3","COMPLETED"
"ITEM","ORD000688","P180","Bo chia HDMI Ugreen - Mau 180","3","300000"
"ITEM","ORD000688","P149","Loa Bluetooth JBL - Mau 149","1","1840000"
"ITEM","ORD000688","P656","Chuot gaming Razer - Mau 656","1","1640000"
"ITEM","ORD000688","P286","RAM Kingston - Mau 286","1","2110000"
"HISTORY","ORD000688","PENDING","1789620300000"
"HISTORY","ORD000688","PROCESSING","1789623900000"
"HISTORY","ORD000688","SHIPPING","1789627500000"
"HISTORY","ORD000688","COMPLETED","1789631100000"
"ORDER","ORD000689","Huynh Quang Huy","0961643978","7900000","1789621200000","3","CANCELLED"
"ITEM","ORD000689","P055","O cung HDD Seagate - Mau 055","4","1730000"
"ITEM","ORD000689","P952","Router WiFi TP-Link - Mau 952","1","980000"
"HISTORY","ORD000689","PENDING","1789621200000"
"HISTORY","ORD000689","PROCESSING","1789624800000"
"HISTORY","ORD000689","CANCELLED","1789628400000"
"ORDER","ORD000690","Tran Tuan Kiet","0933437437","3520000","1789622100000","3","CANCELLED"
"ITEM","ORD000690","P640","Bo chia HDMI Ugreen - Mau 640","3","860000"
"ITEM","ORD000690","P442","Ban phim Keychron - Mau 442","2","470000"
"HISTORY","ORD000690","PENDING","1789622100000"
"HISTORY","ORD000690","CANCELLED","1789625700000"
"ORDER","ORD000691","Pham Huynh Khoa","0960412008","21310000","1789623000000","1","PENDING"
"ITEM","ORD000691","P919","May in Canon - Mau 919","3","5200000"
"ITEM","ORD000691","P268","Webcam Logitech - Mau 268","1","340000"
"ITEM","ORD000691","P571","Cap USB-C Ugreen - Mau 571","1","330000"
"ITEM","ORD000691","P706","RAM Kingston - Mau 706","2","2520000"
"HISTORY","ORD000691","PENDING","1789623000000"
"ORDER","ORD000692","Le Thanh Nam","0920055262","7300000","1789623900000","1","PENDING"
"ITEM","ORD000692","P828","Webcam Logitech - Mau 828","4","1240000"
"ITEM","ORD000692","P790","Sac du phong Anker - Mau 790","1","1530000"
"ITEM","ORD000692","P771","Cap USB-C Ugreen - Mau 771","1","300000"
"ITEM","ORD000692","P281","Chuot khong day Logitech - Mau 281","3","170000"
"HISTORY","ORD000692","PENDING","1789623900000"
"ORDER","ORD000693","Bui Minh Duc","0973704413","11160000","1789624800000","1","PROCESSING"
"ITEM","ORD000693","P879","May in Canon - Mau 879","2","2070000"
"ITEM","ORD000693","P646","RAM Kingston - Mau 646","4","1755000"
"HISTORY","ORD000693","PENDING","1789624800000"
"HISTORY","ORD000693","PROCESSING","1789628400000"
"ORDER","ORD000694","Do Thanh Nam","0952680152","79680000","1789625700000","1","PROCESSING"
"ITEM","ORD000694","P247","Laptop Asus - Mau 247","4","19920000"
"HISTORY","ORD000694","PENDING","1789625700000"
"HISTORY","ORD000694","PROCESSING","1789629300000"
"ORDER","ORD000695","Do Thu Ha","0932899317","1090000","1789626600000","1","SHIPPING"
"ITEM","ORD000695","P095","O cung HDD Seagate - Mau 095","1","1090000"
"HISTORY","ORD000695","PENDING","1789626600000"
"HISTORY","ORD000695","PROCESSING","1789630200000"
"HISTORY","ORD000695","SHIPPING","1789633800000"
"ORDER","ORD000696","Do Minh An","0967694100","21260000","1789627500000","2","SHIPPING"
"ITEM","ORD000696","P465","SSD Samsung - Mau 465","3","4210000"
"ITEM","ORD000696","P519","May in Canon - Mau 519","3","2630000"
"ITEM","ORD000696","P486","RAM Kingston - Mau 486","2","370000"
"HISTORY","ORD000696","PENDING","1789627500000"
"HISTORY","ORD000696","PROCESSING","1789631100000"
"HISTORY","ORD000696","SHIPPING","1789634700000"
"ORDER","ORD000697","Huynh Quang Huy","0969214979","10400000","1789628400000","2","COMPLETED"
"ITEM","ORD000697","P677","Ban phim gaming Corsair - Mau 677","1","2400000"
"ITEM","ORD000697","P464","Tai nghe Sony - Mau 464","2","1500000"
"ITEM","ORD000697","P765","SSD Samsung - Mau 765","1","4220000"
"ITEM","ORD000697","P122","Ban phim Keychron - Mau 122","1","780000"
"HISTORY","ORD000697","PENDING","1789628400000"
"HISTORY","ORD000697","PROCESSING","1789632000000"
"HISTORY","ORD000697","SHIPPING","1789635600000"
"HISTORY","ORD000697","COMPLETED","1789639200000"
"ORDER","ORD000698","Pham Minh An","0917446834","3630000","1789629300000","2","COMPLETED"
"ITEM","ORD000698","P312","Router WiFi TP-Link - Mau 312","1","2420000"
"ITEM","ORD000698","P386","RAM Kingston - Mau 386","1","1210000"
"HISTORY","ORD000698","PENDING","1789629300000"
"HISTORY","ORD000698","PROCESSING","1789632900000"
"HISTORY","ORD000698","SHIPPING","1789636500000"
"HISTORY","ORD000698","COMPLETED","1789640100000"
"ORDER","ORD000699","Bui Thanh Nam","0951575103","69600000","1789630200000","2","CANCELLED"
"ITEM","ORD000699","P387","Laptop Asus - Mau 387","2","33030000"
"ITEM","ORD000699","P355","O cung HDD Seagate - Mau 355","2","1770000"
"HISTORY","ORD000699","PENDING","1789630200000"
"HISTORY","ORD000699","PROCESSING","1789633800000"
"HISTORY","ORD000699","CANCELLED","1789637400000"
"ORDER","ORD000700","Phan Tuan Kiet","0913557673","10800000","1789631100000","2","CANCELLED"
"ITEM","ORD000700","P670","Sac du phong Anker - Mau 670","2","1090000"
"ITEM","ORD000700","P128","Webcam Logitech - Mau 128","3","1340000"
"ITEM","ORD000700","P380","Bo chia HDMI Ugreen - Mau 380","3","430000"
"ITEM","ORD000700","P271","Cap USB-C Ugreen - Mau 271","1","440000"
"ITEM","ORD000700","P022","Ban phim Keychron - Mau 022","1","2870000"
"HISTORY","ORD000700","PENDING","1789631100000"
"HISTORY","ORD000700","CANCELLED","1789634700000"
"ORDER","ORD000701","Vu Thu Ha","0968376215","4230000","1789632000000","3","PENDING"
"ITEM","ORD000701","P628","Webcam Logitech - Mau 628","3","1410000"
"HISTORY","ORD000701","PENDING","1789632000000"
"ORDER","ORD000702","Phan Quang Huy","0970703522","4500000","1789632900000","3","PENDING"
"ITEM","ORD000702","P238","Microphone HyperX - Mau 238","2","2250000"
"HISTORY","ORD000702","PENDING","1789632900000"
"ORDER","ORD000703","Vo Dang Khoa","0949931282","17250000","1789633800000","3","PROCESSING"
"ITEM","ORD000703","P466","RAM Kingston - Mau 466","3","2390000"
"ITEM","ORD000703","P092","Router WiFi TP-Link - Mau 092","1","2500000"
"ITEM","ORD000703","P652","Router WiFi TP-Link - Mau 652","4","1500000"
"ITEM","ORD000703","P716","Chuot gaming Razer - Mau 716","1","1580000"
"HISTORY","ORD000703","PENDING","1789633800000"
"HISTORY","ORD000703","PROCESSING","1789637400000"
"ORDER","ORD000704","Bui Lan Chi","0972848098","2916000","1789634700000","3","PROCESSING"
"ITEM","ORD000704","P701","Chuot khong day Logitech - Mau 701","4","729000"
"HISTORY","ORD000704","PENDING","1789634700000"
"HISTORY","ORD000704","PROCESSING","1789638300000"
"ORDER","ORD000705","Hoang Thu Ha","0935310102","7640000","1789635600000","3","SHIPPING"
"ITEM","ORD000705","P376","Chuot gaming Razer - Mau 376","4","370000"
"ITEM","ORD000705","P891","Cap USB-C Ugreen - Mau 891","4","370000"
"ITEM","ORD000705","P605","SSD Samsung - Mau 605","4","1170000"
"HISTORY","ORD000705","PENDING","1789635600000"
"HISTORY","ORD000705","PROCESSING","1789639200000"
"HISTORY","ORD000705","SHIPPING","1789642800000"
"ORDER","ORD000706","Vu Lan Chi","0914447849","6580000","1789636500000","1","SHIPPING"
"ITEM","ORD000706","P454","Gia do laptop Baseus - Mau 454","4","260000"
"ITEM","ORD000706","P113","USB Sandisk - Mau 113","4","400000"
"ITEM","ORD000706","P023","Man hinh Dell - Mau 023","2","1970000"
"HISTORY","ORD000706","PENDING","1789636500000"
"HISTORY","ORD000706","PROCESSING","1789640100000"
"HISTORY","ORD000706","SHIPPING","1789643700000"
"ORDER","ORD000707","Do Huynh Khoa","0965720549","7340000","1789637400000","1","COMPLETED"
"ITEM","ORD000707","P430","Sac du phong Anker - Mau 430","1","830000"
"ITEM","ORD000707","P240","Bo chia HDMI Ugreen - Mau 240","3","840000"
"ITEM","ORD000707","P764","Tai nghe Sony - Mau 764","1","1110000"
"ITEM","ORD000707","P860","Bo chia HDMI Ugreen - Mau 860","4","720000"
"HISTORY","ORD000707","PENDING","1789637400000"
"HISTORY","ORD000707","PROCESSING","1789641000000"
"HISTORY","ORD000707","SHIPPING","1789644600000"
"HISTORY","ORD000707","COMPLETED","1789648200000"
"ORDER","ORD000708","Dang Bao Tran","0929334179","109700000","1789638300000","1","COMPLETED"
"ITEM","ORD000708","P399","May in Canon - Mau 399","2","1590000"
"ITEM","ORD000708","P323","Man hinh Dell - Mau 323","3","6380000"
"ITEM","ORD000708","P596","Chuot gaming Razer - Mau 596","1","1090000"
"ITEM","ORD000708","P867","Laptop Asus - Mau 867","3","28210000"
"ITEM","ORD000708","P430","Sac du phong Anker - Mau 430","2","830000"
"HISTORY","ORD000708","PENDING","1789638300000"
"HISTORY","ORD000708","PROCESSING","1789641900000"
"HISTORY","ORD000708","SHIPPING","1789645500000"
"HISTORY","ORD000708","COMPLETED","1789649100000"
"ORDER","ORD000709","Phan Minh An","0991088145","3240000","1789639200000","1","CANCELLED"
"ITEM","ORD000709","P140","Bo chia HDMI Ugreen - Mau 140","4","810000"
"HISTORY","ORD000709","PENDING","1789639200000"
"HISTORY","ORD000709","PROCESSING","1789642800000"
"HISTORY","ORD000709","CANCELLED","1789646400000"
"ORDER","ORD000710","Hoang Dang Khoa","0954515077","74500000","1789640100000","1","CANCELLED"
"ITEM","ORD000710","P156","Chuot gaming Razer - Mau 156","4","390000"
"ITEM","ORD000710","P887","Laptop Asus - Mau 887","4","14650000"
"ITEM","ORD000710","P904","Tai nghe Sony - Mau 904","3","4780000"
"HISTORY","ORD000710","PENDING","1789640100000"
"HISTORY","ORD000710","CANCELLED","1789643700000"
"ORDER","ORD000711","Dang Thu Ha","0979989382","49290000","1789641000000","2","PENDING"
"ITEM","ORD000711","P484","Tai nghe Sony - Mau 484","1","5550000"
"ITEM","ORD000711","P269","Loa Bluetooth JBL - Mau 269","1","2300000"
"ITEM","ORD000711","P870","Sac du phong Anker - Mau 870","3","1180000"
"ITEM","ORD000711","P488","Webcam Logitech - Mau 488","3","1620000"
"ITEM","ORD000711","P987","Laptop Asus - Mau 987","2","16520000"
"HISTORY","ORD000711","PENDING","1789641000000"
"ORDER","ORD000712","Tran Huynh Khoa","0954514210","64420000","1789641900000","2","PENDING"
"ITEM","ORD000712","P103","Man hinh Dell - Mau 103","3","9160000"
"ITEM","ORD000712","P154","Gia do laptop Baseus - Mau 154","2","790000"
"ITEM","ORD000712","P012","Router WiFi TP-Link - Mau 012","4","2950000"
"ITEM","ORD000712","P869","Loa Bluetooth JBL - Mau 869","4","1780000"
"ITEM","ORD000712","P385","SSD Samsung - Mau 385","4","4110000"
"HISTORY","ORD000712","PENDING","1789641900000"
"ORDER","ORD000713","Dang Thu Ha","0939553842","36880000","1789642800000","2","PROCESSING"
"ITEM","ORD000713","P283","Man hinh Dell - Mau 283","4","9220000"
"HISTORY","ORD000713","PENDING","1789642800000"
"HISTORY","ORD000713","PROCESSING","1789646400000"
"ORDER","ORD000714","Bui Thanh Nam","0985827821","43730000","1789643700000","2","PROCESSING"
"ITEM","ORD000714","P183","Man hinh Dell - Mau 183","1","7700000"
"ITEM","ORD000714","P487","Laptop Asus - Mau 487","1","17250000"
"ITEM","ORD000714","P396","Chuot gaming Razer - Mau 396","2","1450000"
"ITEM","ORD000714","P139","May in Canon - Mau 139","4","3970000"
"HISTORY","ORD000714","PENDING","1789643700000"
"HISTORY","ORD000714","PROCESSING","1789647300000"
"ORDER","ORD000715","Do Minh An","0961372138","16614000","1789644600000","2","SHIPPING"
"ITEM","ORD000715","P464","Tai nghe Sony - Mau 464","3","1350000"
"ITEM","ORD000715","P749","Loa Bluetooth JBL - Mau 749","3","2862000"
"ITEM","ORD000715","P280","Bo chia HDMI Ugreen - Mau 280","3","117000"
"ITEM","ORD000715","P944","Tai nghe Sony - Mau 944","1","3627000"
"HISTORY","ORD000715","PENDING","1789644600000"
"HISTORY","ORD000715","PROCESSING","1789648200000"
"HISTORY","ORD000715","SHIPPING","1789651800000"
"ORDER","ORD000716","Dang Tuan Kiet","0989224392","86370000","1789645500000","3","SHIPPING"
"ITEM","ORD000716","P787","Laptop Asus - Mau 787","3","28790000"
"HISTORY","ORD000716","PENDING","1789645500000"
"HISTORY","ORD000716","PROCESSING","1789649100000"
"HISTORY","ORD000716","SHIPPING","1789652700000"
"ORDER","ORD000717","Hoang Minh Duc","0953059275","120000","1789646400000","3","COMPLETED"
"ITEM","ORD000717","P391","Cap USB-C Ugreen - Mau 391","2","60000"
"HISTORY","ORD000717","PENDING","1789646400000"
"HISTORY","ORD000717","PROCESSING","1789650000000"
"HISTORY","ORD000717","SHIPPING","1789653600000"
"HISTORY","ORD000717","COMPLETED","1789657200000"
"ORDER","ORD000718","Vu Minh An","0934813930","16650000","1789647300000","3","COMPLETED"
"ITEM","ORD000718","P484","Tai nghe Sony - Mau 484","3","5550000"
"HISTORY","ORD000718","PENDING","1789647300000"
"HISTORY","ORD000718","PROCESSING","1789650900000"
"HISTORY","ORD000718","SHIPPING","1789654500000"
"HISTORY","ORD000718","COMPLETED","1789658100000"
"ORDER","ORD000719","Do Minh Duc","0970839516","62990000","1789648200000","3","CANCELLED"
"ITEM","ORD000719","P911","Cap USB-C Ugreen - Mau 911","4","140000"
"ITEM","ORD000719","P087","Laptop Asus - Mau 087","3","20810000"
"HISTORY","ORD000719","PENDING","1789648200000"
"HISTORY","ORD000719","PROCESSING","1789651800000"
"HISTORY","ORD000719","CANCELLED","1789655400000"
"ORDER","ORD000720","Vo Tuan Kiet","0950770355","18030000","1789649100000","3","CANCELLED"
"ITEM","ORD000720","P525","SSD Samsung - Mau 525","1","3550000"
"ITEM","ORD000720","P458","Microphone HyperX - Mau 458","4","2290000"
"ITEM","ORD000720","P500","Bo chia HDMI Ugreen - Mau 500","2","820000"
"ITEM","ORD000720","P371","Cap USB-C Ugreen - Mau 371","4","430000"
"ITEM","ORD000720","P952","Router WiFi TP-Link - Mau 952","2","980000"
"HISTORY","ORD000720","PENDING","1789649100000"
"HISTORY","ORD000720","CANCELLED","1789652700000"
"ORDER","ORD000721","Le Dinh Hai","0910403649","59400000","1789650000000","1","PENDING"
"ITEM","ORD000721","P899","May in Canon - Mau 899","4","7940000"
"ITEM","ORD000721","P198","Microphone HyperX - Mau 198","3","3480000"
"ITEM","ORD000721","P684","Tai nghe Sony - Mau 684","4","2050000"
"ITEM","ORD000721","P902","Ban phim Keychron - Mau 902","3","2630000"
"ITEM","ORD000721","P635","O cung HDD Seagate - Mau 635","1","1110000"
"HISTORY","ORD000721","PENDING","1789650000000"
"ORDER","ORD000722","Pham Minh An","0942997817","5640000","1789650900000","1","PENDING"
"ITEM","ORD000722","P355","O cung HDD Seagate - Mau 355","2","1770000"
"ITEM","ORD000722","P986","RAM Kingston - Mau 986","1","1660000"
"ITEM","ORD000722","P271","Cap USB-C Ugreen - Mau 271","1","440000"
"HISTORY","ORD000722","PENDING","1789650900000"
"ORDER","ORD000723","Huynh Minh Duc","0967575885","29050000","1789651800000","1","PROCESSING"
"ITEM","ORD000723","P744","Tai nghe Sony - Mau 744","3","4440000"
"ITEM","ORD000723","P233","USB Sandisk - Mau 233","1","510000"
"ITEM","ORD000723","P256","Chuot gaming Razer - Mau 256","3","430000"
"ITEM","ORD000723","P393","USB Sandisk - Mau 393","1","90000"
"ITEM","ORD000723","P757","Ban phim gaming Corsair - Mau 757","4","3460000"
"HISTORY","ORD000723","PENDING","1789651800000"
"HISTORY","ORD000723","PROCESSING","1789655400000"
"ORDER","ORD000724","Pham Lan Chi","0932006588","2180000","1789652700000","1","PROCESSING"
"ITEM","ORD000724","P695","O cung HDD Seagate - Mau 695","1","2180000"
"HISTORY","ORD000724","PENDING","1789652700000"
"HISTORY","ORD000724","PROCESSING","1789656300000"
"ORDER","ORD000725","Hoang Huynh Khoa","0977964405","43050000","1789653600000","1","SHIPPING"
"ITEM","ORD000725","P304","Tai nghe Sony - Mau 304","2","5630000"
"ITEM","ORD000725","P344","Tai nghe Sony - Mau 344","3","6090000"
"ITEM","ORD000725","P232","Router WiFi TP-Link - Mau 232","4","2230000"
"ITEM","ORD000725","P496","Chuot gaming Razer - Mau 496","4","1150000"
"HISTORY","ORD000725","PENDING","1789653600000"
"HISTORY","ORD000725","PROCESSING","1789657200000"
"HISTORY","ORD000725","SHIPPING","1789660800000"
"ORDER","ORD000726","Hoang Minh An","0984662216","16083000","1789654500000","2","SHIPPING"
"ITEM","ORD000726","P085","SSD Samsung - Mau 085","2","1323000"
"ITEM","ORD000726","P062","Ban phim Keychron - Mau 062","3","3051000"
"ITEM","ORD000726","P736","Chuot gaming Razer - Mau 736","2","1710000"
"ITEM","ORD000726","P573","USB Sandisk - Mau 573","2","432000"
"HISTORY","ORD000726","PENDING","1789654500000"
"HISTORY","ORD000726","PROCESSING","1789658100000"
"HISTORY","ORD000726","SHIPPING","1789661700000"
"ORDER","ORD000727","Nguyen Ngoc Anh","0992902527","6070000","1789655400000","2","COMPLETED"
"ITEM","ORD000727","P301","Chuot khong day Logitech - Mau 301","1","1170000"
"ITEM","ORD000727","P148","Webcam Logitech - Mau 148","3","360000"
"ITEM","ORD000727","P558","Microphone HyperX - Mau 558","1","3820000"
"HISTORY","ORD000727","PENDING","1789655400000"
"HISTORY","ORD000727","PROCESSING","1789659000000"
"HISTORY","ORD000727","SHIPPING","1789662600000"
"HISTORY","ORD000727","COMPLETED","1789666200000"
"ORDER","ORD000728","Bui Tuan Kiet","0952516401","4160000","1789656300000","2","COMPLETED"
"ITEM","ORD000728","P158","Microphone HyperX - Mau 158","4","1040000"
"HISTORY","ORD000728","PENDING","1789656300000"
"HISTORY","ORD000728","PROCESSING","1789659900000"
"HISTORY","ORD000728","SHIPPING","1789663500000"
"HISTORY","ORD000728","COMPLETED","1789667100000"
"ORDER","ORD000729","Nguyen Bao Tran","0976603599","137910000","1789657200000","2","CANCELLED"
"ITEM","ORD000729","P849","Loa Bluetooth JBL - Mau 849","3","2280000"
"ITEM","ORD000729","P477","Ban phim gaming Corsair - Mau 477","2","760000"
"ITEM","ORD000729","P536","Chuot gaming Razer - Mau 536","3","1090000"
"ITEM","ORD000729","P027","Laptop Asus - Mau 027","4","29720000"
"ITEM","ORD000729","P010","Sac du phong Anker - Mau 010","4","1850000"
"HISTORY","ORD000729","PENDING","1789657200000"
"HISTORY","ORD000729","PROCESSING","1789660800000"
"HISTORY","ORD000729","CANCELLED","1789664400000"
"ORDER","ORD000730","Vu Bao Tran","0986814004","111410000","1789658100000","2","CANCELLED"
"ITEM","ORD000730","P926","RAM Kingston - Mau 926","3","2340000"
"ITEM","ORD000730","P960","Bo chia HDMI Ugreen - Mau 960","3","750000"
"ITEM","ORD000730","P422","Ban phim Keychron - Mau 422","3","2050000"
"ITEM","ORD000730","P225","SSD Samsung - Mau 225","3","2970000"
"ITEM","ORD000730","P467","Laptop Asus - Mau 467","4","21770000"
"HISTORY","ORD000730","PENDING","1789658100000"
"HISTORY","ORD000730","CANCELLED","1789661700000"
"ORDER","ORD000731","Tran Thu Ha","0954238353","73890000","1789659000000","3","PENDING"
"ITEM","ORD000731","P741","Chuot khong day Logitech - Mau 741","1","390000"
"ITEM","ORD000731","P1000","Bo chia HDMI Ugreen - Mau 1000","2","300000"
"ITEM","ORD000731","P707","Laptop Asus - Mau 707","2","32730000"
"ITEM","ORD000731","P917","Ban phim gaming Corsair - Mau 917","4","1860000"
"HISTORY","ORD000731","PENDING","1789659000000"
"ORDER","ORD000732","Tran Ngoc Anh","0925392745","2860000","1789659900000","3","PENDING"
"ITEM","ORD000732","P195","O cung HDD Seagate - Mau 195","2","1430000"
"HISTORY","ORD000732","PENDING","1789659900000"
"ORDER","ORD000733","Tran Lan Chi","0924471605","2600000","1789660800000","3","PROCESSING"
"ITEM","ORD000733","P434","Gia do laptop Baseus - Mau 434","4","650000"
"HISTORY","ORD000733","PENDING","1789660800000"
"HISTORY","ORD000733","PROCESSING","1789664400000"
"ORDER","ORD000734","Le Dinh Hai","0918546270","8980000","1789661700000","3","PROCESSING"
"ITEM","ORD000734","P805","SSD Samsung - Mau 805","4","1560000"
"ITEM","ORD000734","P810","Sac du phong Anker - Mau 810","3","510000"
"ITEM","ORD000734","P386","RAM Kingston - Mau 386","1","1210000"
"HISTORY","ORD000734","PENDING","1789661700000"
"HISTORY","ORD000734","PROCESSING","1789665300000"
"ORDER","ORD000735","Phan Thanh Nam","0928638730","94310000","1789662600000","3","SHIPPING"
"ITEM","ORD000735","P467","Laptop Asus - Mau 467","4","21770000"
"ITEM","ORD000735","P726","RAM Kingston - Mau 726","3","2160000"
"ITEM","ORD000735","P713","USB Sandisk - Mau 713","3","250000"
"HISTORY","ORD000735","PENDING","1789662600000"
"HISTORY","ORD000735","PROCESSING","1789666200000"
"HISTORY","ORD000735","SHIPPING","1789669800000"
"ORDER","ORD000736","Le Bao Tran","0961404194","10480000","1789663500000","1","SHIPPING"
"ITEM","ORD000736","P823","Man hinh Dell - Mau 823","3","2040000"
"ITEM","ORD000736","P695","O cung HDD Seagate - Mau 695","2","2180000"
"HISTORY","ORD000736","PENDING","1789663500000"
"HISTORY","ORD000736","PROCESSING","1789667100000"
"HISTORY","ORD000736","SHIPPING","1789670700000"
"ORDER","ORD000737","Tran Ngoc Anh","0973341461","39744000","1789664400000","1","COMPLETED"
"ITEM","ORD000737","P791","Cap USB-C Ugreen - Mau 791","3","387000"
"ITEM","ORD000737","P976","Chuot gaming Razer - Mau 976","3","1980000"
"ITEM","ORD000737","P117","Ban phim gaming Corsair - Mau 117","3","3384000"
"ITEM","ORD000737","P463","Man hinh Dell - Mau 463","3","6489000"
"ITEM","ORD000737","P446","RAM Kingston - Mau 446","4","756000"
"HISTORY","ORD000737","PENDING","1789664400000"
"HISTORY","ORD000737","PROCESSING","1789668000000"
"HISTORY","ORD000737","SHIPPING","1789671600000"
"HISTORY","ORD000737","COMPLETED","1789675200000"
"ORDER","ORD000738","Le Bao Tran","0957523974","1900000","1789665300000","1","COMPLETED"
"ITEM","ORD000738","P252","Router WiFi TP-Link - Mau 252","2","950000"
"HISTORY","ORD000738","PENDING","1789665300000"
"HISTORY","ORD000738","PROCESSING","1789668900000"
"HISTORY","ORD000738","SHIPPING","1789672500000"
"HISTORY","ORD000738","COMPLETED","1789676100000"
"ORDER","ORD000739","Nguyen Dang Khoa","0963747641","3810000","1789666200000","1","CANCELLED"
"ITEM","ORD000739","P630","Sac du phong Anker - Mau 630","3","1270000"
"HISTORY","ORD000739","PENDING","1789666200000"
"HISTORY","ORD000739","PROCESSING","1789669800000"
"HISTORY","ORD000739","CANCELLED","1789673400000"
"ORDER","ORD000740","Bui Lan Chi","0918360711","16890000","1789667100000","1","CANCELLED"
"ITEM","ORD000740","P304","Tai nghe Sony - Mau 304","3","5630000"
"HISTORY","ORD000740","PENDING","1789667100000"
"HISTORY","ORD000740","CANCELLED","1789670700000"
"ORDER","ORD000741","Tran Lan Chi","0983855202","7920000","1789668000000","2","PENDING"
"ITEM","ORD000741","P869","Loa Bluetooth JBL - Mau 869","3","1780000"
"ITEM","ORD000741","P432","Router WiFi TP-Link - Mau 432","1","2580000"
"HISTORY","ORD000741","PENDING","1789668000000"
"ORDER","ORD000742","Vu Thu Ha","0915890544","13230000","1789668900000","2","PENDING"
"ITEM","ORD000742","P864","Tai nghe Sony - Mau 864","3","460000"
"ITEM","ORD000742","P541","Chuot khong day Logitech - Mau 541","2","120000"
"ITEM","ORD000742","P924","Tai nghe Sony - Mau 924","3","3870000"
"HISTORY","ORD000742","PENDING","1789668900000"
"ORDER","ORD000743","Hoang Tuan Kiet","0978410627","90410000","1789669800000","2","PROCESSING"
"ITEM","ORD000743","P267","Laptop Asus - Mau 267","4","20290000"
"ITEM","ORD000743","P599","May in Canon - Mau 599","1","2680000"
"ITEM","ORD000743","P323","Man hinh Dell - Mau 323","1","6380000"
"ITEM","ORD000743","P731","Cap USB-C Ugreen - Mau 731","1","190000"
"HISTORY","ORD000743","PENDING","1789669800000"
"HISTORY","ORD000743","PROCESSING","1789673400000"
"ORDER","ORD000744","Huynh Minh Duc","0948016535","45590000","1789670700000","2","PROCESSING"
"ITEM","ORD000744","P667","Laptop Asus - Mau 667","1","20190000"
"ITEM","ORD000744","P063","Man hinh Dell - Mau 063","1","10740000"
"ITEM","ORD000744","P642","Ban phim Keychron - Mau 642","3","1830000"
"ITEM","ORD000744","P718","Microphone HyperX - Mau 718","2","3400000"
"ITEM","ORD000744","P154","Gia do laptop Baseus - Mau 154","3","790000"
"HISTORY","ORD000744","PENDING","1789670700000"
"HISTORY","ORD000744","PROCESSING","1789674300000"
"ORDER","ORD000745","Do Dang Khoa","0927704889","6100000","1789671600000","2","SHIPPING"
"ITEM","ORD000745","P221","Chuot khong day Logitech - Mau 221","1","550000"
"ITEM","ORD000745","P431","Cap USB-C Ugreen - Mau 431","3","110000"
"ITEM","ORD000745","P498","Microphone HyperX - Mau 498","2","2610000"
"HISTORY","ORD000745","PENDING","1789671600000"
"HISTORY","ORD000745","PROCESSING","1789675200000"
"HISTORY","ORD000745","SHIPPING","1789678800000"
"ORDER","ORD000746","Bui Huynh Khoa","0960769468","12670000","1789672500000","3","SHIPPING"
"ITEM","ORD000746","P529","Loa Bluetooth JBL - Mau 529","2","5190000"
"ITEM","ORD000746","P451","Cap USB-C Ugreen - Mau 451","2","300000"
"ITEM","ORD000746","P826","RAM Kingston - Mau 826","1","1690000"
"HISTORY","ORD000746","PENDING","1789672500000"
"HISTORY","ORD000746","PROCESSING","1789676100000"
"HISTORY","ORD000746","SHIPPING","1789679700000"
"ORDER","ORD000747","Vo Tuan Kiet","0986002914","15750000","1789673400000","3","COMPLETED"
"ITEM","ORD000747","P334","Gia do laptop Baseus - Mau 334","4","790000"
"ITEM","ORD000747","P876","Chuot gaming Razer - Mau 876","3","2340000"
"ITEM","ORD000747","P174","Gia do laptop Baseus - Mau 174","1","240000"
"ITEM","ORD000747","P329","Loa Bluetooth JBL - Mau 329","1","5330000"
"HISTORY","ORD000747","PENDING","1789673400000"
"HISTORY","ORD000747","PROCESSING","1789677000000"
"HISTORY","ORD000747","SHIPPING","1789680600000"
"HISTORY","ORD000747","COMPLETED","1789684200000"
"ORDER","ORD000748","Dang Tuan Kiet","0992191957","4185000","1789674300000","3","COMPLETED"
"ITEM","ORD000748","P506","RAM Kingston - Mau 506","3","1395000"
"HISTORY","ORD000748","PENDING","1789674300000"
"HISTORY","ORD000748","PROCESSING","1789677900000"
"HISTORY","ORD000748","SHIPPING","1789681500000"
"HISTORY","ORD000748","COMPLETED","1789685100000"
"ORDER","ORD000749","Vu Huynh Khoa","0934444851","12100000","1789675200000","3","CANCELLED"
"ITEM","ORD000749","P206","RAM Kingston - Mau 206","1","480000"
"ITEM","ORD000749","P722","Ban phim Keychron - Mau 722","1","2200000"
"ITEM","ORD000749","P995","O cung HDD Seagate - Mau 995","2","2730000"
"ITEM","ORD000749","P142","Ban phim Keychron - Mau 142","2","1980000"
"HISTORY","ORD000749","PENDING","1789675200000"
"HISTORY","ORD000749","PROCESSING","1789678800000"
"HISTORY","ORD000749","CANCELLED","1789682400000"
"ORDER","ORD000750","Tran Tuan Kiet","0997549557","1900000","1789676100000","3","CANCELLED"
"ITEM","ORD000750","P135","O cung HDD Seagate - Mau 135","1","1900000"
"HISTORY","ORD000750","PENDING","1789676100000"
"HISTORY","ORD000750","CANCELLED","1789679700000"
"ORDER","ORD000751","Le Thu Ha","0964286065","26280000","1789677000000","1","PENDING"
"ITEM","ORD000751","P860","Bo chia HDMI Ugreen - Mau 860","4","720000"
"ITEM","ORD000751","P479","May in Canon - Mau 479","3","5780000"
"ITEM","ORD000751","P030","Sac du phong Anker - Mau 030","3","1030000"
"ITEM","ORD000751","P225","SSD Samsung - Mau 225","1","2970000"
"HISTORY","ORD000751","PENDING","1789677000000"
"ORDER","ORD000752","Bui Dang Khoa","0953055939","21050000","1789677900000","1","PENDING"
"ITEM","ORD000752","P272","Router WiFi TP-Link - Mau 272","3","1060000"
"ITEM","ORD000752","P334","Gia do laptop Baseus - Mau 334","3","790000"
"ITEM","ORD000752","P990","Sac du phong Anker - Mau 990","3","260000"
"ITEM","ORD000752","P112","Router WiFi TP-Link - Mau 112","4","640000"
"ITEM","ORD000752","P322","Ban phim Keychron - Mau 322","4","3040000"
"HISTORY","ORD000752","PENDING","1789677900000"
"ORDER","ORD000753","Tran Bao Tran","0948699038","3040000","1789678800000","1","PROCESSING"
"ITEM","ORD000753","P931","Cap USB-C Ugreen - Mau 931","2","70000"
"ITEM","ORD000753","P333","USB Sandisk - Mau 333","1","620000"
"ITEM","ORD000753","P475","O cung HDD Seagate - Mau 475","1","2280000"
"HISTORY","ORD000753","PENDING","1789678800000"
"HISTORY","ORD000753","PROCESSING","1789682400000"
"ORDER","ORD000754","Vu Lan Chi","0984213903","81030000","1789679700000","1","PROCESSING"
"ITEM","ORD000754","P105","SSD Samsung - Mau 105","1","3750000"
"ITEM","ORD000754","P787","Laptop Asus - Mau 787","2","28790000"
"ITEM","ORD000754","P743","Man hinh Dell - Mau 743","1","10320000"
"ITEM","ORD000754","P926","RAM Kingston - Mau 926","3","2340000"
"ITEM","ORD000754","P208","Webcam Logitech - Mau 208","4","590000"
"HISTORY","ORD000754","PENDING","1789679700000"
"HISTORY","ORD000754","PROCESSING","1789683300000"
"ORDER","ORD000755","Dang Dang Khoa","0944531743","33600000","1789680600000","1","SHIPPING"
"ITEM","ORD000755","P454","Gia do laptop Baseus - Mau 454","4","260000"
"ITEM","ORD000755","P229","Loa Bluetooth JBL - Mau 229","2","4010000"
"ITEM","ORD000755","P105","SSD Samsung - Mau 105","2","3750000"
"ITEM","ORD000755","P347","Laptop Asus - Mau 347","1","17040000"
"HISTORY","ORD000755","PENDING","1789680600000"
"HISTORY","ORD000755","PROCESSING","1789684200000"
"HISTORY","ORD000755","SHIPPING","1789687800000"
"ORDER","ORD000756","Phan Lan Chi","0980304757","37330000","1789681500000","2","SHIPPING"
"ITEM","ORD000756","P562","Ban phim Keychron - Mau 562","4","2460000"
"ITEM","ORD000756","P864","Tai nghe Sony - Mau 864","1","460000"
"ITEM","ORD000756","P244","Tai nghe Sony - Mau 244","4","4200000"
"ITEM","ORD000756","P972","Router WiFi TP-Link - Mau 972","4","2340000"
"ITEM","ORD000756","P351","Cap USB-C Ugreen - Mau 351","3","290000"
"HISTORY","ORD000756","PENDING","1789681500000"
"HISTORY","ORD000756","PROCESSING","1789685100000"
"HISTORY","ORD000756","SHIPPING","1789688700000"
"ORDER","ORD000757","Huynh Quang Huy","0934820103","20160000","1789682400000","2","COMPLETED"
"ITEM","ORD000757","P104","Tai nghe Sony - Mau 104","4","1670000"
"ITEM","ORD000757","P828","Webcam Logitech - Mau 828","1","1240000"
"ITEM","ORD000757","P446","RAM Kingston - Mau 446","2","840000"
"ITEM","ORD000757","P579","May in Canon - Mau 579","2","2140000"
"ITEM","ORD000757","P056","Chuot gaming Razer - Mau 056","4","1570000"
"HISTORY","ORD000757","PENDING","1789682400000"
"HISTORY","ORD000757","PROCESSING","1789686000000"
"HISTORY","ORD000757","SHIPPING","1789689600000"
"HISTORY","ORD000757","COMPLETED","1789693200000"
"ORDER","ORD000758","Phan Thu Ha","0922070793","26780000","1789683300000","2","COMPLETED"
"ITEM","ORD000758","P944","Tai nghe Sony - Mau 944","2","4030000"
"ITEM","ORD000758","P966","RAM Kingston - Mau 966","1","760000"
"ITEM","ORD000758","P509","Loa Bluetooth JBL - Mau 509","4","1380000"
"ITEM","ORD000758","P836","Chuot gaming Razer - Mau 836","4","790000"
"ITEM","ORD000758","P366","RAM Kingston - Mau 366","4","2320000"
"HISTORY","ORD000758","PENDING","1789683300000"
"HISTORY","ORD000758","PROCESSING","1789686900000"
"HISTORY","ORD000758","SHIPPING","1789690500000"
"HISTORY","ORD000758","COMPLETED","1789694100000"
"ORDER","ORD000759","Dang Huynh Khoa","0996467985","4131000","1789684200000","2","CANCELLED"
"ITEM","ORD000759","P431","Cap USB-C Ugreen - Mau 431","3","99000"
"ITEM","ORD000759","P912","Router WiFi TP-Link - Mau 912","2","621000"
"ITEM","ORD000759","P860","Bo chia HDMI Ugreen - Mau 860","4","648000"
"HISTORY","ORD000759","PENDING","1789684200000"
"HISTORY","ORD000759","PROCESSING","1789687800000"
"HISTORY","ORD000759","CANCELLED","1789691400000"
"ORDER","ORD000760","Do Minh Duc","0952889084","66310000","1789685100000","2","CANCELLED"
"ITEM","ORD000760","P785","SSD Samsung - Mau 785","2","1920000"
"ITEM","ORD000760","P358","Microphone HyperX - Mau 358","2","2570000"
"ITEM","ORD000760","P587","Laptop Asus - Mau 587","3","16950000"
"ITEM","ORD000760","P488","Webcam Logitech - Mau 488","4","1620000"
"HISTORY","ORD000760","PENDING","1789685100000"
"HISTORY","ORD000760","CANCELLED","1789688700000"
"ORDER","ORD000761","Huynh Huynh Khoa","0973814019","3000000","1789686000000","3","PENDING"
"ITEM","ORD000761","P093","USB Sandisk - Mau 093","2","570000"
"ITEM","ORD000761","P773","USB Sandisk - Mau 773","2","570000"
"ITEM","ORD000761","P080","Bo chia HDMI Ugreen - Mau 080","2","360000"
"HISTORY","ORD000761","PENDING","1789686000000"
"ORDER","ORD000762","Phan Huynh Khoa","0915878770","2140000","1789686900000","3","PENDING"
"ITEM","ORD000762","P036","Chuot gaming Razer - Mau 036","1","2140000"
"HISTORY","ORD000762","PENDING","1789686900000"
"ORDER","ORD000763","Dang Tuan Kiet","0971207212","50850000","1789687800000","3","PROCESSING"
"ITEM","ORD000763","P587","Laptop Asus - Mau 587","3","16950000"
"HISTORY","ORD000763","PENDING","1789687800000"
"HISTORY","ORD000763","PROCESSING","1789691400000"
"ORDER","ORD000764","Tran Lan Chi","0925947176","11510000","1789688700000","3","PROCESSING"
"ITEM","ORD000764","P969","Loa Bluetooth JBL - Mau 969","4","2210000"
"ITEM","ORD000764","P873","USB Sandisk - Mau 873","3","590000"
"ITEM","ORD000764","P992","Router WiFi TP-Link - Mau 992","2","450000"
"HISTORY","ORD000764","PENDING","1789688700000"
"HISTORY","ORD000764","PROCESSING","1789692300000"
"ORDER","ORD000765","Le Bao Tran","0916979841","7910000","1789689600000","3","SHIPPING"
"ITEM","ORD000765","P137","Ban phim gaming Corsair - Mau 137","1","2950000"
"ITEM","ORD000765","P828","Webcam Logitech - Mau 828","2","1240000"
"ITEM","ORD000765","P661","Chuot khong day Logitech - Mau 661","2","580000"
"ITEM","ORD000765","P552","Router WiFi TP-Link - Mau 552","1","1320000"
"HISTORY","ORD000765","PENDING","1789689600000"
"HISTORY","ORD000765","PROCESSING","1789693200000"
"HISTORY","ORD000765","SHIPPING","1789696800000"
"ORDER","ORD000766","Huynh Quang Huy","0989091241","36280000","1789690500000","1","SHIPPING"
"ITEM","ORD000766","P076","Chuot gaming Razer - Mau 076","1","700000"
"ITEM","ORD000766","P243","Man hinh Dell - Mau 243","2","13020000"
"ITEM","ORD000766","P846","RAM Kingston - Mau 846","4","2220000"
"ITEM","ORD000766","P051","Cap USB-C Ugreen - Mau 051","2","330000"
"HISTORY","ORD000766","PENDING","1789690500000"
"HISTORY","ORD000766","PROCESSING","1789694100000"
"HISTORY","ORD000766","SHIPPING","1789697700000"
"ORDER","ORD000767","Tran Minh An","0919638142","6600000","1789691400000","1","COMPLETED"
"ITEM","ORD000767","P386","RAM Kingston - Mau 386","3","1210000"
"ITEM","ORD000767","P236","Chuot gaming Razer - Mau 236","2","930000"
"ITEM","ORD000767","P651","Cap USB-C Ugreen - Mau 651","3","370000"
"HISTORY","ORD000767","PENDING","1789691400000"
"HISTORY","ORD000767","PROCESSING","1789695000000"
"HISTORY","ORD000767","SHIPPING","1789698600000"
"HISTORY","ORD000767","COMPLETED","1789702200000"
"ORDER","ORD000768","Le Bao Tran","0971569445","2360000","1789692300000","1","COMPLETED"
"ITEM","ORD000768","P610","Sac du phong Anker - Mau 610","1","950000"
"ITEM","ORD000768","P618","Microphone HyperX - Mau 618","3","470000"
"HISTORY","ORD000768","PENDING","1789692300000"
"HISTORY","ORD000768","PROCESSING","1789695900000"
"HISTORY","ORD000768","SHIPPING","1789699500000"
"HISTORY","ORD000768","COMPLETED","1789703100000"
"ORDER","ORD000769","Hoang Minh An","0934763713","28420000","1789693200000","1","CANCELLED"
"ITEM","ORD000769","P354","Gia do laptop Baseus - Mau 354","1","760000"
"ITEM","ORD000769","P283","Man hinh Dell - Mau 283","3","9220000"
"HISTORY","ORD000769","PENDING","1789693200000"
"HISTORY","ORD000769","PROCESSING","1789696800000"
"HISTORY","ORD000769","CANCELLED","1789700400000"
"ORDER","ORD000770","Vo Dinh Hai","0966785268","3726000","1789694100000","1","CANCELLED"
"ITEM","ORD000770","P215","O cung HDD Seagate - Mau 215","1","1755000"
"ITEM","ORD000770","P865","SSD Samsung - Mau 865","1","1971000"
"HISTORY","ORD000770","PENDING","1789694100000"
"HISTORY","ORD000770","CANCELLED","1789697700000"
"ORDER","ORD000771","Hoang Lan Chi","0946062455","4890000","1789695000000","2","PENDING"
"ITEM","ORD000771","P008","Webcam Logitech - Mau 008","3","1630000"
"HISTORY","ORD000771","PENDING","1789695000000"
"ORDER","ORD000772","Hoang Quang Huy","0964478600","14380000","1789695900000","2","PENDING"
"ITEM","ORD000772","P152","Router WiFi TP-Link - Mau 152","3","2580000"
"ITEM","ORD000772","P655","O cung HDD Seagate - Mau 655","2","2250000"
"ITEM","ORD000772","P962","Ban phim Keychron - Mau 962","2","1070000"
"HISTORY","ORD000772","PENDING","1789695900000"
"ORDER","ORD000773","Vu Quang Huy","0998698554","19610000","1789696800000","2","PROCESSING"
"ITEM","ORD000773","P448","Webcam Logitech - Mau 448","2","1590000"
"ITEM","ORD000773","P530","Sac du phong Anker - Mau 530","4","860000"
"ITEM","ORD000773","P364","Tai nghe Sony - Mau 364","1","5980000"
"ITEM","ORD000773","P679","May in Canon - Mau 679","1","1690000"
"ITEM","ORD000773","P009","Loa Bluetooth JBL - Mau 009","2","2660000"
"HISTORY","ORD000773","PENDING","1789696800000"
"HISTORY","ORD000773","PROCESSING","1789700400000"
"ORDER","ORD000774","Dang Lan Chi","0937281228","23380000","1789697700000","2","PROCESSING"
"ITEM","ORD000774","P729","Loa Bluetooth JBL - Mau 729","2","2210000"
"ITEM","ORD000774","P139","May in Canon - Mau 139","4","3970000"
"ITEM","ORD000774","P925","SSD Samsung - Mau 925","1","3080000"
"HISTORY","ORD000774","PENDING","1789697700000"
"HISTORY","ORD000774","PROCESSING","1789701300000"
"ORDER","ORD000775","Bui Minh Duc","0957823062","44580000","1789698600000","2","SHIPPING"
"ITEM","ORD000775","P100","Bo chia HDMI Ugreen - Mau 100","1","220000"
"ITEM","ORD000775","P299","May in Canon - Mau 299","4","7750000"
"ITEM","ORD000775","P499","May in Canon - Mau 499","2","6680000"
"HISTORY","ORD000775","PENDING","1789698600000"
"HISTORY","ORD000775","PROCESSING","1789702200000"
"HISTORY","ORD000775","SHIPPING","1789705800000"
"ORDER","ORD000776","Dang Tuan Kiet","0951269135","7540000","1789699500000","3","SHIPPING"
"ITEM","ORD000776","P453","USB Sandisk - Mau 453","3","300000"
"ITEM","ORD000776","P925","SSD Samsung - Mau 925","1","3080000"
"ITEM","ORD000776","P749","Loa Bluetooth JBL - Mau 749","1","3180000"
"ITEM","ORD000776","P953","USB Sandisk - Mau 953","2","190000"
"HISTORY","ORD000776","PENDING","1789699500000"
"HISTORY","ORD000776","PROCESSING","1789703100000"
"HISTORY","ORD000776","SHIPPING","1789706700000"
"ORDER","ORD000777","Huynh Lan Chi","0965949432","880000","1789700400000","3","COMPLETED"
"ITEM","ORD000777","P811","Cap USB-C Ugreen - Mau 811","2","440000"
"HISTORY","ORD000777","PENDING","1789700400000"
"HISTORY","ORD000777","PROCESSING","1789704000000"
"HISTORY","ORD000777","SHIPPING","1789707600000"
"HISTORY","ORD000777","COMPLETED","1789711200000"
"ORDER","ORD000778","Le Bao Tran","0993460834","19380000","1789701300000","3","COMPLETED"
"ITEM","ORD000778","P074","Gia do laptop Baseus - Mau 074","4","450000"
"ITEM","ORD000778","P537","Ban phim gaming Corsair - Mau 537","1","3780000"
"ITEM","ORD000778","P126","RAM Kingston - Mau 126","4","2300000"
"ITEM","ORD000778","P639","May in Canon - Mau 639","2","2300000"
"HISTORY","ORD000778","PENDING","1789701300000"
"HISTORY","ORD000778","PROCESSING","1789704900000"
"HISTORY","ORD000778","SHIPPING","1789708500000"
"HISTORY","ORD000778","COMPLETED","1789712100000"
"ORDER","ORD000779","Dang Huynh Khoa","0971352451","16600000","1789702200000","3","CANCELLED"
"ITEM","ORD000779","P598","Microphone HyperX - Mau 598","3","2540000"
"ITEM","ORD000779","P285","SSD Samsung - Mau 285","2","4490000"
"HISTORY","ORD000779","PENDING","1789702200000"
"HISTORY","ORD000779","PROCESSING","1789705800000"
"HISTORY","ORD000779","CANCELLED","1789709400000"
"ORDER","ORD000780","Tran Quang Huy","0944018479","12160000","1789703100000","3","CANCELLED"
"ITEM","ORD000780","P322","Ban phim Keychron - Mau 322","4","3040000"
"HISTORY","ORD000780","PENDING","1789703100000"
"HISTORY","ORD000780","CANCELLED","1789706700000"
"ORDER","ORD000781","Dang Dang Khoa","0940049461","6732000","1789704000000","1","PENDING"
"ITEM","ORD000781","P461","Chuot khong day Logitech - Mau 461","1","378000"
"ITEM","ORD000781","P046","RAM Kingston - Mau 046","2","801000"
"ITEM","ORD000781","P406","RAM Kingston - Mau 406","4","693000"
"ITEM","ORD000781","P976","Chuot gaming Razer - Mau 976","1","1980000"
"HISTORY","ORD000781","PENDING","1789704000000"
"ORDER","ORD000782","Tran Ngoc Anh","0936585590","10590000","1789704900000","1","PENDING"
"ITEM","ORD000782","P490","Sac du phong Anker - Mau 490","2","850000"
"ITEM","ORD000782","P545","SSD Samsung - Mau 545","4","1800000"
"ITEM","ORD000782","P771","Cap USB-C Ugreen - Mau 771","2","300000"
"ITEM","ORD000782","P095","O cung HDD Seagate - Mau 095","1","1090000"
"HISTORY","ORD000782","PENDING","1789704900000"
"ORDER","ORD000783","Nguyen Quang Huy","0981398856","8920000","1789705800000","1","PROCESSING"
"ITEM","ORD000783","P752","Router WiFi TP-Link - Mau 752","4","2230000"
"HISTORY","ORD000783","PENDING","1789705800000"
"HISTORY","ORD000783","PROCESSING","1789709400000"
"ORDER","ORD000784","Vu Huynh Khoa","0966304385","18720000","1789706700000","1","PROCESSING"
"ITEM","ORD000784","P528","Webcam Logitech - Mau 528","1","980000"
"ITEM","ORD000784","P192","Router WiFi TP-Link - Mau 192","4","2770000"
"ITEM","ORD000784","P066","RAM Kingston - Mau 066","3","2220000"
"HISTORY","ORD000784","PENDING","1789706700000"
"HISTORY","ORD000784","PROCESSING","1789710300000"
"ORDER","ORD000785","Hoang Thu Ha","0995428651","5880000","1789707600000","1","SHIPPING"
"ITEM","ORD000785","P915","O cung HDD Seagate - Mau 915","3","1960000"
"HISTORY","ORD000785","PENDING","1789707600000"
"HISTORY","ORD000785","PROCESSING","1789711200000"
"HISTORY","ORD000785","SHIPPING","1789714800000"
"ORDER","ORD000786","Pham Tuan Kiet","0978160603","24300000","1789708500000","2","SHIPPING"
"ITEM","ORD000786","P304","Tai nghe Sony - Mau 304","2","5630000"
"ITEM","ORD000786","P516","Chuot gaming Razer - Mau 516","4","2310000"
"ITEM","ORD000786","P642","Ban phim Keychron - Mau 642","2","1830000"
"ITEM","ORD000786","P591","Cap USB-C Ugreen - Mau 591","2","70000"
"HISTORY","ORD000786","PENDING","1789708500000"
"HISTORY","ORD000786","PROCESSING","1789712100000"
"HISTORY","ORD000786","SHIPPING","1789715700000"
"ORDER","ORD000787","Do Quang Huy","0987543159","14470000","1789709400000","2","COMPLETED"
"ITEM","ORD000787","P416","Chuot gaming Razer - Mau 416","3","440000"
"ITEM","ORD000787","P770","Sac du phong Anker - Mau 770","4","1660000"
"ITEM","ORD000787","P296","Chuot gaming Razer - Mau 296","3","2170000"
"HISTORY","ORD000787","PENDING","1789709400000"
"HISTORY","ORD000787","PROCESSING","1789713000000"
"HISTORY","ORD000787","SHIPPING","1789716600000"
"HISTORY","ORD000787","COMPLETED","1789720200000"
"ORDER","ORD000788","Nguyen Tuan Kiet","0970096387","810000","1789710300000","2","COMPLETED"
"ITEM","ORD000788","P540","Bo chia HDMI Ugreen - Mau 540","1","810000"
"HISTORY","ORD000788","PENDING","1789710300000"
"HISTORY","ORD000788","PROCESSING","1789713900000"
"HISTORY","ORD000788","SHIPPING","1789717500000"
"HISTORY","ORD000788","COMPLETED","1789721100000"
"ORDER","ORD000789","Vu Dang Khoa","0956341300","8040000","1789711200000","2","CANCELLED"
"ITEM","ORD000789","P599","May in Canon - Mau 599","3","2680000"
"HISTORY","ORD000789","PENDING","1789711200000"
"HISTORY","ORD000789","PROCESSING","1789714800000"
"HISTORY","ORD000789","CANCELLED","1789718400000"
"ORDER","ORD000790","Dang Quang Huy","0932194775","10170000","1789712100000","2","CANCELLED"
"ITEM","ORD000790","P705","SSD Samsung - Mau 705","2","4470000"
"ITEM","ORD000790","P920","Bo chia HDMI Ugreen - Mau 920","1","250000"
"ITEM","ORD000790","P375","O cung HDD Seagate - Mau 375","1","980000"
"HISTORY","ORD000790","PENDING","1789712100000"
"HISTORY","ORD000790","CANCELLED","1789715700000"
"ORDER","ORD000791","Le Thanh Nam","0915795875","232160000","1789713000000","3","PENDING"
"ITEM","ORD000791","P807","Laptop Asus - Mau 807","4","31670000"
"ITEM","ORD000791","P779","May in Canon - Mau 779","4","7210000"
"ITEM","ORD000791","P607","Laptop Asus - Mau 607","4","19160000"
"HISTORY","ORD000791","PENDING","1789713000000"
"ORDER","ORD000792","Phan Dinh Hai","0952534288","9018000","1789713900000","3","PENDING"
"ITEM","ORD000792","P300","Bo chia HDMI Ugreen - Mau 300","3","594000"
"ITEM","ORD000792","P599","May in Canon - Mau 599","3","2412000"
"HISTORY","ORD000792","PENDING","1789713900000"
"ORDER","ORD000793","Tran Ngoc Anh","0913706625","13970000","1789714800000","3","PROCESSING"
"ITEM","ORD000793","P542","Ban phim Keychron - Mau 542","3","980000"
"ITEM","ORD000793","P949","Loa Bluetooth JBL - Mau 949","1","4140000"
"ITEM","ORD000793","P630","Sac du phong Anker - Mau 630","3","1270000"
"ITEM","ORD000793","P234","Gia do laptop Baseus - Mau 234","4","770000"
"HISTORY","ORD000793","PENDING","1789714800000"
"HISTORY","ORD000793","PROCESSING","1789718400000"
"ORDER","ORD000794","Nguyen Minh Duc","0983139076","40340000","1789715700000","3","PROCESSING"
"ITEM","ORD000794","P593","USB Sandisk - Mau 593","2","530000"
"ITEM","ORD000794","P747","Laptop Asus - Mau 747","2","17900000"
"ITEM","ORD000794","P631","Cap USB-C Ugreen - Mau 631","4","300000"
"ITEM","ORD000794","P475","O cung HDD Seagate - Mau 475","1","2280000"
"HISTORY","ORD000794","PENDING","1789715700000"
"HISTORY","ORD000794","PROCESSING","1789719300000"
"ORDER","ORD000795","Vo Thanh Nam","0987988200","36640000","1789716600000","3","SHIPPING"
"ITEM","ORD000795","P103","Man hinh Dell - Mau 103","4","9160000"
"HISTORY","ORD000795","PENDING","1789716600000"
"HISTORY","ORD000795","PROCESSING","1789720200000"
"HISTORY","ORD000795","SHIPPING","1789723800000"
"ORDER","ORD000796","Phan Minh An","0919660576","11540000","1789717500000","1","SHIPPING"
"ITEM","ORD000796","P956","Chuot gaming Razer - Mau 956","2","1270000"
"ITEM","ORD000796","P669","Loa Bluetooth JBL - Mau 669","3","2530000"
"ITEM","ORD000796","P041","Chuot khong day Logitech - Mau 041","3","370000"
"ITEM","ORD000796","P771","Cap USB-C Ugreen - Mau 771","1","300000"
"HISTORY","ORD000796","PENDING","1789717500000"
"HISTORY","ORD000796","PROCESSING","1789721100000"
"HISTORY","ORD000796","SHIPPING","1789724700000"
"ORDER","ORD000797","Tran Quang Huy","0957116204","13120000","1789718400000","1","COMPLETED"
"ITEM","ORD000797","P086","RAM Kingston - Mau 086","4","2550000"
"ITEM","ORD000797","P981","Chuot khong day Logitech - Mau 981","4","140000"
"ITEM","ORD000797","P210","Sac du phong Anker - Mau 210","2","1180000"
"HISTORY","ORD000797","PENDING","1789718400000"
"HISTORY","ORD000797","PROCESSING","1789722000000"
"HISTORY","ORD000797","SHIPPING","1789725600000"
"HISTORY","ORD000797","COMPLETED","1789729200000"
"ORDER","ORD000798","Phan Huynh Khoa","0977252354","11150000","1789719300000","1","COMPLETED"
"ITEM","ORD000798","P789","Loa Bluetooth JBL - Mau 789","1","890000"
"ITEM","ORD000798","P113","USB Sandisk - Mau 113","1","400000"
"ITEM","ORD000798","P065","SSD Samsung - Mau 065","1","3240000"
"ITEM","ORD000798","P933","USB Sandisk - Mau 933","2","170000"
"ITEM","ORD000798","P352","Router WiFi TP-Link - Mau 352","2","3140000"
"HISTORY","ORD000798","PENDING","1789719300000"
"HISTORY","ORD000798","PROCESSING","1789722900000"
"HISTORY","ORD000798","SHIPPING","1789726500000"
"HISTORY","ORD000798","COMPLETED","1789730100000"
"ORDER","ORD000799","Nguyen Dang Khoa","0947974289","10140000","1789720200000","1","CANCELLED"
"ITEM","ORD000799","P041","Chuot khong day Logitech - Mau 041","2","370000"
"ITEM","ORD000799","P276","Chuot gaming Razer - Mau 276","4","2350000"
"HISTORY","ORD000799","PENDING","1789720200000"
"HISTORY","ORD000799","PROCESSING","1789723800000"
"HISTORY","ORD000799","CANCELLED","1789727400000"
"ORDER","ORD000800","Tran Bao Tran","0992295107","2760000","1789721100000","1","CANCELLED"
"ITEM","ORD000800","P401","Chuot khong day Logitech - Mau 401","2","140000"
"ITEM","ORD000800","P333","USB Sandisk - Mau 333","4","620000"
"HISTORY","ORD000800","PENDING","1789721100000"
"HISTORY","ORD000800","CANCELLED","1789724700000"
"ORDER","ORD000801","Pham Minh An","0998198962","35730000","1789722000000","2","PENDING"
"ITEM","ORD000801","P009","Loa Bluetooth JBL - Mau 009","4","2660000"
"ITEM","ORD000801","P255","O cung HDD Seagate - Mau 255","4","1420000"
"ITEM","ORD000801","P125","SSD Samsung - Mau 125","3","2710000"
"ITEM","ORD000801","P742","Ban phim Keychron - Mau 742","4","2820000"
"HISTORY","ORD000801","PENDING","1789722000000"
"ORDER","ORD000802","Huynh Thanh Nam","0941270611","31950000","1789722900000","2","PENDING"
"ITEM","ORD000802","P944","Tai nghe Sony - Mau 944","3","4030000"
"ITEM","ORD000802","P715","O cung HDD Seagate - Mau 715","2","2720000"
"ITEM","ORD000802","P524","Tai nghe Sony - Mau 524","2","6550000"
"ITEM","ORD000802","P416","Chuot gaming Razer - Mau 416","3","440000"
"HISTORY","ORD000802","PENDING","1789722900000"
"ORDER","ORD000803","Nguyen Huynh Khoa","0939431272","24921000","1789723800000","2","PROCESSING"
"ITEM","ORD000803","P597","Ban phim gaming Corsair - Mau 597","3","522000"
"ITEM","ORD000803","P899","May in Canon - Mau 899","1","7146000"
"ITEM","ORD000803","P803","Man hinh Dell - Mau 803","2","6651000"
"ITEM","ORD000803","P045","SSD Samsung - Mau 045","1","450000"
"ITEM","ORD000803","P138","Microphone HyperX - Mau 138","3","819000"
"HISTORY","ORD000803","PENDING","1789723800000"
"HISTORY","ORD000803","PROCESSING","1789727400000"
"ORDER","ORD000804","Huynh Ngoc Anh","0997136060","6960000","1789724700000","2","PROCESSING"
"ITEM","ORD000804","P249","Loa Bluetooth JBL - Mau 249","1","3900000"
"ITEM","ORD000804","P549","Loa Bluetooth JBL - Mau 549","1","3060000"
"HISTORY","ORD000804","PENDING","1789724700000"
"HISTORY","ORD000804","PROCESSING","1789728300000"
"ORDER","ORD000805","Hoang Quang Huy","0958051789","1680000","1789725600000","2","SHIPPING"
"ITEM","ORD000805","P682","Ban phim Keychron - Mau 682","1","1680000"
"HISTORY","ORD000805","PENDING","1789725600000"
"HISTORY","ORD000805","PROCESSING","1789729200000"
"HISTORY","ORD000805","SHIPPING","1789732800000"
"ORDER","ORD000806","Vo Ngoc Anh","0915111973","5620000","1789726500000","3","SHIPPING"
"ITEM","ORD000806","P917","Ban phim gaming Corsair - Mau 917","1","1860000"
"ITEM","ORD000806","P594","Gia do laptop Baseus - Mau 594","2","470000"
"ITEM","ORD000806","P600","Bo chia HDMI Ugreen - Mau 600","2","780000"
"ITEM","ORD000806","P471","Cap USB-C Ugreen - Mau 471","3","420000"
"HISTORY","ORD000806","PENDING","1789726500000"
"HISTORY","ORD000806","PROCESSING","1789730100000"
"HISTORY","ORD000806","SHIPPING","1789733700000"
"ORDER","ORD000807","Huynh Tuan Kiet","0974941188","7860000","1789727400000","3","COMPLETED"
"ITEM","ORD000807","P755","O cung HDD Seagate - Mau 755","2","2080000"
"ITEM","ORD000807","P772","Router WiFi TP-Link - Mau 772","4","890000"
"ITEM","ORD000807","P401","Chuot khong day Logitech - Mau 401","1","140000"
"HISTORY","ORD000807","PENDING","1789727400000"
"HISTORY","ORD000807","PROCESSING","1789731000000"
"HISTORY","ORD000807","SHIPPING","1789734600000"
"HISTORY","ORD000807","COMPLETED","1789738200000"
"ORDER","ORD000808","Huynh Quang Huy","0972988257","5190000","1789728300000","3","COMPLETED"
"ITEM","ORD000808","P033","USB Sandisk - Mau 033","4","190000"
"ITEM","ORD000808","P945","SSD Samsung - Mau 945","1","4430000"
"HISTORY","ORD000808","PENDING","1789728300000"
"HISTORY","ORD000808","PROCESSING","1789731900000"
"HISTORY","ORD000808","SHIPPING","1789735500000"
"HISTORY","ORD000808","COMPLETED","1789739100000"
"ORDER","ORD000809","Vo Thanh Nam","0950400015","3890000","1789729200000","3","CANCELLED"
"ITEM","ORD000809","P456","Chuot gaming Razer - Mau 456","1","2000000"
"ITEM","ORD000809","P660","Bo chia HDMI Ugreen - Mau 660","3","430000"
"ITEM","ORD000809","P453","USB Sandisk - Mau 453","2","300000"
"HISTORY","ORD000809","PENDING","1789729200000"
"HISTORY","ORD000809","PROCESSING","1789732800000"
"HISTORY","ORD000809","CANCELLED","1789736400000"
"ORDER","ORD000810","Vo Bao Tran","0971315460","19590000","1789730100000","3","CANCELLED"
"ITEM","ORD000810","P892","Router WiFi TP-Link - Mau 892","2","780000"
"ITEM","ORD000810","P559","May in Canon - Mau 559","1","4060000"
"ITEM","ORD000810","P596","Chuot gaming Razer - Mau 596","3","1090000"
"ITEM","ORD000810","P131","Cap USB-C Ugreen - Mau 131","2","290000"
"ITEM","ORD000810","P595","O cung HDD Seagate - Mau 595","4","2530000"
"HISTORY","ORD000810","PENDING","1789730100000"
"HISTORY","ORD000810","CANCELLED","1789733700000"
"ORDER","ORD000811","Pham Huynh Khoa","0946047270","5240000","1789731000000","1","PENDING"
"ITEM","ORD000811","P459","May in Canon - Mau 459","2","2620000"
"HISTORY","ORD000811","PENDING","1789731000000"
"ORDER","ORD000812","Vo Thanh Nam","0933322849","7900000","1789731900000","1","PENDING"
"ITEM","ORD000812","P156","Chuot gaming Razer - Mau 156","2","390000"
"ITEM","ORD000812","P309","Loa Bluetooth JBL - Mau 309","2","3560000"
"HISTORY","ORD000812","PENDING","1789731900000"
"ORDER","ORD000813","Hoang Thanh Nam","0995747186","102120000","1789732800000","1","PROCESSING"
"ITEM","ORD000813","P427","Laptop Asus - Mau 427","4","25530000"
"HISTORY","ORD000813","PENDING","1789732800000"
"HISTORY","ORD000813","PROCESSING","1789736400000"
"ORDER","ORD000814","Do Huynh Khoa","0929274364","2646000","1789733700000","1","PROCESSING"
"ITEM","ORD000814","P275","O cung HDD Seagate - Mau 275","3","882000"
"HISTORY","ORD000814","PENDING","1789733700000"
"HISTORY","ORD000814","PROCESSING","1789737300000"
"ORDER","ORD000815","Bui Bao Tran","0921906625","3100000","1789734600000","1","SHIPPING"
"ITEM","ORD000815","P610","Sac du phong Anker - Mau 610","2","950000"
"ITEM","ORD000815","P813","USB Sandisk - Mau 813","3","400000"
"HISTORY","ORD000815","PENDING","1789734600000"
"HISTORY","ORD000815","PROCESSING","1789738200000"
"HISTORY","ORD000815","SHIPPING","1789741800000"
"ORDER","ORD000816","Pham Minh An","0941499396","8350000","1789735500000","2","SHIPPING"
"ITEM","ORD000816","P990","Sac du phong Anker - Mau 990","4","260000"
"ITEM","ORD000816","P313","USB Sandisk - Mau 313","1","590000"
"ITEM","ORD000816","P228","Webcam Logitech - Mau 228","3","2240000"
"HISTORY","ORD000816","PENDING","1789735500000"
"HISTORY","ORD000816","PROCESSING","1789739100000"
"HISTORY","ORD000816","SHIPPING","1789742700000"
"ORDER","ORD000817","Do Ngoc Anh","0968334138","810000","1789736400000","2","COMPLETED"
"ITEM","ORD000817","P701","Chuot khong day Logitech - Mau 701","1","810000"
"HISTORY","ORD000817","PENDING","1789736400000"
"HISTORY","ORD000817","PROCESSING","1789740000000"
"HISTORY","ORD000817","SHIPPING","1789743600000"
"HISTORY","ORD000817","COMPLETED","1789747200000"
"ORDER","ORD000818","Hoang Dang Khoa","0986422694","25850000","1789737300000","2","COMPLETED"
"ITEM","ORD000818","P602","Ban phim Keychron - Mau 602","3","1870000"
"ITEM","ORD000818","P928","Webcam Logitech - Mau 928","4","1870000"
"ITEM","ORD000818","P152","Router WiFi TP-Link - Mau 152","4","2580000"
"ITEM","ORD000818","P302","Ban phim Keychron - Mau 302","2","1000000"
"ITEM","ORD000818","P073","USB Sandisk - Mau 073","4","110000"
"HISTORY","ORD000818","PENDING","1789737300000"
"HISTORY","ORD000818","PROCESSING","1789740900000"
"HISTORY","ORD000818","SHIPPING","1789744500000"
"HISTORY","ORD000818","COMPLETED","1789748100000"
"ORDER","ORD000819","Do Dinh Hai","0977030256","15210000","1789738200000","2","CANCELLED"
"ITEM","ORD000819","P898","Microphone HyperX - Mau 898","3","3560000"
"ITEM","ORD000819","P237","Ban phim gaming Corsair - Mau 237","2","1630000"
"ITEM","ORD000819","P956","Chuot gaming Razer - Mau 956","1","1270000"
"HISTORY","ORD000819","PENDING","1789738200000"
"HISTORY","ORD000819","PROCESSING","1789741800000"
"HISTORY","ORD000819","CANCELLED","1789745400000"
"ORDER","ORD000820","Pham Minh Duc","0967262170","42700000","1789739100000","2","CANCELLED"
"ITEM","ORD000820","P259","May in Canon - Mau 259","2","8000000"
"ITEM","ORD000820","P383","Man hinh Dell - Mau 383","3","8900000"
"HISTORY","ORD000820","PENDING","1789739100000"
"HISTORY","ORD000820","CANCELLED","1789742700000"
"ORDER","ORD000821","Bui Dinh Hai","0938867328","37600000","1789740000000","3","PENDING"
"ITEM","ORD000821","P419","May in Canon - Mau 419","4","7040000"
"ITEM","ORD000821","P909","Loa Bluetooth JBL - Mau 909","1","1650000"
"ITEM","ORD000821","P500","Bo chia HDMI Ugreen - Mau 500","3","820000"
"ITEM","ORD000821","P329","Loa Bluetooth JBL - Mau 329","1","5330000"
"HISTORY","ORD000821","PENDING","1789740000000"
"ORDER","ORD000822","Huynh Quang Huy","0918042553","790000","1789740900000","3","PENDING"
"ITEM","ORD000822","P334","Gia do laptop Baseus - Mau 334","1","790000"
"HISTORY","ORD000822","PENDING","1789740900000"
"ORDER","ORD000823","Hoang Bao Tran","0928054335","34580000","1789741800000","3","PROCESSING"
"ITEM","ORD000823","P904","Tai nghe Sony - Mau 904","4","4780000"
"ITEM","ORD000823","P007","Laptop Asus - Mau 007","1","14700000"
"ITEM","ORD000823","P733","USB Sandisk - Mau 733","4","190000"
"HISTORY","ORD000823","PENDING","1789741800000"
"HISTORY","ORD000823","PROCESSING","1789745400000"
"ORDER","ORD000824","Nguyen Thanh Nam","0951137682","6220000","1789742700000","3","PROCESSING"
"ITEM","ORD000824","P755","O cung HDD Seagate - Mau 755","2","2080000"
"ITEM","ORD000824","P350","Sac du phong Anker - Mau 350","1","1410000"
"ITEM","ORD000824","P626","RAM Kingston - Mau 626","1","650000"
"HISTORY","ORD000824","PENDING","1789742700000"
"HISTORY","ORD000824","PROCESSING","1789746300000"
"ORDER","ORD000825","Nguyen Minh An","0913069348","61461000","1789743600000","3","SHIPPING"
"ITEM","ORD000825","P642","Ban phim Keychron - Mau 642","1","1647000"
"ITEM","ORD000825","P847","Laptop Asus - Mau 847","2","22725000"
"ITEM","ORD000825","P272","Router WiFi TP-Link - Mau 272","2","954000"
"ITEM","ORD000825","P503","Man hinh Dell - Mau 503","1","12456000"
"HISTORY","ORD000825","PENDING","1789743600000"
"HISTORY","ORD000825","PROCESSING","1789747200000"
"HISTORY","ORD000825","SHIPPING","1789750800000"
"ORDER","ORD000826","Vo Thu Ha","0973664450","66040000","1789744500000","1","SHIPPING"
"ITEM","ORD000826","P897","Ban phim gaming Corsair - Mau 897","4","4480000"
"ITEM","ORD000826","P008","Webcam Logitech - Mau 008","3","1630000"
"ITEM","ORD000826","P945","SSD Samsung - Mau 945","1","4430000"
"ITEM","ORD000826","P963","Man hinh Dell - Mau 963","2","11900000"
"ITEM","ORD000826","P105","SSD Samsung - Mau 105","4","3750000"
"HISTORY","ORD000826","PENDING","1789744500000"
"HISTORY","ORD000826","PROCESSING","1789748100000"
"HISTORY","ORD000826","SHIPPING","1789751700000"
"ORDER","ORD000827","Vo Quang Huy","0910662611","100800000","1789745400000","1","COMPLETED"
"ITEM","ORD000827","P219","May in Canon - Mau 219","3","2080000"
"ITEM","ORD000827","P747","Laptop Asus - Mau 747","4","17900000"
"ITEM","ORD000827","P379","May in Canon - Mau 379","4","2400000"
"ITEM","ORD000827","P365","SSD Samsung - Mau 365","4","3340000"
"HISTORY","ORD000827","PENDING","1789745400000"
"HISTORY","ORD000827","PROCESSING","1789749000000"
"HISTORY","ORD000827","SHIPPING","1789752600000"
"HISTORY","ORD000827","COMPLETED","1789756200000"
"ORDER","ORD000828","Dang Quang Huy","0947291270","4740000","1789746300000","1","COMPLETED"
"ITEM","ORD000828","P342","Ban phim Keychron - Mau 342","3","1580000"
"HISTORY","ORD000828","PENDING","1789746300000"
"HISTORY","ORD000828","PROCESSING","1789749900000"
"HISTORY","ORD000828","SHIPPING","1789753500000"
"HISTORY","ORD000828","COMPLETED","1789757100000"
"ORDER","ORD000829","Pham Quang Huy","0992428391","22940000","1789747200000","1","CANCELLED"
"ITEM","ORD000829","P462","Ban phim Keychron - Mau 462","4","1630000"
"ITEM","ORD000829","P932","Router WiFi TP-Link - Mau 932","1","3200000"
"ITEM","ORD000829","P231","Cap USB-C Ugreen - Mau 231","1","130000"
"ITEM","ORD000829","P045","SSD Samsung - Mau 045","2","500000"
"ITEM","ORD000829","P944","Tai nghe Sony - Mau 944","3","4030000"
"HISTORY","ORD000829","PENDING","1789747200000"
"HISTORY","ORD000829","PROCESSING","1789750800000"
"HISTORY","ORD000829","CANCELLED","1789754400000"
"ORDER","ORD000830","Vo Minh Duc","0959786454","12400000","1789748100000","1","CANCELLED"
"ITEM","ORD000830","P057","Ban phim gaming Corsair - Mau 057","1","4180000"
"ITEM","ORD000830","P432","Router WiFi TP-Link - Mau 432","3","2580000"
"ITEM","ORD000830","P054","Gia do laptop Baseus - Mau 054","2","240000"
"HISTORY","ORD000830","PENDING","1789748100000"
"HISTORY","ORD000830","CANCELLED","1789751700000"
"ORDER","ORD000831","Dang Minh An","0983127412","5730000","1789749000000","2","PENDING"
"ITEM","ORD000831","P672","Router WiFi TP-Link - Mau 672","3","1910000"
"HISTORY","ORD000831","PENDING","1789749000000"
"ORDER","ORD000832","Vo Thu Ha","0951954342","17340000","1789749900000","2","PENDING"
"ITEM","ORD000832","P723","Man hinh Dell - Mau 723","4","1890000"
"ITEM","ORD000832","P495","O cung HDD Seagate - Mau 495","1","2380000"
"ITEM","ORD000832","P775","O cung HDD Seagate - Mau 775","2","2140000"
"ITEM","ORD000832","P690","Sac du phong Anker - Mau 690","4","780000"
"HISTORY","ORD000832","PENDING","1789749900000"
"ORDER","ORD000833","Nguyen Huynh Khoa","0987672589","24410000","1789750800000","2","PROCESSING"
"ITEM","ORD000833","P109","Loa Bluetooth JBL - Mau 109","3","6430000"
"ITEM","ORD000833","P110","Sac du phong Anker - Mau 110","4","390000"
"ITEM","ORD000833","P145","SSD Samsung - Mau 145","4","890000"
"HISTORY","ORD000833","PENDING","1789750800000"
"HISTORY","ORD000833","PROCESSING","1789754400000"
"ORDER","ORD000834","Pham Dinh Hai","0970662271","12040000","1789751700000","2","PROCESSING"
"ITEM","ORD000834","P158","Microphone HyperX - Mau 158","2","1040000"
"ITEM","ORD000834","P700","Bo chia HDMI Ugreen - Mau 700","2","530000"
"ITEM","ORD000834","P878","Microphone HyperX - Mau 878","2","2010000"
"ITEM","ORD000834","P256","Chuot gaming Razer - Mau 256","2","430000"
"ITEM","ORD000834","P575","O cung HDD Seagate - Mau 575","2","2010000"
"HISTORY","ORD000834","PENDING","1789751700000"
"HISTORY","ORD000834","PROCESSING","1789755300000"
"ORDER","ORD000835","Vu Minh Duc","0999032436","32410000","1789752600000","2","SHIPPING"
"ITEM","ORD000835","P867","Laptop Asus - Mau 867","1","28210000"
"ITEM","ORD000835","P979","May in Canon - Mau 979","1","4200000"
"HISTORY","ORD000835","PENDING","1789752600000"
"HISTORY","ORD000835","PROCESSING","1789756200000"
"HISTORY","ORD000835","SHIPPING","1789759800000"
"ORDER","ORD000836","Le Thu Ha","0961483140","36972000","1789753500000","3","SHIPPING"
"ITEM","ORD000836","P558","Microphone HyperX - Mau 558","4","3438000"
"ITEM","ORD000836","P448","Webcam Logitech - Mau 448","4","1431000"
"ITEM","ORD000836","P023","Man hinh Dell - Mau 023","4","1773000"
"ITEM","ORD000836","P704","Tai nghe Sony - Mau 704","2","5202000"
"HISTORY","ORD000836","PENDING","1789753500000"
"HISTORY","ORD000836","PROCESSING","1789757100000"
"HISTORY","ORD000836","SHIPPING","1789760700000"
"ORDER","ORD000837","Vu Ngoc Anh","0934374209","18590000","1789754400000","3","COMPLETED"
"ITEM","ORD000837","P194","Gia do laptop Baseus - Mau 194","4","330000"
"ITEM","ORD000837","P323","Man hinh Dell - Mau 323","2","6380000"
"ITEM","ORD000837","P309","Loa Bluetooth JBL - Mau 309","1","3560000"
"ITEM","ORD000837","P252","Router WiFi TP-Link - Mau 252","1","950000"
"HISTORY","ORD000837","PENDING","1789754400000"
"HISTORY","ORD000837","PROCESSING","1789758000000"
"HISTORY","ORD000837","SHIPPING","1789761600000"
"HISTORY","ORD000837","COMPLETED","1789765200000"
"ORDER","ORD000838","Nguyen Minh Duc","0917848535","23430000","1789755300000","3","COMPLETED"
"ITEM","ORD000838","P370","Sac du phong Anker - Mau 370","1","830000"
"ITEM","ORD000838","P117","Ban phim gaming Corsair - Mau 117","3","3760000"
"ITEM","ORD000838","P026","RAM Kingston - Mau 026","2","1620000"
"ITEM","ORD000838","P188","Webcam Logitech - Mau 188","4","2020000"
"HISTORY","ORD000838","PENDING","1789755300000"
"HISTORY","ORD000838","PROCESSING","1789758900000"
"HISTORY","ORD000838","SHIPPING","1789762500000"
"HISTORY","ORD000838","COMPLETED","1789766100000"
"ORDER","ORD000839","Bui Minh Duc","0964940814","14440000","1789756200000","3","CANCELLED"
"ITEM","ORD000839","P463","Man hinh Dell - Mau 463","1","7210000"
"ITEM","ORD000839","P096","Chuot gaming Razer - Mau 096","3","2410000"
"HISTORY","ORD000839","PENDING","1789756200000"
"HISTORY","ORD000839","PROCESSING","1789759800000"
"HISTORY","ORD000839","CANCELLED","1789763400000"
"ORDER","ORD000840","Bui Quang Huy","0968677892","2170000","1789757100000","3","CANCELLED"
"ITEM","ORD000840","P296","Chuot gaming Razer - Mau 296","1","2170000"
"HISTORY","ORD000840","PENDING","1789757100000"
"HISTORY","ORD000840","CANCELLED","1789760700000"
"ORDER","ORD000841","Phan Tuan Kiet","0924257527","15640000","1789758000000","1","PENDING"
"ITEM","ORD000841","P372","Router WiFi TP-Link - Mau 372","4","2980000"
"ITEM","ORD000841","P917","Ban phim gaming Corsair - Mau 917","2","1860000"
"HISTORY","ORD000841","PENDING","1789758000000"
"ORDER","ORD000842","Nguyen Dinh Hai","0945730652","4180000","1789758900000","1","PENDING"
"ITEM","ORD000842","P057","Ban phim gaming Corsair - Mau 057","1","4180000"
"HISTORY","ORD000842","PENDING","1789758900000"
"ORDER","ORD000843","Tran Dang Khoa","0985883543","54610000","1789759800000","1","PROCESSING"
"ITEM","ORD000843","P507","Laptop Asus - Mau 507","2","15320000"
"ITEM","ORD000843","P928","Webcam Logitech - Mau 928","3","1870000"
"ITEM","ORD000843","P523","Man hinh Dell - Mau 523","3","5520000"
"ITEM","ORD000843","P806","RAM Kingston - Mau 806","3","600000"
"HISTORY","ORD000843","PENDING","1789759800000"
"HISTORY","ORD000843","PROCESSING","1789763400000"
"ORDER","ORD000844","Vu Tuan Kiet","0963978442","44120000","1789760700000","1","PROCESSING"
"ITEM","ORD000844","P545","SSD Samsung - Mau 545","2","1800000"
"ITEM","ORD000844","P332","Router WiFi TP-Link - Mau 332","2","1540000"
"ITEM","ORD000844","P287","Laptop Asus - Mau 287","2","18720000"
"HISTORY","ORD000844","PENDING","1789760700000"
"HISTORY","ORD000844","PROCESSING","1789764300000"
"ORDER","ORD000845","Tran Bao Tran","0929023493","820000","1789761600000","1","SHIPPING"
"ITEM","ORD000845","P173","USB Sandisk - Mau 173","2","410000"
"HISTORY","ORD000845","PENDING","1789761600000"
"HISTORY","ORD000845","PROCESSING","1789765200000"
"HISTORY","ORD000845","SHIPPING","1789768800000"
"ORDER","ORD000846","Vo Thu Ha","0930933124","10770000","1789762500000","2","SHIPPING"
"ITEM","ORD000846","P562","Ban phim Keychron - Mau 562","1","2460000"
"ITEM","ORD000846","P356","Chuot gaming Razer - Mau 356","2","2210000"
"ITEM","ORD000846","P722","Ban phim Keychron - Mau 722","1","2200000"
"ITEM","ORD000846","P826","RAM Kingston - Mau 826","1","1690000"
"HISTORY","ORD000846","PENDING","1789762500000"
"HISTORY","ORD000846","PROCESSING","1789766100000"
"HISTORY","ORD000846","SHIPPING","1789769700000"
"ORDER","ORD000847","Vo Dinh Hai","0967995709","4329000","1789763400000","2","COMPLETED"
"ITEM","ORD000847","P303","Man hinh Dell - Mau 303","1","4329000"
"HISTORY","ORD000847","PENDING","1789763400000"
"HISTORY","ORD000847","PROCESSING","1789767000000"
"HISTORY","ORD000847","SHIPPING","1789770600000"
"HISTORY","ORD000847","COMPLETED","1789774200000"
"ORDER","ORD000848","Le Dang Khoa","0957463926","7790000","1789764300000","2","COMPLETED"
"ITEM","ORD000848","P161","Chuot khong day Logitech - Mau 161","3","870000"
"ITEM","ORD000848","P294","Gia do laptop Baseus - Mau 294","4","360000"
"ITEM","ORD000848","P274","Gia do laptop Baseus - Mau 274","3","400000"
"ITEM","ORD000848","P616","Chuot gaming Razer - Mau 616","2","1270000"
"HISTORY","ORD000848","PENDING","1789764300000"
"HISTORY","ORD000848","PROCESSING","1789767900000"
"HISTORY","ORD000848","SHIPPING","1789771500000"
"HISTORY","ORD000848","COMPLETED","1789775100000"
"ORDER","ORD000849","Vu Lan Chi","0981298685","13080000","1789765200000","2","CANCELLED"
"ITEM","ORD000849","P923","Man hinh Dell - Mau 923","3","4360000"
"HISTORY","ORD000849","PENDING","1789765200000"
"HISTORY","ORD000849","PROCESSING","1789768800000"
"HISTORY","ORD000849","CANCELLED","1789772400000"
"ORDER","ORD000850","Nguyen Bao Tran","0982787577","10910000","1789766100000","2","CANCELLED"
"ITEM","ORD000850","P844","Tai nghe Sony - Mau 844","1","5530000"
"ITEM","ORD000850","P641","Chuot khong day Logitech - Mau 641","4","910000"
"ITEM","ORD000850","P161","Chuot khong day Logitech - Mau 161","2","870000"
"HISTORY","ORD000850","PENDING","1789766100000"
"HISTORY","ORD000850","CANCELLED","1789769700000"
"ORDER","ORD000851","Bui Tuan Kiet","0912684291","19580000","1789767000000","3","PENDING"
"ITEM","ORD000851","P102","Ban phim Keychron - Mau 102","3","2680000"
"ITEM","ORD000851","P355","O cung HDD Seagate - Mau 355","4","1770000"
"ITEM","ORD000851","P752","Router WiFi TP-Link - Mau 752","2","2230000"
"HISTORY","ORD000851","PENDING","1789767000000"
"ORDER","ORD000852","Huynh Dinh Hai","0911907711","19090000","1789767900000","3","PENDING"
"ITEM","ORD000852","P521","Chuot khong day Logitech - Mau 521","4","120000"
"ITEM","ORD000852","P389","Loa Bluetooth JBL - Mau 389","1","1660000"
"ITEM","ORD000852","P587","Laptop Asus - Mau 587","1","16950000"
"HISTORY","ORD000852","PENDING","1789767900000"
"ORDER","ORD000853","Nguyen Minh Duc","0979320436","18620000","1789768800000","3","PROCESSING"
"ITEM","ORD000853","P695","O cung HDD Seagate - Mau 695","3","2180000"
"ITEM","ORD000853","P022","Ban phim Keychron - Mau 022","1","2870000"
"ITEM","ORD000853","P389","Loa Bluetooth JBL - Mau 389","4","1660000"
"ITEM","ORD000853","P526","RAM Kingston - Mau 526","1","2570000"
"HISTORY","ORD000853","PENDING","1789768800000"
"HISTORY","ORD000853","PROCESSING","1789772400000"
"ORDER","ORD000854","Pham Minh Duc","0952925505","2510000","1789769700000","3","PROCESSING"
"ITEM","ORD000854","P929","Loa Bluetooth JBL - Mau 929","3","550000"
"ITEM","ORD000854","P797","Ban phim gaming Corsair - Mau 797","1","860000"
"HISTORY","ORD000854","PENDING","1789769700000"
"HISTORY","ORD000854","PROCESSING","1789773300000"
"ORDER","ORD000855","Huynh Ngoc Anh","0969050386","44100000","1789770600000","3","SHIPPING"
"ITEM","ORD000855","P007","Laptop Asus - Mau 007","3","14700000"
"HISTORY","ORD000855","PENDING","1789770600000"
"HISTORY","ORD000855","PROCESSING","1789774200000"
"HISTORY","ORD000855","SHIPPING","1789777800000"
"ORDER","ORD000856","Pham Thanh Nam","0941776830","18100000","1789771500000","1","SHIPPING"
"ITEM","ORD000856","P065","SSD Samsung - Mau 065","4","3240000"
"ITEM","ORD000856","P526","RAM Kingston - Mau 526","2","2570000"
"HISTORY","ORD000856","PENDING","1789771500000"
"HISTORY","ORD000856","PROCESSING","1789775100000"
"HISTORY","ORD000856","SHIPPING","1789778700000"
"ORDER","ORD000857","Vo Minh An","0982408059","22340000","1789772400000","1","COMPLETED"
"ITEM","ORD000857","P330","Sac du phong Anker - Mau 330","3","630000"
"ITEM","ORD000857","P137","Ban phim gaming Corsair - Mau 137","1","2950000"
"ITEM","ORD000857","P075","O cung HDD Seagate - Mau 075","2","2610000"
"ITEM","ORD000857","P466","RAM Kingston - Mau 466","4","2390000"
"ITEM","ORD000857","P636","Chuot gaming Razer - Mau 636","2","1360000"
"HISTORY","ORD000857","PENDING","1789772400000"
"HISTORY","ORD000857","PROCESSING","1789776000000"
"HISTORY","ORD000857","SHIPPING","1789779600000"
"HISTORY","ORD000857","COMPLETED","1789783200000"
"ORDER","ORD000858","Tran Dang Khoa","0931410102","16416000","1789773300000","1","COMPLETED"
"ITEM","ORD000858","P816","Chuot gaming Razer - Mau 816","1","369000"
"ITEM","ORD000858","P836","Chuot gaming Razer - Mau 836","1","711000"
"ITEM","ORD000858","P216","Chuot gaming Razer - Mau 216","4","1836000"
"ITEM","ORD000858","P597","Ban phim gaming Corsair - Mau 597","4","522000"
"ITEM","ORD000858","P852","Router WiFi TP-Link - Mau 852","4","1476000"
"HISTORY","ORD000858","PENDING","1789773300000"
"HISTORY","ORD000858","PROCESSING","1789776900000"
"HISTORY","ORD000858","SHIPPING","1789780500000"
"HISTORY","ORD000858","COMPLETED","1789784100000"
"ORDER","ORD000859","Huynh Tuan Kiet","0933964112","51680000","1789774200000","1","CANCELLED"
"ITEM","ORD000859","P527","Laptop Asus - Mau 527","1","32450000"
"ITEM","ORD000859","P799","May in Canon - Mau 799","3","6410000"
"HISTORY","ORD000859","PENDING","1789774200000"
"HISTORY","ORD000859","PROCESSING","1789777800000"
"HISTORY","ORD000859","CANCELLED","1789781400000"
"ORDER","ORD000860","Tran Quang Huy","0988376580","46780000","1789775100000","1","CANCELLED"
"ITEM","ORD000860","P241","Chuot khong day Logitech - Mau 241","4","580000"
"ITEM","ORD000860","P247","Laptop Asus - Mau 247","2","19920000"
"ITEM","ORD000860","P015","O cung HDD Seagate - Mau 015","2","2310000"
"HISTORY","ORD000860","PENDING","1789775100000"
"HISTORY","ORD000860","CANCELLED","1789778700000"
"ORDER","ORD000861","Bui Dang Khoa","0955550330","17540000","1789776000000","2","PENDING"
"ITEM","ORD000861","P998","Microphone HyperX - Mau 998","2","2380000"
"ITEM","ORD000861","P858","Microphone HyperX - Mau 858","1","2580000"
"ITEM","ORD000861","P086","RAM Kingston - Mau 086","4","2550000"
"HISTORY","ORD000861","PENDING","1789776000000"
"ORDER","ORD000862","Phan Quang Huy","0930177775","13060000","1789776900000","2","PENDING"
"ITEM","ORD000862","P260","Bo chia HDMI Ugreen - Mau 260","4","660000"
"ITEM","ORD000862","P717","Ban phim gaming Corsair - Mau 717","2","2220000"
"ITEM","ORD000862","P125","SSD Samsung - Mau 125","2","2710000"
"ITEM","ORD000862","P151","Cap USB-C Ugreen - Mau 151","2","280000"
"HISTORY","ORD000862","PENDING","1789776900000"
"ORDER","ORD000863","Do Minh Duc","0980047184","5270000","1789777800000","2","PROCESSING"
"ITEM","ORD000863","P562","Ban phim Keychron - Mau 562","1","2460000"
"ITEM","ORD000863","P361","Chuot khong day Logitech - Mau 361","1","490000"
"ITEM","ORD000863","P866","RAM Kingston - Mau 866","4","580000"
"HISTORY","ORD000863","PENDING","1789777800000"
"HISTORY","ORD000863","PROCESSING","1789781400000"
"ORDER","ORD000864","Nguyen Thanh Nam","0973355030","20720000","1789778700000","2","PROCESSING"
"ITEM","ORD000864","P406","RAM Kingston - Mau 406","4","770000"
"ITEM","ORD000864","P346","RAM Kingston - Mau 346","1","1500000"
"ITEM","ORD000864","P356","Chuot gaming Razer - Mau 356","2","2210000"
"ITEM","ORD000864","P812","Router WiFi TP-Link - Mau 812","4","2930000"
"HISTORY","ORD000864","PENDING","1789778700000"
"HISTORY","ORD000864","PROCESSING","1789782300000"
"ORDER","ORD000865","Vo Thu Ha","0990601957","6920000","1789779600000","2","SHIPPING"
"ITEM","ORD000865","P438","Microphone HyperX - Mau 438","2","2520000"
"ITEM","ORD000865","P455","O cung HDD Seagate - Mau 455","1","1880000"
"HISTORY","ORD000865","PENDING","1789779600000"
"HISTORY","ORD000865","PROCESSING","1789783200000"
"HISTORY","ORD000865","SHIPPING","1789786800000"
"ORDER","ORD000866","Dang Minh An","0978243790","10100000","1789780500000","3","SHIPPING"
"ITEM","ORD000866","P013","USB Sandisk - Mau 013","2","360000"
"ITEM","ORD000866","P533","USB Sandisk - Mau 533","1","80000"
"ITEM","ORD000866","P617","Ban phim gaming Corsair - Mau 617","3","500000"
"ITEM","ORD000866","P215","O cung HDD Seagate - Mau 215","4","1950000"
"HISTORY","ORD000866","PENDING","1789780500000"
"HISTORY","ORD000866","PROCESSING","1789784100000"
"HISTORY","ORD000866","SHIPPING","1789787700000"
"ORDER","ORD000867","Nguyen Bao Tran","0984274038","15300000","1789781400000","3","COMPLETED"
"ITEM","ORD000867","P665","SSD Samsung - Mau 665","3","1800000"
"ITEM","ORD000867","P346","RAM Kingston - Mau 346","1","1500000"
"ITEM","ORD000867","P141","Chuot khong day Logitech - Mau 141","1","400000"
"ITEM","ORD000867","P456","Chuot gaming Razer - Mau 456","4","2000000"
"HISTORY","ORD000867","PENDING","1789781400000"
"HISTORY","ORD000867","PROCESSING","1789785000000"
"HISTORY","ORD000867","SHIPPING","1789788600000"
"HISTORY","ORD000867","COMPLETED","1789792200000"
"ORDER","ORD000868","Vu Dang Khoa","0972960575","2520000","1789782300000","3","COMPLETED"
"ITEM","ORD000868","P438","Microphone HyperX - Mau 438","1","2520000"
"HISTORY","ORD000868","PENDING","1789782300000"
"HISTORY","ORD000868","PROCESSING","1789785900000"
"HISTORY","ORD000868","SHIPPING","1789789500000"
"HISTORY","ORD000868","COMPLETED","1789793100000"
"ORDER","ORD000869","Pham Quang Huy","0958049790","19143000","1789783200000","3","CANCELLED"
"ITEM","ORD000869","P559","May in Canon - Mau 559","2","3654000"
"ITEM","ORD000869","P728","Webcam Logitech - Mau 728","4","1746000"
"ITEM","ORD000869","P441","Chuot khong day Logitech - Mau 441","4","738000"
"ITEM","ORD000869","P893","USB Sandisk - Mau 893","4","189000"
"ITEM","ORD000869","P616","Chuot gaming Razer - Mau 616","1","1143000"
"HISTORY","ORD000869","PENDING","1789783200000"
"HISTORY","ORD000869","PROCESSING","1789786800000"
"HISTORY","ORD000869","CANCELLED","1789790400000"
"ORDER","ORD000870","Bui Minh An","0999177486","23580000","1789784100000","3","CANCELLED"
"ITEM","ORD000870","P195","O cung HDD Seagate - Mau 195","1","1430000"
"ITEM","ORD000870","P528","Webcam Logitech - Mau 528","2","980000"
"ITEM","ORD000870","P792","Router WiFi TP-Link - Mau 792","3","1160000"
"ITEM","ORD000870","P166","RAM Kingston - Mau 166","3","1060000"
"ITEM","ORD000870","P279","May in Canon - Mau 279","3","4510000"
"HISTORY","ORD000870","PENDING","1789784100000"
"HISTORY","ORD000870","CANCELLED","1789787700000"
"ORDER","ORD000871","Nguyen Thanh Nam","0959747103","10880000","1789785000000","1","PENDING"
"ITEM","ORD000871","P060","Bo chia HDMI Ugreen - Mau 060","2","490000"
"ITEM","ORD000871","P318","Microphone HyperX - Mau 318","3","720000"
"ITEM","ORD000871","P450","Sac du phong Anker - Mau 450","2","260000"
"ITEM","ORD000871","P135","O cung HDD Seagate - Mau 135","3","1900000"
"ITEM","ORD000871","P201","Chuot khong day Logitech - Mau 201","2","760000"
"HISTORY","ORD000871","PENDING","1789785000000"
"ORDER","ORD000872","Dang Huynh Khoa","0952131671","1590000","1789785900000","1","PENDING"
"ITEM","ORD000872","P700","Bo chia HDMI Ugreen - Mau 700","3","530000"
"HISTORY","ORD000872","PENDING","1789785900000"
"ORDER","ORD000873","Huynh Huynh Khoa","0977933443","13260000","1789786800000","1","PROCESSING"
"ITEM","ORD000873","P413","USB Sandisk - Mau 413","4","310000"
"ITEM","ORD000873","P694","Gia do laptop Baseus - Mau 694","4","800000"
"ITEM","ORD000873","P538","Microphone HyperX - Mau 538","3","2940000"
"HISTORY","ORD000873","PENDING","1789786800000"
"HISTORY","ORD000873","PROCESSING","1789790400000"
"ORDER","ORD000874","Vu Tuan Kiet","0972751821","13790000","1789787700000","1","PROCESSING"
"ITEM","ORD000874","P868","Webcam Logitech - Mau 868","3","2330000"
"ITEM","ORD000874","P876","Chuot gaming Razer - Mau 876","2","2340000"
"ITEM","ORD000874","P561","Chuot khong day Logitech - Mau 561","4","530000"
"HISTORY","ORD000874","PENDING","1789787700000"
"HISTORY","ORD000874","PROCESSING","1789791300000"
"ORDER","ORD000875","Vo Bao Tran","0938293851","36370000","1789788600000","1","SHIPPING"
"ITEM","ORD000875","P899","May in Canon - Mau 899","3","7940000"
"ITEM","ORD000875","P537","Ban phim gaming Corsair - Mau 537","3","3780000"
"ITEM","ORD000875","P568","Webcam Logitech - Mau 568","1","1210000"
"HISTORY","ORD000875","PENDING","1789788600000"
"HISTORY","ORD000875","PROCESSING","1789792200000"
"HISTORY","ORD000875","SHIPPING","1789795800000"
"ORDER","ORD000876","Hoang Huynh Khoa","0940602953","37230000","1789789500000","2","SHIPPING"
"ITEM","ORD000876","P504","Tai nghe Sony - Mau 504","1","2490000"
"ITEM","ORD000876","P715","O cung HDD Seagate - Mau 715","2","2720000"
"ITEM","ORD000876","P887","Laptop Asus - Mau 887","2","14650000"
"HISTORY","ORD000876","PENDING","1789789500000"
"HISTORY","ORD000876","PROCESSING","1789793100000"
"HISTORY","ORD000876","SHIPPING","1789796700000"
"ORDER","ORD000877","Do Minh An","0982990245","1590000","1789790400000","2","COMPLETED"
"ITEM","ORD000877","P691","Cap USB-C Ugreen - Mau 691","4","190000"
"ITEM","ORD000877","P033","USB Sandisk - Mau 033","3","190000"
"ITEM","ORD000877","P693","USB Sandisk - Mau 693","2","130000"
"HISTORY","ORD000877","PENDING","1789790400000"
"HISTORY","ORD000877","PROCESSING","1789794000000"
"HISTORY","ORD000877","SHIPPING","1789797600000"
"HISTORY","ORD000877","COMPLETED","1789801200000"
"ORDER","ORD000878","Vo Minh Duc","0992948215","11660000","1789791300000","2","COMPLETED"
"ITEM","ORD000878","P056","Chuot gaming Razer - Mau 056","1","1570000"
"ITEM","ORD000878","P952","Router WiFi TP-Link - Mau 952","3","980000"
"ITEM","ORD000878","P439","May in Canon - Mau 439","1","3830000"
"ITEM","ORD000878","P770","Sac du phong Anker - Mau 770","2","1660000"
"HISTORY","ORD000878","PENDING","1789791300000"
"HISTORY","ORD000878","PROCESSING","1789794900000"
"HISTORY","ORD000878","SHIPPING","1789798500000"
"HISTORY","ORD000878","COMPLETED","1789802100000"
"ORDER","ORD000879","Nguyen Tuan Kiet","0923118208","8490000","1789792200000","2","CANCELLED"
"ITEM","ORD000879","P873","USB Sandisk - Mau 873","3","590000"
"ITEM","ORD000879","P016","Chuot gaming Razer - Mau 016","1","1520000"
"ITEM","ORD000879","P410","Sac du phong Anker - Mau 410","4","1300000"
"HISTORY","ORD000879","PENDING","1789792200000"
"HISTORY","ORD000879","PROCESSING","1789795800000"
"HISTORY","ORD000879","CANCELLED","1789799400000"
"ORDER","ORD000880","Huynh Huynh Khoa","0966002477","4752000","1789793100000","2","CANCELLED"
"ITEM","ORD000880","P900","Bo chia HDMI Ugreen - Mau 900","3","648000"
"ITEM","ORD000880","P158","Microphone HyperX - Mau 158","3","936000"
"HISTORY","ORD000880","PENDING","1789793100000"
"HISTORY","ORD000880","CANCELLED","1789796700000"
"ORDER","ORD000881","Nguyen Huynh Khoa","0946379971","22550000","1789794000000","3","PENDING"
"ITEM","ORD000881","P923","Man hinh Dell - Mau 923","3","4360000"
"ITEM","ORD000881","P122","Ban phim Keychron - Mau 122","4","780000"
"ITEM","ORD000881","P536","Chuot gaming Razer - Mau 536","1","1090000"
"ITEM","ORD000881","P902","Ban phim Keychron - Mau 902","2","2630000"
"HISTORY","ORD000881","PENDING","1789794000000"
"ORDER","ORD000882","Vu Minh An","0912423512","4440000","1789794900000","3","PENDING"
"ITEM","ORD000882","P764","Tai nghe Sony - Mau 764","4","1110000"
"HISTORY","ORD000882","PENDING","1789794900000"
"ORDER","ORD000883","Bui Minh An","0967883954","11880000","1789795800000","3","PROCESSING"
"ITEM","ORD000883","P225","SSD Samsung - Mau 225","4","2970000"
"HISTORY","ORD000883","PENDING","1789795800000"
"HISTORY","ORD000883","PROCESSING","1789799400000"
"ORDER","ORD000884","Tran Bao Tran","0932414474","26350000","1789796700000","3","PROCESSING"
"ITEM","ORD000884","P492","Router WiFi TP-Link - Mau 492","3","2890000"
"ITEM","ORD000884","P263","Man hinh Dell - Mau 263","2","6840000"
"ITEM","ORD000884","P306","RAM Kingston - Mau 306","2","2000000"
"HISTORY","ORD000884","PENDING","1789796700000"
"HISTORY","ORD000884","PROCESSING","1789800300000"
"ORDER","ORD000885","Tran Minh Duc","0915962057","1800000","1789797600000","3","SHIPPING"
"ITEM","ORD000885","P665","SSD Samsung - Mau 665","1","1800000"
"HISTORY","ORD000885","PENDING","1789797600000"
"HISTORY","ORD000885","PROCESSING","1789801200000"
"HISTORY","ORD000885","SHIPPING","1789804800000"
"ORDER","ORD000886","Hoang Thanh Nam","0937907542","15270000","1789798500000","1","SHIPPING"
"ITEM","ORD000886","P112","Router WiFi TP-Link - Mau 112","3","640000"
"ITEM","ORD000886","P808","Webcam Logitech - Mau 808","1","2250000"
"ITEM","ORD000886","P365","SSD Samsung - Mau 365","3","3340000"
"ITEM","ORD000886","P204","Tai nghe Sony - Mau 204","1","1080000"
"HISTORY","ORD000886","PENDING","1789798500000"
"HISTORY","ORD000886","PROCESSING","1789802100000"
"HISTORY","ORD000886","SHIPPING","1789805700000"
"ORDER","ORD000887","Dang Lan Chi","0947300129","37030000","1789799400000","1","COMPLETED"
"ITEM","ORD000887","P907","Laptop Asus - Mau 907","2","12230000"
"ITEM","ORD000887","P313","USB Sandisk - Mau 313","4","590000"
"ITEM","ORD000887","P757","Ban phim gaming Corsair - Mau 757","1","3460000"
"ITEM","ORD000887","P655","O cung HDD Seagate - Mau 655","3","2250000"
"HISTORY","ORD000887","PENDING","1789799400000"
"HISTORY","ORD000887","PROCESSING","1789803000000"
"HISTORY","ORD000887","SHIPPING","1789806600000"
"HISTORY","ORD000887","COMPLETED","1789810200000"
"ORDER","ORD000888","Vo Lan Chi","0954849270","26310000","1789800300000","1","COMPLETED"
"ITEM","ORD000888","P270","Sac du phong Anker - Mau 270","4","800000"
"ITEM","ORD000888","P469","Loa Bluetooth JBL - Mau 469","4","1800000"
"ITEM","ORD000888","P832","Router WiFi TP-Link - Mau 832","4","3430000"
"ITEM","ORD000888","P734","Gia do laptop Baseus - Mau 734","3","730000"
"HISTORY","ORD000888","PENDING","1789800300000"
"HISTORY","ORD000888","PROCESSING","1789803900000"
"HISTORY","ORD000888","SHIPPING","1789807500000"
"HISTORY","ORD000888","COMPLETED","1789811100000"
"ORDER","ORD000889","Phan Thanh Nam","0974164444","17040000","1789801200000","1","CANCELLED"
"ITEM","ORD000889","P273","USB Sandisk - Mau 273","1","510000"
"ITEM","ORD000889","P272","Router WiFi TP-Link - Mau 272","4","1060000"
"ITEM","ORD000889","P923","Man hinh Dell - Mau 923","2","4360000"
"ITEM","ORD000889","P002","Ban phim Keychron K2","3","750000"
"ITEM","ORD000889","P194","Gia do laptop Baseus - Mau 194","4","330000"
"HISTORY","ORD000889","PENDING","1789801200000"
"HISTORY","ORD000889","PROCESSING","1789804800000"
"HISTORY","ORD000889","CANCELLED","1789808400000"
"ORDER","ORD000890","Tran Minh Duc","0964299957","15690000","1789802100000","1","CANCELLED"
"ITEM","ORD000890","P450","Sac du phong Anker - Mau 450","3","260000"
"ITEM","ORD000890","P136","Chuot gaming Razer - Mau 136","3","1160000"
"ITEM","ORD000890","P859","May in Canon - Mau 859","3","3810000"
"HISTORY","ORD000890","PENDING","1789802100000"
"HISTORY","ORD000890","CANCELLED","1789805700000"
"ORDER","ORD000891","Pham Dang Khoa","0937018287","29997000","1789803000000","2","PENDING"
"ITEM","ORD000891","P603","Man hinh Dell - Mau 603","2","10539000"
"ITEM","ORD000891","P279","May in Canon - Mau 279","2","4059000"
"ITEM","ORD000891","P531","Cap USB-C Ugreen - Mau 531","3","144000"
"ITEM","ORD000891","P816","Chuot gaming Razer - Mau 816","1","369000"
"HISTORY","ORD000891","PENDING","1789803000000"
"ORDER","ORD000892","Dang Minh An","0957409204","32020000","1789803900000","2","PENDING"
"ITEM","ORD000892","P343","Man hinh Dell - Mau 343","1","11850000"
"ITEM","ORD000892","P848","Webcam Logitech - Mau 848","4","2030000"
"ITEM","ORD000892","P276","Chuot gaming Razer - Mau 276","1","2350000"
"ITEM","ORD000892","P311","Cap USB-C Ugreen - Mau 311","3","160000"
"ITEM","ORD000892","P283","Man hinh Dell - Mau 283","1","9220000"
"HISTORY","ORD000892","PENDING","1789803900000"
"ORDER","ORD000893","Phan Thanh Nam","0922906113","67730000","1789804800000","2","PROCESSING"
"ITEM","ORD000893","P886","RAM Kingston - Mau 886","2","1490000"
"ITEM","ORD000893","P521","Chuot khong day Logitech - Mau 521","3","120000"
"ITEM","ORD000893","P254","Gia do laptop Baseus - Mau 254","1","330000"
"ITEM","ORD000893","P787","Laptop Asus - Mau 787","2","28790000"
"ITEM","ORD000893","P839","May in Canon - Mau 839","1","6480000"
"HISTORY","ORD000893","PENDING","1789804800000"
"HISTORY","ORD000893","PROCESSING","1789808400000"
"ORDER","ORD000894","Phan Thu Ha","0957831695","7020000","1789805700000","2","PROCESSING"
"ITEM","ORD000894","P870","Sac du phong Anker - Mau 870","3","1180000"
"ITEM","ORD000894","P560","Bo chia HDMI Ugreen - Mau 560","4","870000"
"HISTORY","ORD000894","PENDING","1789805700000"
"HISTORY","ORD000894","PROCESSING","1789809300000"
"ORDER","ORD000895","Phan Dinh Hai","0952345007","18030000","1789806600000","2","SHIPPING"
"ITEM","ORD000895","P726","RAM Kingston - Mau 726","4","2160000"
"ITEM","ORD000895","P197","Ban phim gaming Corsair - Mau 197","3","1660000"
"ITEM","ORD000895","P961","Chuot khong day Logitech - Mau 961","2","790000"
"ITEM","ORD000895","P475","O cung HDD Seagate - Mau 475","1","2280000"
"ITEM","ORD000895","P929","Loa Bluetooth JBL - Mau 929","1","550000"
"HISTORY","ORD000895","PENDING","1789806600000"
"HISTORY","ORD000895","PROCESSING","1789810200000"
"HISTORY","ORD000895","SHIPPING","1789813800000"
"ORDER","ORD000896","Hoang Tuan Kiet","0987718858","44890000","1789807500000","3","SHIPPING"
"ITEM","ORD000896","P403","Man hinh Dell - Mau 403","1","5070000"
"ITEM","ORD000896","P559","May in Canon - Mau 559","3","4060000"
"ITEM","ORD000896","P717","Ban phim gaming Corsair - Mau 717","4","2220000"
"ITEM","ORD000896","P325","SSD Samsung - Mau 325","4","2670000"
"ITEM","ORD000896","P768","Webcam Logitech - Mau 768","4","2020000"
"HISTORY","ORD000896","PENDING","1789807500000"
"HISTORY","ORD000896","PROCESSING","1789811100000"
"HISTORY","ORD000896","SHIPPING","1789814700000"
"ORDER","ORD000897","Hoang Thu Ha","0934534465","15220000","1789808400000","3","COMPLETED"
"ITEM","ORD000897","P256","Chuot gaming Razer - Mau 256","3","430000"
"ITEM","ORD000897","P377","Ban phim gaming Corsair - Mau 377","2","3810000"
"ITEM","ORD000897","P104","Tai nghe Sony - Mau 104","3","1670000"
"ITEM","ORD000897","P250","Sac du phong Anker - Mau 250","2","650000"
"HISTORY","ORD000897","PENDING","1789808400000"
"HISTORY","ORD000897","PROCESSING","1789812000000"
"HISTORY","ORD000897","SHIPPING","1789815600000"
"HISTORY","ORD000897","COMPLETED","1789819200000"
"ORDER","ORD000898","Hoang Thanh Nam","0948695361","19440000","1789809300000","3","COMPLETED"
"ITEM","ORD000898","P839","May in Canon - Mau 839","3","6480000"
"HISTORY","ORD000898","PENDING","1789809300000"
"HISTORY","ORD000898","PROCESSING","1789812900000"
"HISTORY","ORD000898","SHIPPING","1789816500000"
"HISTORY","ORD000898","COMPLETED","1789820100000"
"ORDER","ORD000899","Do Ngoc Anh","0982979799","1740000","1789810200000","3","CANCELLED"
"ITEM","ORD000899","P161","Chuot khong day Logitech - Mau 161","2","870000"
"HISTORY","ORD000899","PENDING","1789810200000"
"HISTORY","ORD000899","PROCESSING","1789813800000"
"HISTORY","ORD000899","CANCELLED","1789817400000"
"ORDER","ORD000900","Pham Thanh Nam","0952473851","29940000","1789811100000","3","CANCELLED"
"ITEM","ORD000900","P911","Cap USB-C Ugreen - Mau 911","4","140000"
"ITEM","ORD000900","P369","Loa Bluetooth JBL - Mau 369","4","410000"
"ITEM","ORD000900","P819","May in Canon - Mau 819","3","6480000"
"ITEM","ORD000900","P716","Chuot gaming Razer - Mau 716","3","1580000"
"ITEM","ORD000900","P890","Sac du phong Anker - Mau 890","2","1780000"
"HISTORY","ORD000900","PENDING","1789811100000"
"HISTORY","ORD000900","CANCELLED","1789814700000"
"ORDER","ORD000901","Tran Minh An","0987362877","7960000","1789812000000","1","PENDING"
"ITEM","ORD000901","P578","Microphone HyperX - Mau 578","2","3100000"
"ITEM","ORD000901","P811","Cap USB-C Ugreen - Mau 811","4","440000"
"HISTORY","ORD000901","PENDING","1789812000000"
"ORDER","ORD000902","Vu Thanh Nam","0938699948","13572000","1789812900000","1","PENDING"
"ITEM","ORD000902","P928","Webcam Logitech - Mau 928","4","1683000"
"ITEM","ORD000902","P434","Gia do laptop Baseus - Mau 434","4","585000"
"ITEM","ORD000902","P702","Ban phim Keychron - Mau 702","2","2250000"
"HISTORY","ORD000902","PENDING","1789812900000"
"ORDER","ORD000903","Bui Huynh Khoa","0935769601","67740000","1789813800000","1","PROCESSING"
"ITEM","ORD000903","P275","O cung HDD Seagate - Mau 275","4","980000"
"ITEM","ORD000903","P027","Laptop Asus - Mau 027","2","29720000"
"ITEM","ORD000903","P540","Bo chia HDMI Ugreen - Mau 540","1","810000"
"ITEM","ORD000903","P493","USB Sandisk - Mau 493","3","300000"
"ITEM","ORD000903","P046","RAM Kingston - Mau 046","3","890000"
"HISTORY","ORD000903","PENDING","1789813800000"
"HISTORY","ORD000903","PROCESSING","1789817400000"
"ORDER","ORD000904","Le Thanh Nam","0968458953","77120000","1789814700000","1","PROCESSING"
"ITEM","ORD000904","P187","Laptop Asus - Mau 187","4","18790000"
"ITEM","ORD000904","P220","Bo chia HDMI Ugreen - Mau 220","4","490000"
"HISTORY","ORD000904","PENDING","1789814700000"
"HISTORY","ORD000904","PROCESSING","1789818300000"
"ORDER","ORD000905","Le Huynh Khoa","0952973212","1140000","1789815600000","1","SHIPPING"
"ITEM","ORD000905","P941","Chuot khong day Logitech - Mau 941","2","570000"
"HISTORY","ORD000905","PENDING","1789815600000"
"HISTORY","ORD000905","PROCESSING","1789819200000"
"HISTORY","ORD000905","SHIPPING","1789822800000"
"ORDER","ORD000906","Hoang Thanh Nam","0991874883","1720000","1789816500000","2","SHIPPING"
"ITEM","ORD000906","P371","Cap USB-C Ugreen - Mau 371","4","430000"
"HISTORY","ORD000906","PENDING","1789816500000"
"HISTORY","ORD000906","PROCESSING","1789820100000"
"HISTORY","ORD000906","SHIPPING","1789823700000"
"ORDER","ORD000907","Phan Huynh Khoa","0944492442","8540000","1789817400000","2","COMPLETED"
"ITEM","ORD000907","P676","Chuot gaming Razer - Mau 676","4","890000"
"ITEM","ORD000907","P752","Router WiFi TP-Link - Mau 752","2","2230000"
"ITEM","ORD000907","P606","RAM Kingston - Mau 606","1","520000"
"HISTORY","ORD000907","PENDING","1789817400000"
"HISTORY","ORD000907","PROCESSING","1789821000000"
"HISTORY","ORD000907","SHIPPING","1789824600000"
"HISTORY","ORD000907","COMPLETED","1789828200000"
"ORDER","ORD000908","Huynh Tuan Kiet","0951895165","8670000","1789818300000","2","COMPLETED"
"ITEM","ORD000908","P112","Router WiFi TP-Link - Mau 112","2","640000"
"ITEM","ORD000908","P008","Webcam Logitech - Mau 008","1","1630000"
"ITEM","ORD000908","P495","O cung HDD Seagate - Mau 495","1","2380000"
"ITEM","ORD000908","P593","USB Sandisk - Mau 593","2","530000"
"ITEM","ORD000908","P792","Router WiFi TP-Link - Mau 792","2","1160000"
"HISTORY","ORD000908","PENDING","1789818300000"
"HISTORY","ORD000908","PROCESSING","1789821900000"
"HISTORY","ORD000908","SHIPPING","1789825500000"
"HISTORY","ORD000908","COMPLETED","1789829100000"
"ORDER","ORD000909","Hoang Quang Huy","0973248597","9010000","1789819200000","2","CANCELLED"
"ITEM","ORD000909","P206","RAM Kingston - Mau 206","2","480000"
"ITEM","ORD000909","P203","Man hinh Dell - Mau 203","1","8050000"
"HISTORY","ORD000909","PENDING","1789819200000"
"HISTORY","ORD000909","PROCESSING","1789822800000"
"HISTORY","ORD000909","CANCELLED","1789826400000"
"ORDER","ORD000910","Nguyen Lan Chi","0960379871","13330000","1789820100000","2","CANCELLED"
"ITEM","ORD000910","P086","RAM Kingston - Mau 086","1","2550000"
"ITEM","ORD000910","P289","Loa Bluetooth JBL - Mau 289","3","3350000"
"ITEM","ORD000910","P101","Chuot khong day Logitech - Mau 101","1","730000"
"HISTORY","ORD000910","PENDING","1789820100000"
"HISTORY","ORD000910","CANCELLED","1789823700000"
"ORDER","ORD000911","Tran Huynh Khoa","0997260320","6770000","1789821000000","3","PENDING"
"ITEM","ORD000911","P140","Bo chia HDMI Ugreen - Mau 140","3","810000"
"ITEM","ORD000911","P296","Chuot gaming Razer - Mau 296","2","2170000"
"HISTORY","ORD000911","PENDING","1789821000000"
"ORDER","ORD000912","Vo Minh Duc","0935891003","7950000","1789821900000","3","PENDING"
"ITEM","ORD000912","P162","Ban phim Keychron - Mau 162","4","510000"
"ITEM","ORD000912","P194","Gia do laptop Baseus - Mau 194","4","330000"
"ITEM","ORD000912","P205","SSD Samsung - Mau 205","1","3750000"
"ITEM","ORD000912","P671","Cap USB-C Ugreen - Mau 671","2","420000"
"HISTORY","ORD000912","PENDING","1789821900000"
"ORDER","ORD000913","Le Tuan Kiet","0965461817","6318000","1789822800000","3","PROCESSING"
"ITEM","ORD000913","P414","Gia do laptop Baseus - Mau 414","3","423000"
"ITEM","ORD000913","P031","Cap USB-C Ugreen - Mau 031","1","405000"
"ITEM","ORD000913","P432","Router WiFi TP-Link - Mau 432","2","2322000"
"HISTORY","ORD000913","PENDING","1789822800000"
"HISTORY","ORD000913","PROCESSING","1789826400000"
"ORDER","ORD000914","Tran Quang Huy","0920933328","1520000","1789823700000","3","PROCESSING"
"ITEM","ORD000914","P233","USB Sandisk - Mau 233","2","510000"
"ITEM","ORD000914","P713","USB Sandisk - Mau 713","2","250000"
"HISTORY","ORD000914","PENDING","1789823700000"
"HISTORY","ORD000914","PROCESSING","1789827300000"
"ORDER","ORD000915","Pham Dang Khoa","0996155413","13160000","1789824600000","3","SHIPPING"
"ITEM","ORD000915","P703","Man hinh Dell - Mau 703","2","6580000"
"HISTORY","ORD000915","PENDING","1789824600000"
"HISTORY","ORD000915","PROCESSING","1789828200000"
"HISTORY","ORD000915","SHIPPING","1789831800000"
"ORDER","ORD000916","Vu Dang Khoa","0987287749","7600000","1789825500000","1","SHIPPING"
"ITEM","ORD000916","P046","RAM Kingston - Mau 046","2","890000"
"ITEM","ORD000916","P608","Webcam Logitech - Mau 608","3","1940000"
"HISTORY","ORD000916","PENDING","1789825500000"
"HISTORY","ORD000916","PROCESSING","1789829100000"
"HISTORY","ORD000916","SHIPPING","1789832700000"
"ORDER","ORD000917","Hoang Dang Khoa","0982174057","77320000","1789826400000","1","COMPLETED"
"ITEM","ORD000917","P868","Webcam Logitech - Mau 868","4","2330000"
"ITEM","ORD000917","P688","Webcam Logitech - Mau 688","4","970000"
"ITEM","ORD000917","P648","Webcam Logitech - Mau 648","3","1560000"
"ITEM","ORD000917","P027","Laptop Asus - Mau 027","2","29720000"
"HISTORY","ORD000917","PENDING","1789826400000"
"HISTORY","ORD000917","PROCESSING","1789830000000"
"HISTORY","ORD000917","SHIPPING","1789833600000"
"HISTORY","ORD000917","COMPLETED","1789837200000"
"ORDER","ORD000918","Do Lan Chi","0928474458","3550000","1789827300000","1","COMPLETED"
"ITEM","ORD000918","P060","Bo chia HDMI Ugreen - Mau 060","4","490000"
"ITEM","ORD000918","P980","Bo chia HDMI Ugreen - Mau 980","1","480000"
"ITEM","ORD000918","P560","Bo chia HDMI Ugreen - Mau 560","1","870000"
"ITEM","ORD000918","P391","Cap USB-C Ugreen - Mau 391","4","60000"
"HISTORY","ORD000918","PENDING","1789827300000"
"HISTORY","ORD000918","PROCESSING","1789830900000"
"HISTORY","ORD000918","SHIPPING","1789834500000"
"HISTORY","ORD000918","COMPLETED","1789838100000"
"ORDER","ORD000919","Bui Lan Chi","0958423428","13670000","1789828200000","1","CANCELLED"
"ITEM","ORD000919","P909","Loa Bluetooth JBL - Mau 909","1","1650000"
"ITEM","ORD000919","P631","Cap USB-C Ugreen - Mau 631","2","300000"
"ITEM","ORD000919","P804","Tai nghe Sony - Mau 804","1","6020000"
"ITEM","ORD000919","P469","Loa Bluetooth JBL - Mau 469","3","1800000"
"HISTORY","ORD000919","PENDING","1789828200000"
"HISTORY","ORD000919","PROCESSING","1789831800000"
"HISTORY","ORD000919","CANCELLED","1789835400000"
"ORDER","ORD000920","Pham Dang Khoa","0996546867","17430000","1789829100000","1","CANCELLED"
"ITEM","ORD000920","P999","May in Canon - Mau 999","2","6750000"
"ITEM","ORD000920","P569","Loa Bluetooth JBL - Mau 569","1","3930000"
"HISTORY","ORD000920","PENDING","1789829100000"
"HISTORY","ORD000920","CANCELLED","1789832700000"
"ORDER","ORD000921","Hoang Quang Huy","0951622846","1360000","1789830000000","2","PENDING"
"ITEM","ORD000921","P064","Tai nghe Sony - Mau 064","2","680000"
"HISTORY","ORD000921","PENDING","1789830000000"
"ORDER","ORD000922","Hoang Lan Chi","0995167101","140000","1789830900000","2","PENDING"
"ITEM","ORD000922","P994","Gia do laptop Baseus - Mau 994","1","140000"
"HISTORY","ORD000922","PENDING","1789830900000"
"ORDER","ORD000923","Dang Huynh Khoa","0978083604","11910000","1789831800000","2","PROCESSING"
"ITEM","ORD000923","P139","May in Canon - Mau 139","3","3970000"
"HISTORY","ORD000923","PENDING","1789831800000"
"HISTORY","ORD000923","PROCESSING","1789835400000"
"ORDER","ORD000924","Huynh Dang Khoa","0918919939","1170000","1789832700000","2","PROCESSING"
"ITEM","ORD000924","P410","Sac du phong Anker - Mau 410","1","1170000"
"HISTORY","ORD000924","PENDING","1789832700000"
"HISTORY","ORD000924","PROCESSING","1789836300000"
"ORDER","ORD000925","Dang Tuan Kiet","0920796290","4630000","1789833600000","2","SHIPPING"
"ITEM","ORD000925","P630","Sac du phong Anker - Mau 630","1","1270000"
"ITEM","ORD000925","P182","Ban phim Keychron - Mau 182","1","2140000"
"ITEM","ORD000925","P877","Ban phim gaming Corsair - Mau 877","1","1220000"
"HISTORY","ORD000925","PENDING","1789833600000"
"HISTORY","ORD000925","PROCESSING","1789837200000"
"HISTORY","ORD000925","SHIPPING","1789840800000"
"ORDER","ORD000926","Vu Quang Huy","0928751051","14630000","1789834500000","3","SHIPPING"
"ITEM","ORD000926","P289","Loa Bluetooth JBL - Mau 289","1","3350000"
"ITEM","ORD000926","P546","RAM Kingston - Mau 546","4","1640000"
"ITEM","ORD000926","P670","Sac du phong Anker - Mau 670","3","1090000"
"ITEM","ORD000926","P551","Cap USB-C Ugreen - Mau 551","2","450000"
"ITEM","ORD000926","P040","Bo chia HDMI Ugreen - Mau 040","1","550000"
"HISTORY","ORD000926","PENDING","1789834500000"
"HISTORY","ORD000926","PROCESSING","1789838100000"
"HISTORY","ORD000926","SHIPPING","1789841700000"
"ORDER","ORD000927","Do Dang Khoa","0916013200","3930000","1789835400000","3","COMPLETED"
"ITEM","ORD000927","P569","Loa Bluetooth JBL - Mau 569","1","3930000"
"HISTORY","ORD000927","PENDING","1789835400000"
"HISTORY","ORD000927","PROCESSING","1789839000000"
"HISTORY","ORD000927","SHIPPING","1789842600000"
"HISTORY","ORD000927","COMPLETED","1789846200000"
"ORDER","ORD000928","Vu Huynh Khoa","0981935820","24820000","1789836300000","3","COMPLETED"
"ITEM","ORD000928","P564","Tai nghe Sony - Mau 564","4","5670000"
"ITEM","ORD000928","P090","Sac du phong Anker - Mau 090","2","1070000"
"HISTORY","ORD000928","PENDING","1789836300000"
"HISTORY","ORD000928","PROCESSING","1789839900000"
"HISTORY","ORD000928","SHIPPING","1789843500000"
"HISTORY","ORD000928","COMPLETED","1789847100000"
"ORDER","ORD000929","Le Thanh Nam","0965295296","22080000","1789837200000","3","CANCELLED"
"ITEM","ORD000929","P263","Man hinh Dell - Mau 263","3","6840000"
"ITEM","ORD000929","P740","Bo chia HDMI Ugreen - Mau 740","4","260000"
"ITEM","ORD000929","P990","Sac du phong Anker - Mau 990","2","260000"
"HISTORY","ORD000929","PENDING","1789837200000"
"HISTORY","ORD000929","PROCESSING","1789840800000"
"HISTORY","ORD000929","CANCELLED","1789844400000"
"ORDER","ORD000930","Dang Huynh Khoa","0992513592","43870000","1789838100000","3","CANCELLED"
"ITEM","ORD000930","P512","Router WiFi TP-Link - Mau 512","3","3480000"
"ITEM","ORD000930","P140","Bo chia HDMI Ugreen - Mau 140","3","810000"
"ITEM","ORD000930","P299","May in Canon - Mau 299","4","7750000"
"HISTORY","ORD000930","PENDING","1789838100000"
"HISTORY","ORD000930","CANCELLED","1789841700000"
"ORDER","ORD000931","Vu Dang Khoa","0961439333","35240000","1789839000000","1","PENDING"
"ITEM","ORD000931","P964","Tai nghe Sony - Mau 964","1","4070000"
"ITEM","ORD000931","P362","Ban phim Keychron - Mau 362","4","2790000"
"ITEM","ORD000931","P239","May in Canon - Mau 239","3","6670000"
"HISTORY","ORD000931","PENDING","1789839000000"
"ORDER","ORD000932","Vo Ngoc Anh","0929217251","2870000","1789839900000","1","PENDING"
"ITEM","ORD000932","P022","Ban phim Keychron - Mau 022","1","2870000"
"HISTORY","ORD000932","PENDING","1789839900000"
"ORDER","ORD000933","Tran Dinh Hai","0945981818","720000","1789840800000","1","PROCESSING"
"ITEM","ORD000933","P374","Gia do laptop Baseus - Mau 374","3","240000"
"HISTORY","ORD000933","PENDING","1789840800000"
"HISTORY","ORD000933","PROCESSING","1789844400000"
"ORDER","ORD000934","Vo Thu Ha","0914746354","9770000","1789841700000","1","PROCESSING"
"ITEM","ORD000934","P090","Sac du phong Anker - Mau 090","1","1070000"
"ITEM","ORD000934","P083","Man hinh Dell - Mau 083","1","5500000"
"ITEM","ORD000934","P520","Bo chia HDMI Ugreen - Mau 520","4","800000"
"HISTORY","ORD000934","PENDING","1789841700000"
"HISTORY","ORD000934","PROCESSING","1789845300000"
"ORDER","ORD000935","Do Minh Duc","0932912048","19152000","1789842600000","1","SHIPPING"
"ITEM","ORD000935","P278","Microphone HyperX - Mau 278","2","549000"
"ITEM","ORD000935","P013","USB Sandisk - Mau 013","4","324000"
"ITEM","ORD000935","P743","Man hinh Dell - Mau 743","1","9288000"
"ITEM","ORD000935","P177","Ban phim gaming Corsair - Mau 177","2","3735000"
"HISTORY","ORD000935","PENDING","1789842600000"
"HISTORY","ORD000935","PROCESSING","1789846200000"
"HISTORY","ORD000935","SHIPPING","1789849800000"
"ORDER","ORD000936","Tran Thanh Nam","0922387360","13700000","1789843500000","2","SHIPPING"
"ITEM","ORD000936","P374","Gia do laptop Baseus - Mau 374","3","240000"
"ITEM","ORD000936","P249","Loa Bluetooth JBL - Mau 249","3","3900000"
"ITEM","ORD000936","P353","USB Sandisk - Mau 353","4","320000"
"HISTORY","ORD000936","PENDING","1789843500000"
"HISTORY","ORD000936","PROCESSING","1789847100000"
"HISTORY","ORD000936","SHIPPING","1789850700000"
"ORDER","ORD000937","Bui Ngoc Anh","0935633707","19520000","1789844400000","2","COMPLETED"
"ITEM","ORD000937","P037","Ban phim gaming Corsair - Mau 037","4","3170000"
"ITEM","ORD000937","P550","Sac du phong Anker - Mau 550","4","1530000"
"ITEM","ORD000937","P374","Gia do laptop Baseus - Mau 374","3","240000"
"HISTORY","ORD000937","PENDING","1789844400000"
"HISTORY","ORD000937","PROCESSING","1789848000000"
"HISTORY","ORD000937","SHIPPING","1789851600000"
"HISTORY","ORD000937","COMPLETED","1789855200000"
"ORDER","ORD000938","Hoang Huynh Khoa","0991374087","12540000","1789845300000","2","COMPLETED"
"ITEM","ORD000938","P695","O cung HDD Seagate - Mau 695","3","2180000"
"ITEM","ORD000938","P408","Webcam Logitech - Mau 408","1","710000"
"ITEM","ORD000938","P122","Ban phim Keychron - Mau 122","2","780000"
"ITEM","ORD000938","P033","USB Sandisk - Mau 033","3","190000"
"ITEM","ORD000938","P716","Chuot gaming Razer - Mau 716","2","1580000"
"HISTORY","ORD000938","PENDING","1789845300000"
"HISTORY","ORD000938","PROCESSING","1789848900000"
"HISTORY","ORD000938","SHIPPING","1789852500000"
"HISTORY","ORD000938","COMPLETED","1789856100000"
"ORDER","ORD000939","Dang Minh An","0929104317","120200000","1789846200000","2","CANCELLED"
"ITEM","ORD000939","P307","Laptop Asus - Mau 307","4","23260000"
"ITEM","ORD000939","P059","May in Canon - Mau 059","2","8360000"
"ITEM","ORD000939","P075","O cung HDD Seagate - Mau 075","4","2610000"
"HISTORY","ORD000939","PENDING","1789846200000"
"HISTORY","ORD000939","PROCESSING","1789849800000"
"HISTORY","ORD000939","CANCELLED","1789853400000"
"ORDER","ORD000940","Bui Minh An","0969347213","11400000","1789847100000","2","CANCELLED"
"ITEM","ORD000940","P840","Bo chia HDMI Ugreen - Mau 840","1","330000"
"ITEM","ORD000940","P670","Sac du phong Anker - Mau 670","1","1090000"
"ITEM","ORD000940","P320","Bo chia HDMI Ugreen - Mau 320","3","780000"
"ITEM","ORD000940","P328","Webcam Logitech - Mau 328","4","1910000"
"HISTORY","ORD000940","PENDING","1789847100000"
"HISTORY","ORD000940","CANCELLED","1789850700000"
"ORDER","ORD000941","Do Lan Chi","0978782372","54570000","1789848000000","3","PENDING"
"ITEM","ORD000941","P532","Router WiFi TP-Link - Mau 532","4","2110000"
"ITEM","ORD000941","P883","Man hinh Dell - Mau 883","3","2800000"
"ITEM","ORD000941","P495","O cung HDD Seagate - Mau 495","4","2380000"
"ITEM","ORD000941","P867","Laptop Asus - Mau 867","1","28210000"
"HISTORY","ORD000941","PENDING","1789848000000"
"ORDER","ORD000942","Phan Bao Tran","0984135499","8280000","1789848900000","3","PENDING"
"ITEM","ORD000942","P354","Gia do laptop Baseus - Mau 354","4","760000"
"ITEM","ORD000942","P160","Bo chia HDMI Ugreen - Mau 160","2","680000"
"ITEM","ORD000942","P608","Webcam Logitech - Mau 608","2","1940000"
"HISTORY","ORD000942","PENDING","1789848900000"
"ORDER","ORD000943","Vo Dang Khoa","0945573334","1500000","1789849800000","3","PROCESSING"
"ITEM","ORD000943","P652","Router WiFi TP-Link - Mau 652","1","1500000"
"HISTORY","ORD000943","PENDING","1789849800000"
"HISTORY","ORD000943","PROCESSING","1789853400000"
"ORDER","ORD000944","Huynh Huynh Khoa","0955355535","4480000","1789850700000","3","PROCESSING"
"ITEM","ORD000944","P375","O cung HDD Seagate - Mau 375","3","980000"
"ITEM","ORD000944","P068","Webcam Logitech - Mau 068","2","770000"
"HISTORY","ORD000944","PENDING","1789850700000"
"HISTORY","ORD000944","PROCESSING","1789854300000"
"ORDER","ORD000945","Pham Minh Duc","0970883195","80960000","1789851600000","3","SHIPPING"
"ITEM","ORD000945","P307","Laptop Asus - Mau 307","1","23260000"
"ITEM","ORD000945","P119","May in Canon - Mau 119","4","8100000"
"ITEM","ORD000945","P759","May in Canon - Mau 759","1","4180000"
"ITEM","ORD000945","P419","May in Canon - Mau 419","3","7040000"
"HISTORY","ORD000945","PENDING","1789851600000"
"HISTORY","ORD000945","PROCESSING","1789855200000"
"HISTORY","ORD000945","SHIPPING","1789858800000"
"ORDER","ORD000946","Nguyen Thanh Nam","0931360751","121059000","1789852500000","1","SHIPPING"
"ITEM","ORD000946","P403","Man hinh Dell - Mau 403","2","4563000"
"ITEM","ORD000946","P827","Laptop Asus - Mau 827","4","27774000"
"ITEM","ORD000946","P236","Chuot gaming Razer - Mau 236","1","837000"
"HISTORY","ORD000946","PENDING","1789852500000"
"HISTORY","ORD000946","PROCESSING","1789856100000"
"HISTORY","ORD000946","SHIPPING","1789859700000"
"ORDER","ORD000947","Tran Quang Huy","0982096811","53930000","1789853400000","1","COMPLETED"
"ITEM","ORD000947","P977","Ban phim gaming Corsair - Mau 977","4","4140000"
"ITEM","ORD000947","P615","O cung HDD Seagate - Mau 615","4","1620000"
"ITEM","ORD000947","P267","Laptop Asus - Mau 267","1","20290000"
"ITEM","ORD000947","P321","Chuot khong day Logitech - Mau 321","4","850000"
"ITEM","ORD000947","P645","SSD Samsung - Mau 645","4","1800000"
"HISTORY","ORD000947","PENDING","1789853400000"
"HISTORY","ORD000947","PROCESSING","1789857000000"
"HISTORY","ORD000947","SHIPPING","1789860600000"
"HISTORY","ORD000947","COMPLETED","1789864200000"
"ORDER","ORD000948","Pham Ngoc Anh","0983052908","37540000","1789854300000","1","COMPLETED"
"ITEM","ORD000948","P018","Microphone HyperX - Mau 018","2","3780000"
"ITEM","ORD000948","P952","Router WiFi TP-Link - Mau 952","1","980000"
"ITEM","ORD000948","P068","Webcam Logitech - Mau 068","4","770000"
"ITEM","ORD000948","P839","May in Canon - Mau 839","4","6480000"
"HISTORY","ORD000948","PENDING","1789854300000"
"HISTORY","ORD000948","PROCESSING","1789857900000"
"HISTORY","ORD000948","SHIPPING","1789861500000"
"HISTORY","ORD000948","COMPLETED","1789865100000"
"ORDER","ORD000949","Huynh Lan Chi","0981409784","90670000","1789855200000","1","CANCELLED"
"ITEM","ORD000949","P854","Gia do laptop Baseus - Mau 854","1","680000"
"ITEM","ORD000949","P496","Chuot gaming Razer - Mau 496","4","1150000"
"ITEM","ORD000949","P867","Laptop Asus - Mau 867","3","28210000"
"ITEM","ORD000949","P336","Chuot gaming Razer - Mau 336","2","380000"
"HISTORY","ORD000949","PENDING","1789855200000"
"HISTORY","ORD000949","PROCESSING","1789858800000"
"HISTORY","ORD000949","CANCELLED","1789862400000"
"ORDER","ORD000950","Vo Dinh Hai","0956733096","13230000","1789856100000","1","CANCELLED"
"ITEM","ORD000950","P803","Man hinh Dell - Mau 803","1","7390000"
"ITEM","ORD000950","P840","Bo chia HDMI Ugreen - Mau 840","3","330000"
"ITEM","ORD000950","P883","Man hinh Dell - Mau 883","1","2800000"
"ITEM","ORD000950","P397","Ban phim gaming Corsair - Mau 397","1","1710000"
"ITEM","ORD000950","P193","USB Sandisk - Mau 193","2","170000"
"HISTORY","ORD000950","PENDING","1789856100000"
"HISTORY","ORD000950","CANCELLED","1789859700000"
"ORDER","ORD000951","Tran Thu Ha","0974180549","15300000","1789857000000","2","PENDING"
"ITEM","ORD000951","P736","Chuot gaming Razer - Mau 736","3","1900000"
"ITEM","ORD000951","P932","Router WiFi TP-Link - Mau 932","3","3200000"
"HISTORY","ORD000951","PENDING","1789857000000"
"ORDER","ORD000952","Do Thu Ha","0924324588","59070000","1789857900000","2","PENDING"
"ITEM","ORD000952","P523","Man hinh Dell - Mau 523","2","5520000"
"ITEM","ORD000952","P032","Router WiFi TP-Link - Mau 032","4","1380000"
"ITEM","ORD000952","P397","Ban phim gaming Corsair - Mau 397","1","1710000"
"ITEM","ORD000952","P903","Man hinh Dell - Mau 903","3","13600000"
"HISTORY","ORD000952","PENDING","1789857900000"
"ORDER","ORD000953","Nguyen Dinh Hai","0965455623","6640000","1789858800000","2","PROCESSING"
"ITEM","ORD000953","P638","Microphone HyperX - Mau 638","2","3180000"
"ITEM","ORD000953","P994","Gia do laptop Baseus - Mau 994","2","140000"
"HISTORY","ORD000953","PENDING","1789858800000"
"HISTORY","ORD000953","PROCESSING","1789862400000"
"ORDER","ORD000954","Dang Bao Tran","0917700356","118040000","1789859700000","2","PROCESSING"
"ITEM","ORD000954","P167","Laptop Asus - Mau 167","4","26820000"
"ITEM","ORD000954","P923","Man hinh Dell - Mau 923","1","4360000"
"ITEM","ORD000954","P666","RAM Kingston - Mau 666","4","1600000"
"HISTORY","ORD000954","PENDING","1789859700000"
"HISTORY","ORD000954","PROCESSING","1789863300000"
"ORDER","ORD000955","Huynh Dang Khoa","0980579194","59460000","1789860600000","2","SHIPPING"
"ITEM","ORD000955","P007","Laptop Asus - Mau 007","4","14700000"
"ITEM","ORD000955","P494","Gia do laptop Baseus - Mau 494","3","220000"
"HISTORY","ORD000955","PENDING","1789860600000"
"HISTORY","ORD000955","PROCESSING","1789864200000"
"HISTORY","ORD000955","SHIPPING","1789867800000"
"ORDER","ORD000956","Huynh Thu Ha","0959590848","5360000","1789861500000","3","SHIPPING"
"ITEM","ORD000956","P970","Sac du phong Anker - Mau 970","4","1340000"
"HISTORY","ORD000956","PENDING","1789861500000"
"HISTORY","ORD000956","PROCESSING","1789865100000"
"HISTORY","ORD000956","SHIPPING","1789868700000"
"ORDER","ORD000957","Bui Thanh Nam","0930086933","7425000","1789862400000","3","COMPLETED"
"ITEM","ORD000957","P458","Microphone HyperX - Mau 458","2","2061000"
"ITEM","ORD000957","P293","USB Sandisk - Mau 293","2","270000"
"ITEM","ORD000957","P314","Gia do laptop Baseus - Mau 314","3","639000"
"ITEM","ORD000957","P541","Chuot khong day Logitech - Mau 541","1","108000"
"ITEM","ORD000957","P500","Bo chia HDMI Ugreen - Mau 500","1","738000"
"HISTORY","ORD000957","PENDING","1789862400000"
"HISTORY","ORD000957","PROCESSING","1789866000000"
"HISTORY","ORD000957","SHIPPING","1789869600000"
"HISTORY","ORD000957","COMPLETED","1789873200000"
"ORDER","ORD000958","Vo Minh An","0931047768","31550000","1789863300000","3","COMPLETED"
"ITEM","ORD000958","P118","Microphone HyperX - Mau 118","2","3670000"
"ITEM","ORD000958","P201","Chuot khong day Logitech - Mau 201","2","760000"
"ITEM","ORD000958","P077","Ban phim gaming Corsair - Mau 077","4","4260000"
"ITEM","ORD000958","P961","Chuot khong day Logitech - Mau 961","3","790000"
"ITEM","ORD000958","P500","Bo chia HDMI Ugreen - Mau 500","4","820000"
"HISTORY","ORD000958","PENDING","1789863300000"
"HISTORY","ORD000958","PROCESSING","1789866900000"
"HISTORY","ORD000958","SHIPPING","1789870500000"
"HISTORY","ORD000958","COMPLETED","1789874100000"
"ORDER","ORD000959","Le Ngoc Anh","0953672287","19010000","1789864200000","3","CANCELLED"
"ITEM","ORD000959","P766","RAM Kingston - Mau 766","2","2640000"
"ITEM","ORD000959","P612","Router WiFi TP-Link - Mau 612","2","940000"
"ITEM","ORD000959","P224","Tai nghe Sony - Mau 224","4","2540000"
"ITEM","ORD000959","P956","Chuot gaming Razer - Mau 956","1","1270000"
"ITEM","ORD000959","P981","Chuot khong day Logitech - Mau 981","3","140000"
"HISTORY","ORD000959","PENDING","1789864200000"
"HISTORY","ORD000959","PROCESSING","1789867800000"
"HISTORY","ORD000959","CANCELLED","1789871400000"
"ORDER","ORD000960","Bui Dang Khoa","0972480727","24530000","1789865100000","3","CANCELLED"
"ITEM","ORD000960","P989","Loa Bluetooth JBL - Mau 989","2","2650000"
"ITEM","ORD000960","P008","Webcam Logitech - Mau 008","3","1630000"
"ITEM","ORD000960","P186","RAM Kingston - Mau 186","4","2630000"
"ITEM","ORD000960","P290","Sac du phong Anker - Mau 290","2","1910000"
"HISTORY","ORD000960","PENDING","1789865100000"
"HISTORY","ORD000960","CANCELLED","1789868700000"
"ORDER","ORD000961","Phan Tuan Kiet","0962559620","27940000","1789866000000","1","PENDING"
"ITEM","ORD000961","P203","Man hinh Dell - Mau 203","2","8050000"
"ITEM","ORD000961","P579","May in Canon - Mau 579","4","2140000"
"ITEM","ORD000961","P830","Sac du phong Anker - Mau 830","1","1730000"
"ITEM","ORD000961","P506","RAM Kingston - Mau 506","1","1550000"
"HISTORY","ORD000961","PENDING","1789866000000"
"ORDER","ORD000962","Vo Dang Khoa","0931146841","10730000","1789866900000","1","PENDING"
"ITEM","ORD000962","P763","Man hinh Dell - Mau 763","1","10380000"
"ITEM","ORD000962","P310","Sac du phong Anker - Mau 310","1","350000"
"HISTORY","ORD000962","PENDING","1789866900000"
"ORDER","ORD000963","Tran Thu Ha","0910211249","6600000","1789867800000","1","PROCESSING"
"ITEM","ORD000963","P976","Chuot gaming Razer - Mau 976","3","2200000"
"HISTORY","ORD000963","PENDING","1789867800000"
"HISTORY","ORD000963","PROCESSING","1789871400000"
"ORDER","ORD000964","Nguyen Bao Tran","0929489349","30560000","1789868700000","1","PROCESSING"
"ITEM","ORD000964","P858","Microphone HyperX - Mau 858","3","2580000"
"ITEM","ORD000964","P812","Router WiFi TP-Link - Mau 812","1","2930000"
"ITEM","ORD000964","P584","Tai nghe Sony - Mau 584","3","3650000"
"ITEM","ORD000964","P049","Loa Bluetooth JBL - Mau 049","4","1730000"
"ITEM","ORD000964","P768","Webcam Logitech - Mau 768","1","2020000"
"HISTORY","ORD000964","PENDING","1789868700000"
"HISTORY","ORD000964","PROCESSING","1789872300000"
"ORDER","ORD000965","Huynh Thanh Nam","0930029577","1290000","1789869600000","1","SHIPPING"
"ITEM","ORD000965","P831","Cap USB-C Ugreen - Mau 831","3","430000"
"HISTORY","ORD000965","PENDING","1789869600000"
"HISTORY","ORD000965","PROCESSING","1789873200000"
"HISTORY","ORD000965","SHIPPING","1789876800000"
"ORDER","ORD000966","Hoang Minh Duc","0916423203","31730000","1789870500000","2","SHIPPING"
"ITEM","ORD000966","P155","O cung HDD Seagate - Mau 155","2","1140000"
"ITEM","ORD000966","P358","Microphone HyperX - Mau 358","3","2570000"
"ITEM","ORD000966","P255","O cung HDD Seagate - Mau 255","3","1420000"
"ITEM","ORD000966","P949","Loa Bluetooth JBL - Mau 949","2","4140000"
"ITEM","ORD000966","P639","May in Canon - Mau 639","4","2300000"
"HISTORY","ORD000966","PENDING","1789870500000"
"HISTORY","ORD000966","PROCESSING","1789874100000"
"HISTORY","ORD000966","SHIPPING","1789877700000"
"ORDER","ORD000967","Do Thanh Nam","0926326398","10460000","1789871400000","2","COMPLETED"
"ITEM","ORD000967","P436","Chuot gaming Razer - Mau 436","3","1060000"
"ITEM","ORD000967","P908","Webcam Logitech - Mau 908","3","1520000"
"ITEM","ORD000967","P933","USB Sandisk - Mau 933","1","170000"
"ITEM","ORD000967","P086","RAM Kingston - Mau 086","1","2550000"
"HISTORY","ORD000967","PENDING","1789871400000"
"HISTORY","ORD000967","PROCESSING","1789875000000"
"HISTORY","ORD000967","SHIPPING","1789878600000"
"HISTORY","ORD000967","COMPLETED","1789882200000"
"ORDER","ORD000968","Vo Tuan Kiet","0986683556","3924000","1789872300000","2","COMPLETED"
"ITEM","ORD000968","P536","Chuot gaming Razer - Mau 536","4","981000"
"HISTORY","ORD000968","PENDING","1789872300000"
"HISTORY","ORD000968","PROCESSING","1789875900000"
"HISTORY","ORD000968","SHIPPING","1789879500000"
"HISTORY","ORD000968","COMPLETED","1789883100000"
"ORDER","ORD000969","Dang Thu Ha","0934994172","17240000","1789873200000","2","CANCELLED"
"ITEM","ORD000969","P212","Router WiFi TP-Link - Mau 212","4","1430000"
"ITEM","ORD000969","P376","Chuot gaming Razer - Mau 376","1","370000"
"ITEM","ORD000969","P101","Chuot khong day Logitech - Mau 101","4","730000"
"ITEM","ORD000969","P752","Router WiFi TP-Link - Mau 752","1","2230000"
"ITEM","ORD000969","P456","Chuot gaming Razer - Mau 456","3","2000000"
"HISTORY","ORD000969","PENDING","1789873200000"
"HISTORY","ORD000969","PROCESSING","1789876800000"
"HISTORY","ORD000969","CANCELLED","1789880400000"
"ORDER","ORD000970","Vu Lan Chi","0965313526","400000","1789874100000","2","CANCELLED"
"ITEM","ORD000970","P274","Gia do laptop Baseus - Mau 274","1","400000"
"HISTORY","ORD000970","PENDING","1789874100000"
"HISTORY","ORD000970","CANCELLED","1789877700000"
"ORDER","ORD000971","Le Quang Huy","0922024037","16220000","1789875000000","3","PENDING"
"ITEM","ORD000971","P434","Gia do laptop Baseus - Mau 434","2","650000"
"ITEM","ORD000971","P502","Ban phim Keychron - Mau 502","4","1730000"
"ITEM","ORD000971","P262","Ban phim Keychron - Mau 262","2","570000"
"ITEM","ORD000971","P522","Ban phim Keychron - Mau 522","2","3170000"
"ITEM","ORD000971","P606","RAM Kingston - Mau 606","1","520000"
"HISTORY","ORD000971","PENDING","1789875000000"
"ORDER","ORD000972","Do Quang Huy","0999573266","8420000","1789875900000","3","PENDING"
"ITEM","ORD000972","P297","Ban phim gaming Corsair - Mau 297","2","4210000"
"HISTORY","ORD000972","PENDING","1789875900000"
"ORDER","ORD000973","Pham Minh An","0969782300","24160000","1789876800000","3","PROCESSING"
"ITEM","ORD000973","P003","Man hinh Dell 24 inch","3","3000000"
"ITEM","ORD000973","P295","O cung HDD Seagate - Mau 295","4","1870000"
"ITEM","ORD000973","P825","SSD Samsung - Mau 825","4","1850000"
"ITEM","ORD000973","P994","Gia do laptop Baseus - Mau 994","2","140000"
"HISTORY","ORD000973","PENDING","1789876800000"
"HISTORY","ORD000973","PROCESSING","1789880400000"
"ORDER","ORD000974","Do Minh An","0912451344","14840000","1789877700000","3","PROCESSING"
"ITEM","ORD000974","P885","SSD Samsung - Mau 885","3","4200000"
"ITEM","ORD000974","P228","Webcam Logitech - Mau 228","1","2240000"
"HISTORY","ORD000974","PENDING","1789877700000"
"HISTORY","ORD000974","PROCESSING","1789881300000"
"ORDER","ORD000975","Vu Dinh Hai","0928378897","14050000","1789878600000","3","SHIPPING"
"ITEM","ORD000975","P757","Ban phim gaming Corsair - Mau 757","1","3460000"
"ITEM","ORD000975","P438","Microphone HyperX - Mau 438","2","2520000"
"ITEM","ORD000975","P930","Sac du phong Anker - Mau 930","1","1650000"
"ITEM","ORD000975","P978","Microphone HyperX - Mau 978","2","1950000"
"HISTORY","ORD000975","PENDING","1789878600000"
"HISTORY","ORD000975","PROCESSING","1789882200000"
"HISTORY","ORD000975","SHIPPING","1789885800000"
"ORDER","ORD000976","Nguyen Quang Huy","0953378827","21000000","1789879500000","1","SHIPPING"
"ITEM","ORD000976","P425","SSD Samsung - Mau 425","4","2150000"
"ITEM","ORD000976","P639","May in Canon - Mau 639","4","2300000"
"ITEM","ORD000976","P666","RAM Kingston - Mau 666","2","1600000"
"HISTORY","ORD000976","PENDING","1789879500000"
"HISTORY","ORD000976","PROCESSING","1789883100000"
"HISTORY","ORD000976","SHIPPING","1789886700000"
"ORDER","ORD000977","Do Thanh Nam","0928924299","21670000","1789880400000","1","COMPLETED"
"ITEM","ORD000977","P232","Router WiFi TP-Link - Mau 232","4","2230000"
"ITEM","ORD000977","P654","Gia do laptop Baseus - Mau 654","2","490000"
"ITEM","ORD000977","P958","Microphone HyperX - Mau 958","2","1640000"
"ITEM","ORD000977","P157","Ban phim gaming Corsair - Mau 157","3","1240000"
"ITEM","ORD000977","P448","Webcam Logitech - Mau 448","3","1590000"
"HISTORY","ORD000977","PENDING","1789880400000"
"HISTORY","ORD000977","PROCESSING","1789884000000"
"HISTORY","ORD000977","SHIPPING","1789887600000"
"HISTORY","ORD000977","COMPLETED","1789891200000"
"ORDER","ORD000978","Huynh Huynh Khoa","0923730394","4160000","1789881300000","1","COMPLETED"
"ITEM","ORD000978","P668","Webcam Logitech - Mau 668","2","2080000"
"HISTORY","ORD000978","PENDING","1789881300000"
"HISTORY","ORD000978","PROCESSING","1789884900000"
"HISTORY","ORD000978","SHIPPING","1789888500000"
"HISTORY","ORD000978","COMPLETED","1789892100000"
"ORDER","ORD000979","Huynh Huynh Khoa","0932241883","21546000","1789882200000","1","CANCELLED"
"ITEM","ORD000979","P931","Cap USB-C Ugreen - Mau 931","2","63000"
"ITEM","ORD000979","P760","Bo chia HDMI Ugreen - Mau 760","2","288000"
"ITEM","ORD000979","P169","Loa Bluetooth JBL - Mau 169","4","5211000"
"HISTORY","ORD000979","PENDING","1789882200000"
"HISTORY","ORD000979","PROCESSING","1789885800000"
"HISTORY","ORD000979","CANCELLED","1789889400000"
"ORDER","ORD000980","Phan Dinh Hai","0931917142","33410000","1789883100000","1","CANCELLED"
"ITEM","ORD000980","P946","RAM Kingston - Mau 946","2","1960000"
"ITEM","ORD000980","P167","Laptop Asus - Mau 167","1","26820000"
"ITEM","ORD000980","P676","Chuot gaming Razer - Mau 676","3","890000"
"HISTORY","ORD000980","PENDING","1789883100000"
"HISTORY","ORD000980","CANCELLED","1789886700000"
"ORDER","ORD000981","Dang Dinh Hai","0962675315","19220000","1789884000000","2","PENDING"
"ITEM","ORD000981","P932","Router WiFi TP-Link - Mau 932","3","3200000"
"ITEM","ORD000981","P757","Ban phim gaming Corsair - Mau 757","2","3460000"
"ITEM","ORD000981","P954","Gia do laptop Baseus - Mau 954","2","370000"
"ITEM","ORD000981","P654","Gia do laptop Baseus - Mau 654","4","490000"
"HISTORY","ORD000981","PENDING","1789884000000"
"ORDER","ORD000982","Phan Ngoc Anh","0914260072","10400000","1789884900000","2","PENDING"
"ITEM","ORD000982","P505","SSD Samsung - Mau 505","1","3510000"
"ITEM","ORD000982","P941","Chuot khong day Logitech - Mau 941","1","570000"
"ITEM","ORD000982","P522","Ban phim Keychron - Mau 522","1","3170000"
"ITEM","ORD000982","P657","Ban phim gaming Corsair - Mau 657","1","1010000"
"ITEM","ORD000982","P090","Sac du phong Anker - Mau 090","2","1070000"
"HISTORY","ORD000982","PENDING","1789884900000"
"ORDER","ORD000983","Huynh Minh Duc","0938648135","9120000","1789885800000","2","PROCESSING"
"ITEM","ORD000983","P475","O cung HDD Seagate - Mau 475","4","2280000"
"HISTORY","ORD000983","PENDING","1789885800000"
"HISTORY","ORD000983","PROCESSING","1789889400000"
"ORDER","ORD000984","Hoang Minh An","0968396871","103060000","1789886700000","2","PROCESSING"
"ITEM","ORD000984","P947","Laptop Asus - Mau 947","4","24830000"
"ITEM","ORD000984","P948","Webcam Logitech - Mau 948","2","1870000"
"HISTORY","ORD000984","PENDING","1789886700000"
"HISTORY","ORD000984","PROCESSING","1789890300000"
"ORDER","ORD000985","Le Huynh Khoa","0956409611","19470000","1789887600000","2","SHIPPING"
"ITEM","ORD000985","P479","May in Canon - Mau 479","3","5780000"
"ITEM","ORD000985","P100","Bo chia HDMI Ugreen - Mau 100","3","220000"
"ITEM","ORD000985","P433","USB Sandisk - Mau 433","3","490000"
"HISTORY","ORD000985","PENDING","1789887600000"
"HISTORY","ORD000985","PROCESSING","1789891200000"
"HISTORY","ORD000985","SHIPPING","1789894800000"
"ORDER","ORD000986","Phan Lan Chi","0917488016","14680000","1789888500000","3","SHIPPING"
"ITEM","ORD000986","P118","Microphone HyperX - Mau 118","4","3670000"
"HISTORY","ORD000986","PENDING","1789888500000"
"HISTORY","ORD000986","PROCESSING","1789892100000"
"HISTORY","ORD000986","SHIPPING","1789895700000"
"ORDER","ORD000987","Dang Lan Chi","0988076396","12420000","1789889400000","3","COMPLETED"
"ITEM","ORD000987","P365","SSD Samsung - Mau 365","2","3340000"
"ITEM","ORD000987","P934","Gia do laptop Baseus - Mau 934","4","490000"
"ITEM","ORD000987","P723","Man hinh Dell - Mau 723","2","1890000"
"HISTORY","ORD000987","PENDING","1789889400000"
"HISTORY","ORD000987","PROCESSING","1789893000000"
"HISTORY","ORD000987","SHIPPING","1789896600000"
"HISTORY","ORD000987","COMPLETED","1789900200000"
"ORDER","ORD000988","Do Bao Tran","0979008812","34140000","1789890300000","3","COMPLETED"
"ITEM","ORD000988","P803","Man hinh Dell - Mau 803","4","7390000"
"ITEM","ORD000988","P458","Microphone HyperX - Mau 458","2","2290000"
"HISTORY","ORD000988","PENDING","1789890300000"
"HISTORY","ORD000988","PROCESSING","1789893900000"
"HISTORY","ORD000988","SHIPPING","1789897500000"
"HISTORY","ORD000988","COMPLETED","1789901100000"
"ORDER","ORD000989","Pham Dang Khoa","0985613173","14740000","1789891200000","3","CANCELLED"
"ITEM","ORD000989","P195","O cung HDD Seagate - Mau 195","1","1430000"
"ITEM","ORD000989","P092","Router WiFi TP-Link - Mau 092","3","2500000"
"ITEM","ORD000989","P256","Chuot gaming Razer - Mau 256","2","430000"
"ITEM","ORD000989","P093","USB Sandisk - Mau 093","4","570000"
"ITEM","ORD000989","P145","SSD Samsung - Mau 145","3","890000"
"HISTORY","ORD000989","PENDING","1789891200000"
"HISTORY","ORD000989","PROCESSING","1789894800000"
"HISTORY","ORD000989","CANCELLED","1789898400000"
"ORDER","ORD000990","Phan Tuan Kiet","0911317096","36657000","1789892100000","3","CANCELLED"
"ITEM","ORD000990","P017","Ban phim gaming Corsair - Mau 017","3","2835000"
"ITEM","ORD000990","P578","Microphone HyperX - Mau 578","1","2790000"
"ITEM","ORD000990","P932","Router WiFi TP-Link - Mau 932","1","2880000"
"ITEM","ORD000990","P223","Man hinh Dell - Mau 223","2","11241000"
"HISTORY","ORD000990","PENDING","1789892100000"
"HISTORY","ORD000990","CANCELLED","1789895700000"
"ORDER","ORD000991","Huynh Minh An","0970126524","5660000","1789893000000","1","PENDING"
"ITEM","ORD000991","P731","Cap USB-C Ugreen - Mau 731","3","190000"
"ITEM","ORD000991","P610","Sac du phong Anker - Mau 610","4","950000"
"ITEM","ORD000991","P171","Cap USB-C Ugreen - Mau 171","2","410000"
"ITEM","ORD000991","P442","Ban phim Keychron - Mau 442","1","470000"
"HISTORY","ORD000991","PENDING","1789893000000"
"ORDER","ORD000992","Phan Minh An","0936459363","11400000","1789893900000","1","PENDING"
"ITEM","ORD000992","P161","Chuot khong day Logitech - Mau 161","1","870000"
"ITEM","ORD000992","P108","Webcam Logitech - Mau 108","3","2470000"
"ITEM","ORD000992","P648","Webcam Logitech - Mau 648","2","1560000"
"HISTORY","ORD000992","PENDING","1789893900000"
"ORDER","ORD000993","Do Huynh Khoa","0917858269","7440000","1789894800000","1","PROCESSING"
"ITEM","ORD000993","P662","Ban phim Keychron - Mau 662","3","2480000"
"HISTORY","ORD000993","PENDING","1789894800000"
"HISTORY","ORD000993","PROCESSING","1789898400000"
"ORDER","ORD000994","Huynh Quang Huy","0949270252","14110000","1789895700000","1","PROCESSING"
"ITEM","ORD000994","P472","Router WiFi TP-Link - Mau 472","1","1300000"
"ITEM","ORD000994","P598","Microphone HyperX - Mau 598","4","2540000"
"ITEM","ORD000994","P010","Sac du phong Anker - Mau 010","1","1850000"
"ITEM","ORD000994","P520","Bo chia HDMI Ugreen - Mau 520","1","800000"
"HISTORY","ORD000994","PENDING","1789895700000"
"HISTORY","ORD000994","PROCESSING","1789899300000"
"ORDER","ORD000995","Dang Dinh Hai","0910775554","8130000","1789896600000","1","SHIPPING"
"ITEM","ORD000995","P149","Loa Bluetooth JBL - Mau 149","2","1840000"
"ITEM","ORD000995","P191","Cap USB-C Ugreen - Mau 191","2","80000"
"ITEM","ORD000995","P195","O cung HDD Seagate - Mau 195","3","1430000"
"HISTORY","ORD000995","PENDING","1789896600000"
"HISTORY","ORD000995","PROCESSING","1789900200000"
"HISTORY","ORD000995","SHIPPING","1789903800000"
"ORDER","ORD000996","Nguyen Lan Chi","0934820460","1160000","1789897500000","2","SHIPPING"
"ITEM","ORD000996","P146","RAM Kingston - Mau 146","1","1160000"
"HISTORY","ORD000996","PENDING","1789897500000"
"HISTORY","ORD000996","PROCESSING","1789901100000"
"HISTORY","ORD000996","SHIPPING","1789904700000"
"ORDER","ORD000997","Huynh Ngoc Anh","0996923468","26950000","1789898400000","2","COMPLETED"
"ITEM","ORD000997","P504","Tai nghe Sony - Mau 504","3","2490000"
"ITEM","ORD000997","P025","SSD Samsung - Mau 025","4","4160000"
"ITEM","ORD000997","P410","Sac du phong Anker - Mau 410","1","1300000"
"ITEM","ORD000997","P332","Router WiFi TP-Link - Mau 332","1","1540000"
"HISTORY","ORD000997","PENDING","1789898400000"
"HISTORY","ORD000997","PROCESSING","1789902000000"
"HISTORY","ORD000997","SHIPPING","1789905600000"
"HISTORY","ORD000997","COMPLETED","1789909200000"
"ORDER","ORD000998","Hoang Ngoc Anh","0997545262","8280000","1789899300000","2","COMPLETED"
"ITEM","ORD000998","P349","Loa Bluetooth JBL - Mau 349","3","2760000"
"HISTORY","ORD000998","PENDING","1789899300000"
"HISTORY","ORD000998","PROCESSING","1789902900000"
"HISTORY","ORD000998","SHIPPING","1789906500000"
"HISTORY","ORD000998","COMPLETED","1789910100000"
"ORDER","ORD000999","Le Thu Ha","0915615082","14230000","1789900200000","2","CANCELLED"
"ITEM","ORD000999","P913","USB Sandisk - Mau 913","3","190000"
"ITEM","ORD000999","P091","Cap USB-C Ugreen - Mau 091","2","70000"
"ITEM","ORD000999","P065","SSD Samsung - Mau 065","1","3240000"
"ITEM","ORD000999","P358","Microphone HyperX - Mau 358","4","2570000"
"HISTORY","ORD000999","PENDING","1789900200000"
"HISTORY","ORD000999","PROCESSING","1789903800000"
"HISTORY","ORD000999","CANCELLED","1789907400000"
"ORDER","ORD001000","Bui Bao Tran","0964444560","16480000","1789901100000","2","CANCELLED"
"ITEM","ORD001000","P691","Cap USB-C Ugreen - Mau 691","4","190000"
"ITEM","ORD001000","P948","Webcam Logitech - Mau 948","3","1870000"
"ITEM","ORD001000","P937","Ban phim gaming Corsair - Mau 937","2","2310000"
"ITEM","ORD001000","P642","Ban phim Keychron - Mau 642","3","1830000"
"HISTORY","ORD001000","PENDING","1789901100000"
"HISTORY","ORD001000","CANCELLED","1789904700000"
"ORDER","ORD001001","Pham Thanh Nam","0947489963","1719000","1789902000000","3","PENDING"
"ITEM","ORD001001","P090","Sac du phong Anker - Mau 090","1","963000"
"ITEM","ORD001001","P471","Cap USB-C Ugreen - Mau 471","2","378000"
"HISTORY","ORD001001","PENDING","1789902000000"
"ORDER","ORD001002","Huynh Tuan Kiet","0965679320","15620000","1789902900000","3","PENDING"
"ITEM","ORD001002","P377","Ban phim gaming Corsair - Mau 377","2","3810000"
"ITEM","ORD001002","P990","Sac du phong Anker - Mau 990","2","260000"
"ITEM","ORD001002","P042","Ban phim Keychron - Mau 042","3","1700000"
"ITEM","ORD001002","P495","O cung HDD Seagate - Mau 495","1","2380000"
"HISTORY","ORD001002","PENDING","1789902900000"
"ORDER","ORD001003","Vo Thu Ha","0919984130","19920000","1789903800000","3","PROCESSING"
"ITEM","ORD001003","P247","Laptop Asus - Mau 247","1","19920000"
"HISTORY","ORD001003","PENDING","1789903800000"
"HISTORY","ORD001003","PROCESSING","1789907400000"
"ORDER","ORD001004","Hoang Ngoc Anh","0910275449","21970000","1789904700000","3","PROCESSING"
"ITEM","ORD001004","P436","Chuot gaming Razer - Mau 436","4","1060000"
"ITEM","ORD001004","P522","Ban phim Keychron - Mau 522","4","3170000"
"ITEM","ORD001004","P225","SSD Samsung - Mau 225","1","2970000"
"ITEM","ORD001004","P961","Chuot khong day Logitech - Mau 961","1","790000"
"ITEM","ORD001004","P371","Cap USB-C Ugreen - Mau 371","3","430000"
"HISTORY","ORD001004","PENDING","1789904700000"
"HISTORY","ORD001004","PROCESSING","1789908300000"
"ORDER","ORD001005","Phan Dang Khoa","0920095602","35520000","1789905600000","3","SHIPPING"
"ITEM","ORD001005","P003","Man hinh Dell 24 inch","4","3000000"
"ITEM","ORD001005","P886","RAM Kingston - Mau 886","4","1490000"
"ITEM","ORD001005","P973","USB Sandisk - Mau 973","1","400000"
"ITEM","ORD001005","P859","May in Canon - Mau 859","4","3810000"
"ITEM","ORD001005","P968","Webcam Logitech - Mau 968","4","480000"
"HISTORY","ORD001005","PENDING","1789905600000"
"HISTORY","ORD001005","PROCESSING","1789909200000"
"HISTORY","ORD001005","SHIPPING","1789912800000"
"ORDER","ORD001006","Phan Bao Tran","0936444878","30800000","1789906500000","1","SHIPPING"
"ITEM","ORD001006","P402","Ban phim Keychron - Mau 402","2","950000"
"ITEM","ORD001006","P999","May in Canon - Mau 999","4","6750000"
"ITEM","ORD001006","P135","O cung HDD Seagate - Mau 135","1","1900000"
"HISTORY","ORD001006","PENDING","1789906500000"
"HISTORY","ORD001006","PROCESSING","1789910100000"
"HISTORY","ORD001006","SHIPPING","1789913700000"
"ORDER","ORD001007","Phan Minh Duc","0955754308","7780000","1789907400000","1","COMPLETED"
"ITEM","ORD001007","P918","Microphone HyperX - Mau 918","1","3920000"
"ITEM","ORD001007","P816","Chuot gaming Razer - Mau 816","4","410000"
"ITEM","ORD001007","P791","Cap USB-C Ugreen - Mau 791","2","430000"
"ITEM","ORD001007","P413","USB Sandisk - Mau 413","2","310000"
"ITEM","ORD001007","P954","Gia do laptop Baseus - Mau 954","2","370000"
"HISTORY","ORD001007","PENDING","1789907400000"
"HISTORY","ORD001007","PROCESSING","1789911000000"
"HISTORY","ORD001007","SHIPPING","1789914600000"
"HISTORY","ORD001007","COMPLETED","1789918200000"
"ORDER","ORD001008","Hoang Tuan Kiet","0943655582","10590000","1789908300000","1","COMPLETED"
"ITEM","ORD001008","P914","Gia do laptop Baseus - Mau 914","1","570000"
"ITEM","ORD001008","P216","Chuot gaming Razer - Mau 216","1","2040000"
"ITEM","ORD001008","P039","May in Canon - Mau 039","2","3990000"
"HISTORY","ORD001008","PENDING","1789908300000"
"HISTORY","ORD001008","PROCESSING","1789911900000"
"HISTORY","ORD001008","SHIPPING","1789915500000"
"HISTORY","ORD001008","COMPLETED","1789919100000"
"ORDER","ORD001009","Do Thu Ha","0955024816","3990000","1789909200000","1","CANCELLED"
"ITEM","ORD001009","P395","O cung HDD Seagate - Mau 395","3","1330000"
"HISTORY","ORD001009","PENDING","1789909200000"
"HISTORY","ORD001009","PROCESSING","1789912800000"
"HISTORY","ORD001009","CANCELLED","1789916400000"
"ORDER","ORD001010","Le Quang Huy","0966540342","7370000","1789910100000","1","CANCELLED"
"ITEM","ORD001010","P334","Gia do laptop Baseus - Mau 334","3","790000"
"ITEM","ORD001010","P702","Ban phim Keychron - Mau 702","2","2500000"
"HISTORY","ORD001010","PENDING","1789910100000"
"HISTORY","ORD001010","CANCELLED","1789913700000"
"ORDER","ORD001011","Vu Huynh Khoa","0922490392","6430000","1789911000000","2","PENDING"
"ITEM","ORD001011","P109","Loa Bluetooth JBL - Mau 109","1","6430000"
"HISTORY","ORD001011","PENDING","1789911000000"
"ORDER","ORD001012","Le Huynh Khoa","0917040319","28800000","1789911900000","2","PENDING"
"ITEM","ORD001012","P951","Cap USB-C Ugreen - Mau 951","2","306000"
"ITEM","ORD001012","P535","O cung HDD Seagate - Mau 535","3","2196000"
"ITEM","ORD001012","P259","May in Canon - Mau 259","3","7200000"
"HISTORY","ORD001012","PENDING","1789911900000"
"ORDER","ORD001013","Bui Quang Huy","0932913514","73170000","1789912800000","2","PROCESSING"
"ITEM","ORD001013","P592","Router WiFi TP-Link - Mau 592","3","2620000"
"ITEM","ORD001013","P467","Laptop Asus - Mau 467","3","21770000"
"HISTORY","ORD001013","PENDING","1789912800000"
"HISTORY","ORD001013","PROCESSING","1789916400000"
"ORDER","ORD001014","Huynh Dinh Hai","0953056968","3760000","1789913700000","2","PROCESSING"
"ITEM","ORD001014","P117","Ban phim gaming Corsair - Mau 117","1","3760000"
"HISTORY","ORD001014","PENDING","1789913700000"
"HISTORY","ORD001014","PROCESSING","1789917300000"
"ORDER","ORD001015","Bui Thu Ha","0924828616","3910000","1789914600000","2","SHIPPING"
"ITEM","ORD001015","P991","Cap USB-C Ugreen - Mau 991","2","190000"
"ITEM","ORD001015","P593","USB Sandisk - Mau 593","1","530000"
"ITEM","ORD001015","P010","Sac du phong Anker - Mau 010","1","1850000"
"ITEM","ORD001015","P905","SSD Samsung - Mau 905","1","1150000"
"HISTORY","ORD001015","PENDING","1789914600000"
"HISTORY","ORD001015","PROCESSING","1789918200000"
"HISTORY","ORD001015","SHIPPING","1789921800000"
"ORDER","ORD001016","Do Bao Tran","0953176772","15480000","1789915500000","3","SHIPPING"
"ITEM","ORD001016","P086","RAM Kingston - Mau 086","2","2550000"
"ITEM","ORD001016","P948","Webcam Logitech - Mau 948","3","1870000"
"ITEM","ORD001016","P190","Sac du phong Anker - Mau 190","2","400000"
"ITEM","ORD001016","P625","SSD Samsung - Mau 625","1","3970000"
"HISTORY","ORD001016","PENDING","1789915500000"
"HISTORY","ORD001016","PROCESSING","1789919100000"
"HISTORY","ORD001016","SHIPPING","1789922700000"
"ORDER","ORD001017","Tran Dinh Hai","0988725162","18780000","1789916400000","3","COMPLETED"
"ITEM","ORD001017","P735","O cung HDD Seagate - Mau 735","4","2280000"
"ITEM","ORD001017","P533","USB Sandisk - Mau 533","1","80000"
"ITEM","ORD001017","P182","Ban phim Keychron - Mau 182","1","2140000"
"ITEM","ORD001017","P629","Loa Bluetooth JBL - Mau 629","2","900000"
"ITEM","ORD001017","P742","Ban phim Keychron - Mau 742","2","2820000"
"HISTORY","ORD001017","PENDING","1789916400000"
"HISTORY","ORD001017","PROCESSING","1789920000000"
"HISTORY","ORD001017","SHIPPING","1789923600000"
"HISTORY","ORD001017","COMPLETED","1789927200000"
"ORDER","ORD001018","Pham Thu Ha","0936322175","15440000","1789917300000","3","COMPLETED"
"ITEM","ORD001018","P348","Webcam Logitech - Mau 348","2","2360000"
"ITEM","ORD001018","P599","May in Canon - Mau 599","4","2680000"
"HISTORY","ORD001018","PENDING","1789917300000"
"HISTORY","ORD001018","PROCESSING","1789920900000"
"HISTORY","ORD001018","SHIPPING","1789924500000"
"HISTORY","ORD001018","COMPLETED","1789928100000"
"ORDER","ORD001019","Bui Dang Khoa","0914773147","5140000","1789918200000","3","CANCELLED"
"ITEM","ORD001019","P673","USB Sandisk - Mau 673","4","110000"
"ITEM","ORD001019","P009","Loa Bluetooth JBL - Mau 009","1","2660000"
"ITEM","ORD001019","P162","Ban phim Keychron - Mau 162","4","510000"
"HISTORY","ORD001019","PENDING","1789918200000"
"HISTORY","ORD001019","PROCESSING","1789921800000"
"HISTORY","ORD001019","CANCELLED","1789925400000"
"ORDER","ORD001020","Hoang Ngoc Anh","0937711425","27920000","1789919100000","3","CANCELLED"
"ITEM","ORD001020","P498","Microphone HyperX - Mau 498","2","2610000"
"ITEM","ORD001020","P851","Cap USB-C Ugreen - Mau 851","2","140000"
"ITEM","ORD001020","P961","Chuot khong day Logitech - Mau 961","4","790000"
"ITEM","ORD001020","P839","May in Canon - Mau 839","2","6480000"
"ITEM","ORD001020","P017","Ban phim gaming Corsair - Mau 017","2","3150000"
"HISTORY","ORD001020","PENDING","1789919100000"
"HISTORY","ORD001020","CANCELLED","1789922700000"
"ORDER","ORD001021","Le Thanh Nam","0913968631","20230000","1789920000000","1","PENDING"
"ITEM","ORD001021","P720","Bo chia HDMI Ugreen - Mau 720","2","450000"
"ITEM","ORD001021","P533","USB Sandisk - Mau 533","3","80000"
"ITEM","ORD001021","P979","May in Canon - Mau 979","3","4200000"
"ITEM","ORD001021","P584","Tai nghe Sony - Mau 584","1","3650000"
"ITEM","ORD001021","P038","Microphone HyperX - Mau 038","2","1420000"
"HISTORY","ORD001021","PENDING","1789920000000"
"ORDER","ORD001022","Le Minh Duc","0974244308","28000000","1789920900000","1","PENDING"
"ITEM","ORD001022","P705","SSD Samsung - Mau 705","3","4470000"
"ITEM","ORD001022","P824","Tai nghe Sony - Mau 824","2","5060000"
"ITEM","ORD001022","P236","Chuot gaming Razer - Mau 236","4","930000"
"ITEM","ORD001022","P748","Webcam Logitech - Mau 748","1","750000"
"HISTORY","ORD001022","PENDING","1789920900000"
"ORDER","ORD001023","Bui Lan Chi","0991948248","5814000","1789921800000","1","PROCESSING"
"ITEM","ORD001023","P591","Cap USB-C Ugreen - Mau 591","4","63000"
"ITEM","ORD001023","P778","Microphone HyperX - Mau 778","1","1674000"
"ITEM","ORD001023","P726","RAM Kingston - Mau 726","2","1944000"
"HISTORY","ORD001023","PENDING","1789921800000"
"HISTORY","ORD001023","PROCESSING","1789925400000"
"ORDER","ORD001024","Do Tuan Kiet","0951451745","1980000","1789922700000","1","PROCESSING"
"ITEM","ORD001024","P338","Microphone HyperX - Mau 338","1","710000"
"ITEM","ORD001024","P956","Chuot gaming Razer - Mau 956","1","1270000"
"HISTORY","ORD001024","PENDING","1789922700000"
"HISTORY","ORD001024","PROCESSING","1789926300000"
"ORDER","ORD001025","Phan Lan Chi","0981311671","36130000","1789923600000","1","SHIPPING"
"ITEM","ORD001025","P908","Webcam Logitech - Mau 908","2","1520000"
"ITEM","ORD001025","P315","O cung HDD Seagate - Mau 315","4","2220000"
"ITEM","ORD001025","P265","SSD Samsung - Mau 265","4","600000"
"ITEM","ORD001025","P164","Tai nghe Sony - Mau 164","3","5850000"
"ITEM","ORD001025","P255","O cung HDD Seagate - Mau 255","3","1420000"
"HISTORY","ORD001025","PENDING","1789923600000"
"HISTORY","ORD001025","PROCESSING","1789927200000"
"HISTORY","ORD001025","SHIPPING","1789930800000"
"ORDER","ORD001026","Hoang Dinh Hai","0936670087","1780000","1789924500000","2","SHIPPING"
"ITEM","ORD001026","P789","Loa Bluetooth JBL - Mau 789","2","890000"
"HISTORY","ORD001026","PENDING","1789924500000"
"HISTORY","ORD001026","PROCESSING","1789928100000"
"HISTORY","ORD001026","SHIPPING","1789931700000"
"ORDER","ORD001027","Tran Dang Khoa","0963119132","39020000","1789925400000","2","COMPLETED"
"ITEM","ORD001027","P319","May in Canon - Mau 319","2","3690000"
"ITEM","ORD001027","P020","Bo chia HDMI Ugreen - Mau 020","2","410000"
"ITEM","ORD001027","P397","Ban phim gaming Corsair - Mau 397","2","1710000"
"ITEM","ORD001027","P465","SSD Samsung - Mau 465","4","4210000"
"ITEM","ORD001027","P857","Ban phim gaming Corsair - Mau 857","4","2640000"
"HISTORY","ORD001027","PENDING","1789925400000"
"HISTORY","ORD001027","PROCESSING","1789929000000"
"HISTORY","ORD001027","SHIPPING","1789932600000"
"HISTORY","ORD001027","COMPLETED","1789936200000"
"ORDER","ORD001028","Hoang Huynh Khoa","0923370790","3540000","1789926300000","2","COMPLETED"
"ITEM","ORD001028","P273","USB Sandisk - Mau 273","1","510000"
"ITEM","ORD001028","P261","Chuot khong day Logitech - Mau 261","2","850000"
"ITEM","ORD001028","P361","Chuot khong day Logitech - Mau 361","2","490000"
"ITEM","ORD001028","P993","USB Sandisk - Mau 993","1","350000"
"HISTORY","ORD001028","PENDING","1789926300000"
"HISTORY","ORD001028","PROCESSING","1789929900000"
"HISTORY","ORD001028","SHIPPING","1789933500000"
"HISTORY","ORD001028","COMPLETED","1789937100000"
"ORDER","ORD001029","Le Tuan Kiet","0915602027","10320000","1789927200000","2","CANCELLED"
"ITEM","ORD001029","P874","Gia do laptop Baseus - Mau 874","4","570000"
"ITEM","ORD001029","P102","Ban phim Keychron - Mau 102","3","2680000"
"HISTORY","ORD001029","PENDING","1789927200000"
"HISTORY","ORD001029","PROCESSING","1789930800000"
"HISTORY","ORD001029","CANCELLED","1789934400000"
"ORDER","ORD001030","Vu Tuan Kiet","0987699555","36260000","1789928100000","2","CANCELLED"
"ITEM","ORD001030","P915","O cung HDD Seagate - Mau 915","2","1960000"
"ITEM","ORD001030","P367","Laptop Asus - Mau 367","1","22210000"
"ITEM","ORD001030","P909","Loa Bluetooth JBL - Mau 909","4","1650000"
"ITEM","ORD001030","P134","Gia do laptop Baseus - Mau 134","1","530000"
"ITEM","ORD001030","P003","Man hinh Dell 24 inch","1","3000000"
"HISTORY","ORD001030","PENDING","1789928100000"
"HISTORY","ORD001030","CANCELLED","1789931700000"
"ORDER","ORD001031","Hoang Minh An","0920443539","900000","1789929000000","3","PENDING"
"ITEM","ORD001031","P431","Cap USB-C Ugreen - Mau 431","4","110000"
"ITEM","ORD001031","P388","Webcam Logitech - Mau 388","2","230000"
"HISTORY","ORD001031","PENDING","1789929000000"
"ORDER","ORD001032","Dang Dinh Hai","0991277913","22500000","1789929900000","3","PENDING"
"ITEM","ORD001032","P208","Webcam Logitech - Mau 208","1","590000"
"ITEM","ORD001032","P918","Microphone HyperX - Mau 918","3","3920000"
"ITEM","ORD001032","P410","Sac du phong Anker - Mau 410","4","1300000"
"ITEM","ORD001032","P700","Bo chia HDMI Ugreen - Mau 700","3","530000"
"ITEM","ORD001032","P875","O cung HDD Seagate - Mau 875","3","1120000"
"HISTORY","ORD001032","PENDING","1789929900000"
"ORDER","ORD001033","Nguyen Dang Khoa","0985628631","18230000","1789930800000","3","PROCESSING"
"ITEM","ORD001033","P183","Man hinh Dell - Mau 183","1","7700000"
"ITEM","ORD001033","P805","SSD Samsung - Mau 805","4","1560000"
"ITEM","ORD001033","P397","Ban phim gaming Corsair - Mau 397","1","1710000"
"ITEM","ORD001033","P355","O cung HDD Seagate - Mau 355","1","1770000"
"ITEM","ORD001033","P756","Chuot gaming Razer - Mau 756","1","810000"
"HISTORY","ORD001033","PENDING","1789930800000"
"HISTORY","ORD001033","PROCESSING","1789934400000"
"ORDER","ORD001034","Dang Minh Duc","0962417715","63414000","1789931700000","3","PROCESSING"
"ITEM","ORD001034","P459","May in Canon - Mau 459","4","2358000"
"ITEM","ORD001034","P732","Router WiFi TP-Link - Mau 732","1","873000"
"ITEM","ORD001034","P347","Laptop Asus - Mau 347","3","15336000"
"ITEM","ORD001034","P723","Man hinh Dell - Mau 723","3","1701000"
"ITEM","ORD001034","P420","Bo chia HDMI Ugreen - Mau 420","3","666000"
"HISTORY","ORD001034","PENDING","1789931700000"
"HISTORY","ORD001034","PROCESSING","1789935300000"
"ORDER","ORD001035","Bui Dinh Hai","0986350526","6150000","1789932600000","3","SHIPPING"
"ITEM","ORD001035","P992","Router WiFi TP-Link - Mau 992","3","450000"
"ITEM","ORD001035","P934","Gia do laptop Baseus - Mau 934","2","490000"
"ITEM","ORD001035","P371","Cap USB-C Ugreen - Mau 371","1","430000"
"ITEM","ORD001035","P298","Microphone HyperX - Mau 298","1","3390000"
"HISTORY","ORD001035","PENDING","1789932600000"
"HISTORY","ORD001035","PROCESSING","1789936200000"
"HISTORY","ORD001035","SHIPPING","1789939800000"
"ORDER","ORD001036","Phan Ngoc Anh","0955523261","29030000","1789933500000","1","SHIPPING"
"ITEM","ORD001036","P194","Gia do laptop Baseus - Mau 194","1","330000"
"ITEM","ORD001036","P316","Chuot gaming Razer - Mau 316","1","360000"
"ITEM","ORD001036","P499","May in Canon - Mau 499","4","6680000"
"ITEM","ORD001036","P488","Webcam Logitech - Mau 488","1","1620000"
"HISTORY","ORD001036","PENDING","1789933500000"
"HISTORY","ORD001036","PROCESSING","1789937100000"
"HISTORY","ORD001036","SHIPPING","1789940700000"
"ORDER","ORD001037","Huynh Bao Tran","0951818754","1480000","1789934400000","1","COMPLETED"
"ITEM","ORD001037","P185","SSD Samsung - Mau 185","1","1480000"
"HISTORY","ORD001037","PENDING","1789934400000"
"HISTORY","ORD001037","PROCESSING","1789938000000"
"HISTORY","ORD001037","SHIPPING","1789941600000"
"HISTORY","ORD001037","COMPLETED","1789945200000"
"ORDER","ORD001038","Do Ngoc Anh","0933482731","2160000","1789935300000","1","COMPLETED"
"ITEM","ORD001038","P204","Tai nghe Sony - Mau 204","2","1080000"
"HISTORY","ORD001038","PENDING","1789935300000"
"HISTORY","ORD001038","PROCESSING","1789938900000"
"HISTORY","ORD001038","SHIPPING","1789942500000"
"HISTORY","ORD001038","COMPLETED","1789946100000"
"ORDER","ORD001039","Phan Thu Ha","0989286169","5260000","1789936200000","1","CANCELLED"
"ITEM","ORD001039","P186","RAM Kingston - Mau 186","2","2630000"
"HISTORY","ORD001039","PENDING","1789936200000"
"HISTORY","ORD001039","PROCESSING","1789939800000"
"HISTORY","ORD001039","CANCELLED","1789943400000"
"ORDER","ORD001040","Dang Minh Duc","0983077853","36840000","1789937100000","1","CANCELLED"
"ITEM","ORD001040","P109","Loa Bluetooth JBL - Mau 109","3","6430000"
"ITEM","ORD001040","P164","Tai nghe Sony - Mau 164","3","5850000"
"HISTORY","ORD001040","PENDING","1789937100000"
"HISTORY","ORD001040","CANCELLED","1789940700000"
"ORDER","ORD001041","Bui Dang Khoa","0999532357","16070000","1789938000000","2","PENDING"
"ITEM","ORD001041","P334","Gia do laptop Baseus - Mau 334","1","790000"
"ITEM","ORD001041","P558","Microphone HyperX - Mau 558","4","3820000"
"HISTORY","ORD001041","PENDING","1789938000000"
"ORDER","ORD001042","Tran Lan Chi","0948275324","32480000","1789938900000","2","PENDING"
"ITEM","ORD001042","P222","Ban phim Keychron - Mau 222","4","2500000"
"ITEM","ORD001042","P521","Chuot khong day Logitech - Mau 521","4","120000"
"ITEM","ORD001042","P083","Man hinh Dell - Mau 083","4","5500000"
"HISTORY","ORD001042","PENDING","1789938900000"
"ORDER","ORD001043","Bui Huynh Khoa","0996879901","9220000","1789939800000","2","PROCESSING"
"ITEM","ORD001043","P825","SSD Samsung - Mau 825","2","1850000"
"ITEM","ORD001043","P188","Webcam Logitech - Mau 188","1","2020000"
"ITEM","ORD001043","P685","SSD Samsung - Mau 685","1","3500000"
"HISTORY","ORD001043","PENDING","1789939800000"
"HISTORY","ORD001043","PROCESSING","1789943400000"
"ORDER","ORD001044","Huynh Dinh Hai","0913606631","87210000","1789940700000","2","PROCESSING"
"ITEM","ORD001044","P407","Laptop Asus - Mau 407","2","31890000"
"ITEM","ORD001044","P814","Gia do laptop Baseus - Mau 814","3","150000"
"ITEM","ORD001044","P636","Chuot gaming Razer - Mau 636","4","1360000"
"ITEM","ORD001044","P259","May in Canon - Mau 259","2","8000000"
"ITEM","ORD001044","P332","Router WiFi TP-Link - Mau 332","1","1540000"
"HISTORY","ORD001044","PENDING","1789940700000"
"HISTORY","ORD001044","PROCESSING","1789944300000"
"ORDER","ORD001045","Nguyen Minh Duc","0928731392","27513000","1789941600000","2","SHIPPING"
"ITEM","ORD001045","P060","Bo chia HDMI Ugreen - Mau 060","1","441000"
"ITEM","ORD001045","P464","Tai nghe Sony - Mau 464","4","1350000"
"ITEM","ORD001045","P804","Tai nghe Sony - Mau 804","4","5418000"
"HISTORY","ORD001045","PENDING","1789941600000"
"HISTORY","ORD001045","PROCESSING","1789945200000"
"HISTORY","ORD001045","SHIPPING","1789948800000"
"ORDER","ORD001046","Dang Minh An","0928576125","25310000","1789942500000","3","SHIPPING"
"ITEM","ORD001046","P225","SSD Samsung - Mau 225","3","2970000"
"ITEM","ORD001046","P304","Tai nghe Sony - Mau 304","1","5630000"
"ITEM","ORD001046","P656","Chuot gaming Razer - Mau 656","4","1640000"
"ITEM","ORD001046","P154","Gia do laptop Baseus - Mau 154","4","790000"
"ITEM","ORD001046","P310","Sac du phong Anker - Mau 310","3","350000"
"HISTORY","ORD001046","PENDING","1789942500000"
"HISTORY","ORD001046","PROCESSING","1789946100000"
"HISTORY","ORD001046","SHIPPING","1789949700000"
"ORDER","ORD001047","Do Dinh Hai","0994395507","8750000","1789943400000","3","COMPLETED"
"ITEM","ORD001047","P635","O cung HDD Seagate - Mau 635","1","1110000"
"ITEM","ORD001047","P672","Router WiFi TP-Link - Mau 672","4","1910000"
"HISTORY","ORD001047","PENDING","1789943400000"
"HISTORY","ORD001047","PROCESSING","1789947000000"
"HISTORY","ORD001047","SHIPPING","1789950600000"
"HISTORY","ORD001047","COMPLETED","1789954200000"
"ORDER","ORD001048","Hoang Thu Ha","0927118767","31140000","1789944300000","3","COMPLETED"
"ITEM","ORD001048","P763","Man hinh Dell - Mau 763","3","10380000"
"HISTORY","ORD001048","PENDING","1789944300000"
"HISTORY","ORD001048","PROCESSING","1789947900000"
"HISTORY","ORD001048","SHIPPING","1789951500000"
"HISTORY","ORD001048","COMPLETED","1789955100000"
"ORDER","ORD001049","Huynh Lan Chi","0923951156","13820000","1789945200000","3","CANCELLED"
"ITEM","ORD001049","P614","Gia do laptop Baseus - Mau 614","1","380000"
"ITEM","ORD001049","P712","Router WiFi TP-Link - Mau 712","4","890000"
"ITEM","ORD001049","P723","Man hinh Dell - Mau 723","3","1890000"
"ITEM","ORD001049","P158","Microphone HyperX - Mau 158","3","1040000"
"ITEM","ORD001049","P095","O cung HDD Seagate - Mau 095","1","1090000"
"HISTORY","ORD001049","PENDING","1789945200000"
"HISTORY","ORD001049","PROCESSING","1789948800000"
"HISTORY","ORD001049","CANCELLED","1789952400000"
"ORDER","ORD001050","Vu Tuan Kiet","0960408703","25050000","1789946100000","3","CANCELLED"
"ITEM","ORD001050","P529","Loa Bluetooth JBL - Mau 529","4","5190000"
"ITEM","ORD001050","P420","Bo chia HDMI Ugreen - Mau 420","1","740000"
"ITEM","ORD001050","P525","SSD Samsung - Mau 525","1","3550000"
"HISTORY","ORD001050","PENDING","1789946100000"
"HISTORY","ORD001050","CANCELLED","1789949700000"
"ORDER","ORD001051","Hoang Dang Khoa","0948529734","20590000","1789947000000","1","PENDING"
"ITEM","ORD001051","P434","Gia do laptop Baseus - Mau 434","4","650000"
"ITEM","ORD001051","P368","Webcam Logitech - Mau 368","4","2230000"
"ITEM","ORD001051","P906","RAM Kingston - Mau 906","3","2490000"
"ITEM","ORD001051","P421","Chuot khong day Logitech - Mau 421","2","800000"
"HISTORY","ORD001051","PENDING","1789947000000"
"ORDER","ORD001052","Vu Ngoc Anh","0921085286","13390000","1789947900000","1","PENDING"
"ITEM","ORD001052","P348","Webcam Logitech - Mau 348","2","2360000"
"ITEM","ORD001052","P317","Ban phim gaming Corsair - Mau 317","2","1520000"
"ITEM","ORD001052","P036","Chuot gaming Razer - Mau 036","2","2140000"
"ITEM","ORD001052","P031","Cap USB-C Ugreen - Mau 031","3","450000"
"HISTORY","ORD001052","PENDING","1789947900000"
"ORDER","ORD001053","Dang Lan Chi","0921950734","22090000","1789948800000","1","PROCESSING"
"ITEM","ORD001053","P256","Chuot gaming Razer - Mau 256","2","430000"
"ITEM","ORD001053","P812","Router WiFi TP-Link - Mau 812","3","2930000"
"ITEM","ORD001053","P516","Chuot gaming Razer - Mau 516","4","2310000"
"ITEM","ORD001053","P697","Ban phim gaming Corsair - Mau 697","4","800000"
"HISTORY","ORD001053","PENDING","1789948800000"
"HISTORY","ORD001053","PROCESSING","1789952400000"
"ORDER","ORD001054","Dang Huynh Khoa","0964195701","77500000","1789949700000","1","PROCESSING"
"ITEM","ORD001054","P787","Laptop Asus - Mau 787","2","28790000"
"ITEM","ORD001054","P393","USB Sandisk - Mau 393","2","90000"
"ITEM","ORD001054","P963","Man hinh Dell - Mau 963","1","11900000"
"ITEM","ORD001054","P088","Webcam Logitech - Mau 088","3","2300000"
"ITEM","ORD001054","P478","Microphone HyperX - Mau 478","2","470000"
"HISTORY","ORD001054","PENDING","1789949700000"
"HISTORY","ORD001054","PROCESSING","1789953300000"
"ORDER","ORD001055","Tran Thanh Nam","0978820219","33860000","1789950600000","1","SHIPPING"
"ITEM","ORD001055","P837","Ban phim gaming Corsair - Mau 837","4","2150000"
"ITEM","ORD001055","P766","RAM Kingston - Mau 766","4","2640000"
"ITEM","ORD001055","P520","Bo chia HDMI Ugreen - Mau 520","4","800000"
"ITEM","ORD001055","P045","SSD Samsung - Mau 045","1","500000"
"ITEM","ORD001055","P786","RAM Kingston - Mau 786","4","2750000"
"HISTORY","ORD001055","PENDING","1789950600000"
"HISTORY","ORD001055","PROCESSING","1789954200000"
"HISTORY","ORD001055","SHIPPING","1789957800000"
"ORDER","ORD001056","Do Thanh Nam","0999174274","13995000","1789951500000","2","SHIPPING"
"ITEM","ORD001056","P141","Chuot khong day Logitech - Mau 141","3","360000"
"ITEM","ORD001056","P474","Gia do laptop Baseus - Mau 474","4","576000"
"ITEM","ORD001056","P569","Loa Bluetooth JBL - Mau 569","3","3537000"
"HISTORY","ORD001056","PENDING","1789951500000"
"HISTORY","ORD001056","PROCESSING","1789955100000"
"HISTORY","ORD001056","SHIPPING","1789958700000"
"ORDER","ORD001057","Huynh Bao Tran","0949604608","31820000","1789952400000","2","COMPLETED"
"ITEM","ORD001057","P515","O cung HDD Seagate - Mau 515","4","1260000"
"ITEM","ORD001057","P747","Laptop Asus - Mau 747","1","17900000"
"ITEM","ORD001057","P126","RAM Kingston - Mau 126","2","2300000"
"ITEM","ORD001057","P852","Router WiFi TP-Link - Mau 852","1","1640000"
"ITEM","ORD001057","P861","Chuot khong day Logitech - Mau 861","3","880000"
"HISTORY","ORD001057","PENDING","1789952400000"
"HISTORY","ORD001057","PROCESSING","1789956000000"
"HISTORY","ORD001057","SHIPPING","1789959600000"
"HISTORY","ORD001057","COMPLETED","1789963200000"
"ORDER","ORD001058","Vo Dinh Hai","0916402605","57800000","1789953300000","2","COMPLETED"
"ITEM","ORD001058","P701","Chuot khong day Logitech - Mau 701","2","810000"
"ITEM","ORD001058","P972","Router WiFi TP-Link - Mau 972","3","2340000"
"ITEM","ORD001058","P166","RAM Kingston - Mau 166","4","1060000"
"ITEM","ORD001058","P243","Man hinh Dell - Mau 243","3","13020000"
"ITEM","ORD001058","P812","Router WiFi TP-Link - Mau 812","2","2930000"
"HISTORY","ORD001058","PENDING","1789953300000"
"HISTORY","ORD001058","PROCESSING","1789956900000"
"HISTORY","ORD001058","SHIPPING","1789960500000"
"HISTORY","ORD001058","COMPLETED","1789964100000"
"ORDER","ORD001059","Le Quang Huy","0983276178","5000000","1789954200000","2","CANCELLED"
"ITEM","ORD001059","P813","USB Sandisk - Mau 813","2","400000"
"ITEM","ORD001059","P509","Loa Bluetooth JBL - Mau 509","2","1380000"
"ITEM","ORD001059","P460","Bo chia HDMI Ugreen - Mau 460","3","480000"
"HISTORY","ORD001059","PENDING","1789954200000"
"HISTORY","ORD001059","PROCESSING","1789957800000"
"HISTORY","ORD001059","CANCELLED","1789961400000"
"ORDER","ORD001060","Tran Bao Tran","0924611223","12010000","1789955100000","2","CANCELLED"
"ITEM","ORD001060","P317","Ban phim gaming Corsair - Mau 317","3","1520000"
"ITEM","ORD001060","P238","Microphone HyperX - Mau 238","3","2250000"
"ITEM","ORD001060","P200","Bo chia HDMI Ugreen - Mau 200","1","700000"
"HISTORY","ORD001060","PENDING","1789955100000"
"HISTORY","ORD001060","CANCELLED","1789958700000"
"ORDER","ORD001061","Vu Thu Ha","0930558620","2910000","1789956000000","3","PENDING"
"ITEM","ORD001061","P841","Chuot khong day Logitech - Mau 841","2","510000"
"ITEM","ORD001061","P723","Man hinh Dell - Mau 723","1","1890000"
"HISTORY","ORD001061","PENDING","1789956000000"
"ORDER","ORD001062","Tran Dinh Hai","0974633174","25300000","1789956900000","3","PENDING"
"ITEM","ORD001062","P659","May in Canon - Mau 659","2","5160000"
"ITEM","ORD001062","P212","Router WiFi TP-Link - Mau 212","2","1430000"
"ITEM","ORD001062","P882","Ban phim Keychron - Mau 882","4","3030000"
"HISTORY","ORD001062","PENDING","1789956900000"
"ORDER","ORD001063","Vo Ngoc Anh","0979785912","69360000","1789957800000","3","PROCESSING"
"ITEM","ORD001063","P873","USB Sandisk - Mau 873","2","590000"
"ITEM","ORD001063","P799","May in Canon - Mau 799","4","6410000"
"ITEM","ORD001063","P243","Man hinh Dell - Mau 243","3","13020000"
"ITEM","ORD001063","P146","RAM Kingston - Mau 146","3","1160000"
"HISTORY","ORD001063","PENDING","1789957800000"
"HISTORY","ORD001063","PROCESSING","1789961400000"
"ORDER","ORD001064","Pham Minh An","0980871605","2110000","1789958700000","3","PROCESSING"
"ITEM","ORD001064","P153","USB Sandisk - Mau 153","1","280000"
"ITEM","ORD001064","P834","Gia do laptop Baseus - Mau 834","3","610000"
"HISTORY","ORD001064","PENDING","1789958700000"
"HISTORY","ORD001064","PROCESSING","1789962300000"
"ORDER","ORD001065","Vo Thu Ha","0938981287","2850000","1789959600000","3","SHIPPING"
"ITEM","ORD001065","P610","Sac du phong Anker - Mau 610","3","950000"
"HISTORY","ORD001065","PENDING","1789959600000"
"HISTORY","ORD001065","PROCESSING","1789963200000"
"HISTORY","ORD001065","SHIPPING","1789966800000"
"ORDER","ORD001066","Pham Dinh Hai","0965589015","14320000","1789960500000","1","SHIPPING"
"ITEM","ORD001066","P513","USB Sandisk - Mau 513","2","280000"
"ITEM","ORD001066","P501","Chuot khong day Logitech - Mau 501","2","850000"
"ITEM","ORD001066","P562","Ban phim Keychron - Mau 562","2","2460000"
"ITEM","ORD001066","P216","Chuot gaming Razer - Mau 216","3","2040000"
"ITEM","ORD001066","P810","Sac du phong Anker - Mau 810","2","510000"
"HISTORY","ORD001066","PENDING","1789960500000"
"HISTORY","ORD001066","PROCESSING","1789964100000"
"HISTORY","ORD001066","SHIPPING","1789967700000"
"ORDER","ORD001067","Bui Lan Chi","0956104933","4617000","1789961400000","1","COMPLETED"
"ITEM","ORD001067","P397","Ban phim gaming Corsair - Mau 397","3","1539000"
"HISTORY","ORD001067","PENDING","1789961400000"
"HISTORY","ORD001067","PROCESSING","1789965000000"
"HISTORY","ORD001067","SHIPPING","1789968600000"
"HISTORY","ORD001067","COMPLETED","1789972200000"
"ORDER","ORD001068","Tran Ngoc Anh","0912234316","14530000","1789962300000","1","COMPLETED"
"ITEM","ORD001068","P913","USB Sandisk - Mau 913","3","190000"
"ITEM","ORD001068","P083","Man hinh Dell - Mau 083","2","5500000"
"ITEM","ORD001068","P130","Sac du phong Anker - Mau 130","2","1480000"
"HISTORY","ORD001068","PENDING","1789962300000"
"HISTORY","ORD001068","PROCESSING","1789965900000"
"HISTORY","ORD001068","SHIPPING","1789969500000"
"HISTORY","ORD001068","COMPLETED","1789973100000"
"ORDER","ORD001069","Huynh Tuan Kiet","0954672458","8310000","1789963200000","1","CANCELLED"
"ITEM","ORD001069","P100","Bo chia HDMI Ugreen - Mau 100","4","220000"
"ITEM","ORD001069","P070","Sac du phong Anker - Mau 070","2","1540000"
"ITEM","ORD001069","P165","SSD Samsung - Mau 165","3","1450000"
"HISTORY","ORD001069","PENDING","1789963200000"
"HISTORY","ORD001069","PROCESSING","1789966800000"
"HISTORY","ORD001069","CANCELLED","1789970400000"
"ORDER","ORD001070","Phan Bao Tran","0926051281","18760000","1789964100000","1","CANCELLED"
"ITEM","ORD001070","P900","Bo chia HDMI Ugreen - Mau 900","4","720000"
"ITEM","ORD001070","P965","SSD Samsung - Mau 965","4","1380000"
"ITEM","ORD001070","P366","RAM Kingston - Mau 366","3","2320000"
"ITEM","ORD001070","P042","Ban phim Keychron - Mau 042","2","1700000"
"HISTORY","ORD001070","PENDING","1789964100000"
"HISTORY","ORD001070","CANCELLED","1789967700000"
"ORDER","ORD001071","Bui Huynh Khoa","0991721832","9180000","1789965000000","2","PENDING"
"ITEM","ORD001071","P780","Bo chia HDMI Ugreen - Mau 780","3","370000"
"ITEM","ORD001071","P538","Microphone HyperX - Mau 538","1","2940000"
"ITEM","ORD001071","P639","May in Canon - Mau 639","2","2300000"
"ITEM","ORD001071","P700","Bo chia HDMI Ugreen - Mau 700","1","530000"
"HISTORY","ORD001071","PENDING","1789965000000"
"ORDER","ORD001072","Do Ngoc Anh","0970720968","9650000","1789965900000","2","PENDING"
"ITEM","ORD001072","P969","Loa Bluetooth JBL - Mau 969","4","2210000"
"ITEM","ORD001072","P632","Router WiFi TP-Link - Mau 632","1","810000"
"HISTORY","ORD001072","PENDING","1789965900000"
"ORDER","ORD001073","Le Quang Huy","0934901399","13720000","1789966800000","2","PROCESSING"
"ITEM","ORD001073","P585","SSD Samsung - Mau 585","4","3430000"
"HISTORY","ORD001073","PENDING","1789966800000"
"HISTORY","ORD001073","PROCESSING","1789970400000"
"ORDER","ORD001074","Hoang Huynh Khoa","0995426696","27250000","1789967700000","2","PROCESSING"
"ITEM","ORD001074","P799","May in Canon - Mau 799","2","6410000"
"ITEM","ORD001074","P633","USB Sandisk - Mau 633","1","590000"
"ITEM","ORD001074","P503","Man hinh Dell - Mau 503","1","13840000"
"HISTORY","ORD001074","PENDING","1789967700000"
"HISTORY","ORD001074","PROCESSING","1789971300000"
"ORDER","ORD001075","Vu Bao Tran","0948992563","46490000","1789968600000","2","SHIPPING"
"ITEM","ORD001075","P787","Laptop Asus - Mau 787","1","28790000"
"ITEM","ORD001075","P070","Sac du phong Anker - Mau 070","4","1540000"
"ITEM","ORD001075","P831","Cap USB-C Ugreen - Mau 831","1","430000"
"ITEM","ORD001075","P025","SSD Samsung - Mau 025","2","4160000"
"ITEM","ORD001075","P518","Microphone HyperX - Mau 518","3","930000"
"HISTORY","ORD001075","PENDING","1789968600000"
"HISTORY","ORD001075","PROCESSING","1789972200000"
"HISTORY","ORD001075","SHIPPING","1789975800000"
"ORDER","ORD001076","Tran Lan Chi","0918129755","30880000","1789969500000","3","SHIPPING"
"ITEM","ORD001076","P903","Man hinh Dell - Mau 903","1","13600000"
"ITEM","ORD001076","P648","Webcam Logitech - Mau 648","3","1560000"
"ITEM","ORD001076","P176","Chuot gaming Razer - Mau 176","2","2240000"
"ITEM","ORD001076","P848","Webcam Logitech - Mau 848","4","2030000"
"HISTORY","ORD001076","PENDING","1789969500000"
"HISTORY","ORD001076","PROCESSING","1789973100000"
"HISTORY","ORD001076","SHIPPING","1789976700000"
"ORDER","ORD001077","Tran Dang Khoa","0956298266","7720000","1789970400000","3","COMPLETED"
"ITEM","ORD001077","P958","Microphone HyperX - Mau 958","1","1640000"
"ITEM","ORD001077","P322","Ban phim Keychron - Mau 322","2","3040000"
"HISTORY","ORD001077","PENDING","1789970400000"
"HISTORY","ORD001077","PROCESSING","1789974000000"
"HISTORY","ORD001077","SHIPPING","1789977600000"
"HISTORY","ORD001077","COMPLETED","1789981200000"
"ORDER","ORD001078","Nguyen Lan Chi","0975724605","22077000","1789971300000","3","COMPLETED"
"ITEM","ORD001078","P384","Tai nghe Sony - Mau 384","3","4905000"
"ITEM","ORD001078","P935","O cung HDD Seagate - Mau 935","2","846000"
"ITEM","ORD001078","P195","O cung HDD Seagate - Mau 195","4","1287000"
"ITEM","ORD001078","P971","Cap USB-C Ugreen - Mau 971","2","261000"
"HISTORY","ORD001078","PENDING","1789971300000"
"HISTORY","ORD001078","PROCESSING","1789974900000"
"HISTORY","ORD001078","SHIPPING","1789978500000"
"HISTORY","ORD001078","COMPLETED","1789982100000"
"ORDER","ORD001079","Bui Bao Tran","0976480721","4410000","1789972200000","3","CANCELLED"
"ITEM","ORD001079","P708","Webcam Logitech - Mau 708","3","210000"
"ITEM","ORD001079","P440","Bo chia HDMI Ugreen - Mau 440","4","290000"
"ITEM","ORD001079","P592","Router WiFi TP-Link - Mau 592","1","2620000"
"HISTORY","ORD001079","PENDING","1789972200000"
"HISTORY","ORD001079","PROCESSING","1789975800000"
"HISTORY","ORD001079","CANCELLED","1789979400000"
"ORDER","ORD001080","Huynh Dang Khoa","0936386571","490000","1789973100000","3","CANCELLED"
"ITEM","ORD001080","P921","Chuot khong day Logitech - Mau 921","1","490000"
"HISTORY","ORD001080","PENDING","1789973100000"
"HISTORY","ORD001080","CANCELLED","1789976700000"
"ORDER","ORD001081","Phan Minh Duc","0963502565","9560000","1789974000000","1","PENDING"
"ITEM","ORD001081","P470","Sac du phong Anker - Mau 470","2","1220000"
"ITEM","ORD001081","P512","Router WiFi TP-Link - Mau 512","1","3480000"
"ITEM","ORD001081","P833","USB Sandisk - Mau 833","1","80000"
"ITEM","ORD001081","P145","SSD Samsung - Mau 145","4","890000"
"HISTORY","ORD001081","PENDING","1789974000000"
"ORDER","ORD001082","Hoang Minh An","0972053114","33890000","1789974900000","1","PENDING"
"ITEM","ORD001082","P263","Man hinh Dell - Mau 263","1","6840000"
"ITEM","ORD001082","P930","Sac du phong Anker - Mau 930","4","1650000"
"ITEM","ORD001082","P922","Ban phim Keychron - Mau 922","1","2690000"
"ITEM","ORD001082","P142","Ban phim Keychron - Mau 142","2","1980000"
"ITEM","ORD001082","P124","Tai nghe Sony - Mau 124","4","3450000"
"HISTORY","ORD001082","PENDING","1789974900000"
"ORDER","ORD001083","Huynh Bao Tran","0929657235","5130000","1789975800000","1","PROCESSING"
"ITEM","ORD001083","P033","USB Sandisk - Mau 033","4","190000"
"ITEM","ORD001083","P064","Tai nghe Sony - Mau 064","3","680000"
"ITEM","ORD001083","P868","Webcam Logitech - Mau 868","1","2330000"
"HISTORY","ORD001083","PENDING","1789975800000"
"HISTORY","ORD001083","PROCESSING","1789979400000"
"ORDER","ORD001084","Huynh Minh Duc","0964648508","32990000","1789976700000","1","PROCESSING"
"ITEM","ORD001084","P679","May in Canon - Mau 679","4","1690000"
"ITEM","ORD001084","P903","Man hinh Dell - Mau 903","1","13600000"
"ITEM","ORD001084","P297","Ban phim gaming Corsair - Mau 297","3","4210000"
"HISTORY","ORD001084","PENDING","1789976700000"
"HISTORY","ORD001084","PROCESSING","1789980300000"
"ORDER","ORD001085","Tran Lan Chi","0926422358","8150000","1789977600000","1","SHIPPING"
"ITEM","ORD001085","P175","O cung HDD Seagate - Mau 175","2","2300000"
"ITEM","ORD001085","P792","Router WiFi TP-Link - Mau 792","2","1160000"
"ITEM","ORD001085","P173","USB Sandisk - Mau 173","3","410000"
"HISTORY","ORD001085","PENDING","1789977600000"
"HISTORY","ORD001085","PROCESSING","1789981200000"
"HISTORY","ORD001085","SHIPPING","1789984800000"
"ORDER","ORD001086","Tran Dinh Hai","0920772419","8680000","1789978500000","2","SHIPPING"
"ITEM","ORD001086","P425","SSD Samsung - Mau 425","3","2150000"
"ITEM","ORD001086","P338","Microphone HyperX - Mau 338","1","710000"
"ITEM","ORD001086","P908","Webcam Logitech - Mau 908","1","1520000"
"HISTORY","ORD001086","PENDING","1789978500000"
"HISTORY","ORD001086","PROCESSING","1789982100000"
"HISTORY","ORD001086","SHIPPING","1789985700000"
"ORDER","ORD001087","Do Minh Duc","0914719155","960000","1789979400000","2","COMPLETED"
"ITEM","ORD001087","P980","Bo chia HDMI Ugreen - Mau 980","2","480000"
"HISTORY","ORD001087","PENDING","1789979400000"
"HISTORY","ORD001087","PROCESSING","1789983000000"
"HISTORY","ORD001087","SHIPPING","1789986600000"
"HISTORY","ORD001087","COMPLETED","1789990200000"
"ORDER","ORD001088","Le Ngoc Anh","0956252515","11310000","1789980300000","2","COMPLETED"
"ITEM","ORD001088","P701","Chuot khong day Logitech - Mau 701","4","810000"
"ITEM","ORD001088","P485","SSD Samsung - Mau 485","2","3450000"
"ITEM","ORD001088","P331","Cap USB-C Ugreen - Mau 331","3","390000"
"HISTORY","ORD001088","PENDING","1789980300000"
"HISTORY","ORD001088","PROCESSING","1789983900000"
"HISTORY","ORD001088","SHIPPING","1789987500000"
"HISTORY","ORD001088","COMPLETED","1789991100000"
"ORDER","ORD001089","Phan Tuan Kiet","0919909338","122211000","1789981200000","2","CANCELLED"
"ITEM","ORD001089","P369","Loa Bluetooth JBL - Mau 369","2","369000"
"ITEM","ORD001089","P027","Laptop Asus - Mau 027","4","26748000"
"ITEM","ORD001089","P889","Loa Bluetooth JBL - Mau 889","3","4383000"
"ITEM","ORD001089","P254","Gia do laptop Baseus - Mau 254","2","297000"
"ITEM","ORD001089","P988","Webcam Logitech - Mau 988","2","369000"
"HISTORY","ORD001089","PENDING","1789981200000"
"HISTORY","ORD001089","PROCESSING","1789984800000"
"HISTORY","ORD001089","CANCELLED","1789988400000"
"ORDER","ORD001090","Bui Quang Huy","0915230005","26500000","1789982100000","2","CANCELLED"
"ITEM","ORD001090","P684","Tai nghe Sony - Mau 684","4","2050000"
"ITEM","ORD001090","P492","Router WiFi TP-Link - Mau 492","4","2890000"
"ITEM","ORD001090","P433","USB Sandisk - Mau 433","1","490000"
"ITEM","ORD001090","P359","May in Canon - Mau 359","1","2510000"
"ITEM","ORD001090","P565","SSD Samsung - Mau 565","1","3740000"
"HISTORY","ORD001090","PENDING","1789982100000"
"HISTORY","ORD001090","CANCELLED","1789985700000"
"ORDER","ORD001091","Vu Dang Khoa","0944815951","20200000","1789983000000","3","PENDING"
"ITEM","ORD001091","P752","Router WiFi TP-Link - Mau 752","2","2230000"
"ITEM","ORD001091","P468","Webcam Logitech - Mau 468","4","1640000"
"ITEM","ORD001091","P631","Cap USB-C Ugreen - Mau 631","1","300000"
"ITEM","ORD001091","P717","Ban phim gaming Corsair - Mau 717","4","2220000"
"HISTORY","ORD001091","PENDING","1789983000000"
"ORDER","ORD001092","Pham Bao Tran","0967141048","20940000","1789983900000","3","PENDING"
"ITEM","ORD001092","P665","SSD Samsung - Mau 665","1","1800000"
"ITEM","ORD001092","P323","Man hinh Dell - Mau 323","3","6380000"
"HISTORY","ORD001092","PENDING","1789983900000"
"ORDER","ORD001093","Pham Bao Tran","0990635982","18710000","1789984800000","3","PROCESSING"
"ITEM","ORD001093","P703","Man hinh Dell - Mau 703","1","6580000"
"ITEM","ORD001093","P129","Loa Bluetooth JBL - Mau 129","1","4080000"
"ITEM","ORD001093","P961","Chuot khong day Logitech - Mau 961","3","790000"
"ITEM","ORD001093","P255","O cung HDD Seagate - Mau 255","4","1420000"
"HISTORY","ORD001093","PENDING","1789984800000"
"HISTORY","ORD001093","PROCESSING","1789988400000"
"ORDER","ORD001094","Vo Dang Khoa","0979868878","3760000","1789985700000","3","PROCESSING"
"ITEM","ORD001094","P832","Router WiFi TP-Link - Mau 832","1","3430000"
"ITEM","ORD001094","P571","Cap USB-C Ugreen - Mau 571","1","330000"
"HISTORY","ORD001094","PENDING","1789985700000"
"HISTORY","ORD001094","PROCESSING","1789989300000"
"ORDER","ORD001095","Phan Tuan Kiet","0977348996","9580000","1789986600000","3","SHIPPING"
"ITEM","ORD001095","P795","O cung HDD Seagate - Mau 795","3","2100000"
"ITEM","ORD001095","P468","Webcam Logitech - Mau 468","2","1640000"
"HISTORY","ORD001095","PENDING","1789986600000"
"HISTORY","ORD001095","PROCESSING","1789990200000"
"HISTORY","ORD001095","SHIPPING","1789993800000"
"ORDER","ORD001096","Hoang Tuan Kiet","0987754800","6140000","1789987500000","1","SHIPPING"
"ITEM","ORD001096","P633","USB Sandisk - Mau 633","2","590000"
"ITEM","ORD001096","P828","Webcam Logitech - Mau 828","4","1240000"
"HISTORY","ORD001096","PENDING","1789987500000"
"HISTORY","ORD001096","PROCESSING","1789991100000"
"HISTORY","ORD001096","SHIPPING","1789994700000"
"ORDER","ORD001097","Huynh Thu Ha","0998235131","3180000","1789988400000","1","COMPLETED"
"ITEM","ORD001097","P116","Chuot gaming Razer - Mau 116","3","1060000"
"HISTORY","ORD001097","PENDING","1789988400000"
"HISTORY","ORD001097","PROCESSING","1789992000000"
"HISTORY","ORD001097","SHIPPING","1789995600000"
"HISTORY","ORD001097","COMPLETED","1789999200000"
"ORDER","ORD001098","Tran Dinh Hai","0960354374","20470000","1789989300000","1","COMPLETED"
"ITEM","ORD001098","P674","Gia do laptop Baseus - Mau 674","2","390000"
"ITEM","ORD001098","P522","Ban phim Keychron - Mau 522","4","3170000"
"ITEM","ORD001098","P498","Microphone HyperX - Mau 498","1","2610000"
"ITEM","ORD001098","P976","Chuot gaming Razer - Mau 976","2","2200000"
"HISTORY","ORD001098","PENDING","1789989300000"
"HISTORY","ORD001098","PROCESSING","1789992900000"
"HISTORY","ORD001098","SHIPPING","1789996500000"
"HISTORY","ORD001098","COMPLETED","1790000100000"
"ORDER","ORD001099","Nguyen Minh An","0936980764","20630000","1789990200000","1","CANCELLED"
"ITEM","ORD001099","P907","Laptop Asus - Mau 907","1","12230000"
"ITEM","ORD001099","P128","Webcam Logitech - Mau 128","3","1340000"
"ITEM","ORD001099","P395","O cung HDD Seagate - Mau 395","3","1330000"
"ITEM","ORD001099","P674","Gia do laptop Baseus - Mau 674","1","390000"
"HISTORY","ORD001099","PENDING","1789990200000"
"HISTORY","ORD001099","PROCESSING","1789993800000"
"HISTORY","ORD001099","CANCELLED","1789997400000"
"ORDER","ORD001100","Bui Minh An","0991429713","3042000","1789991100000","1","CANCELLED"
"ITEM","ORD001100","P753","USB Sandisk - Mau 753","3","576000"
"ITEM","ORD001100","P034","Gia do laptop Baseus - Mau 034","1","207000"
"ITEM","ORD001100","P173","USB Sandisk - Mau 173","3","369000"
"HISTORY","ORD001100","PENDING","1789991100000"
"HISTORY","ORD001100","CANCELLED","1789994700000"
"ORDER","ORD001101","Pham Bao Tran","0925520760","9680000","1789992000000","2","PENDING"
"ITEM","ORD001101","P312","Router WiFi TP-Link - Mau 312","4","2420000"
"HISTORY","ORD001101","PENDING","1789992000000"
"ORDER","ORD001102","Dang Ngoc Anh","0951040283","18290000","1789992900000","2","PENDING"
"ITEM","ORD001102","P761","Chuot khong day Logitech - Mau 761","3","370000"
"ITEM","ORD001102","P023","Man hinh Dell - Mau 023","4","1970000"
"ITEM","ORD001102","P846","RAM Kingston - Mau 846","2","2220000"
"ITEM","ORD001102","P112","Router WiFi TP-Link - Mau 112","4","640000"
"ITEM","ORD001102","P088","Webcam Logitech - Mau 088","1","2300000"
"HISTORY","ORD001102","PENDING","1789992900000"
"ORDER","ORD001103","Bui Tuan Kiet","0962527294","65020000","1789993800000","2","PROCESSING"
"ITEM","ORD001103","P507","Laptop Asus - Mau 507","4","15320000"
"ITEM","ORD001103","P733","USB Sandisk - Mau 733","3","190000"
"ITEM","ORD001103","P790","Sac du phong Anker - Mau 790","2","1530000"
"ITEM","ORD001103","P774","Gia do laptop Baseus - Mau 774","1","110000"
"HISTORY","ORD001103","PENDING","1789993800000"
"HISTORY","ORD001103","PROCESSING","1789997400000"
"ORDER","ORD001104","Vu Minh An","0971865571","880000","1789994700000","2","PROCESSING"
"ITEM","ORD001104","P494","Gia do laptop Baseus - Mau 494","4","220000"
"HISTORY","ORD001104","PENDING","1789994700000"
"HISTORY","ORD001104","PROCESSING","1789998300000"
"ORDER","ORD001105","Dang Bao Tran","0975770078","10040000","1789995600000","2","SHIPPING"
"ITEM","ORD001105","P003","Man hinh Dell 24 inch","2","3000000"
"ITEM","ORD001105","P814","Gia do laptop Baseus - Mau 814","4","150000"
"ITEM","ORD001105","P966","RAM Kingston - Mau 966","1","760000"
"ITEM","ORD001105","P710","Sac du phong Anker - Mau 710","4","670000"
"HISTORY","ORD001105","PENDING","1789995600000"
"HISTORY","ORD001105","PROCESSING","1789999200000"
"HISTORY","ORD001105","SHIPPING","1790002800000"
"ORDER","ORD001106","Vo Thu Ha","0966983295","4290000","1789996500000","3","SHIPPING"
"ITEM","ORD001106","P792","Router WiFi TP-Link - Mau 792","3","1160000"
"ITEM","ORD001106","P621","Chuot khong day Logitech - Mau 621","1","810000"
"HISTORY","ORD001106","PENDING","1789996500000"
"HISTORY","ORD001106","PROCESSING","1790000100000"
"HISTORY","ORD001106","SHIPPING","1790003700000"
"ORDER","ORD001107","Hoang Bao Tran","0969880415","4500000","1789997400000","3","COMPLETED"
"ITEM","ORD001107","P238","Microphone HyperX - Mau 238","2","2250000"
"HISTORY","ORD001107","PENDING","1789997400000"
"HISTORY","ORD001107","PROCESSING","1790001000000"
"HISTORY","ORD001107","SHIPPING","1790004600000"
"HISTORY","ORD001107","COMPLETED","1790008200000"
"ORDER","ORD001108","Vu Lan Chi","0965633573","32010000","1789998300000","3","COMPLETED"
"ITEM","ORD001108","P813","USB Sandisk - Mau 813","1","400000"
"ITEM","ORD001108","P129","Loa Bluetooth JBL - Mau 129","4","4080000"
"ITEM","ORD001108","P231","Cap USB-C Ugreen - Mau 231","4","130000"
"ITEM","ORD001108","P561","Chuot khong day Logitech - Mau 561","1","530000"
"ITEM","ORD001108","P898","Microphone HyperX - Mau 898","4","3560000"
"HISTORY","ORD001108","PENDING","1789998300000"
"HISTORY","ORD001108","PROCESSING","1790001900000"
"HISTORY","ORD001108","SHIPPING","1790005500000"
"HISTORY","ORD001108","COMPLETED","1790009100000"
"ORDER","ORD001109","Huynh Ngoc Anh","0983605131","60330000","1789999200000","3","CANCELLED"
"ITEM","ORD001109","P144","Tai nghe Sony - Mau 144","4","2030000"
"ITEM","ORD001109","P588","Webcam Logitech - Mau 588","3","690000"
"ITEM","ORD001109","P722","Ban phim Keychron - Mau 722","3","2200000"
"ITEM","ORD001109","P667","Laptop Asus - Mau 667","2","20190000"
"ITEM","ORD001109","P334","Gia do laptop Baseus - Mau 334","4","790000"
"HISTORY","ORD001109","PENDING","1789999200000"
"HISTORY","ORD001109","PROCESSING","1790002800000"
"HISTORY","ORD001109","CANCELLED","1790006400000"
"ORDER","ORD001110","Le Bao Tran","0986076217","48540000","1790000100000","3","CANCELLED"
"ITEM","ORD001110","P318","Microphone HyperX - Mau 318","1","720000"
"ITEM","ORD001110","P944","Tai nghe Sony - Mau 944","2","4030000"
"ITEM","ORD001110","P365","SSD Samsung - Mau 365","4","3340000"
"ITEM","ORD001110","P544","Tai nghe Sony - Mau 544","3","4640000"
"ITEM","ORD001110","P025","SSD Samsung - Mau 025","3","4160000"
"HISTORY","ORD001110","PENDING","1790000100000"
"HISTORY","ORD001110","CANCELLED","1790003700000"
"ORDER","ORD001111","Huynh Dang Khoa","0951767795","10170000","1790001000000","1","PENDING"
"ITEM","ORD001111","P115","O cung HDD Seagate - Mau 115","4","2340000"
"ITEM","ORD001111","P631","Cap USB-C Ugreen - Mau 631","3","270000"
"HISTORY","ORD001111","PENDING","1790001000000"
"ORDER","ORD001112","Le Minh Duc","0914205660","46970000","1790001900000","1","PENDING"
"ITEM","ORD001112","P606","RAM Kingston - Mau 606","3","520000"
"ITEM","ORD001112","P407","Laptop Asus - Mau 407","1","31890000"
"ITEM","ORD001112","P975","O cung HDD Seagate - Mau 975","1","1290000"
"ITEM","ORD001112","P907","Laptop Asus - Mau 907","1","12230000"
"HISTORY","ORD001112","PENDING","1790001900000"
"ORDER","ORD001113","Tran Minh An","0985151352","17380000","1790002800000","1","PROCESSING"
"ITEM","ORD001113","P815","O cung HDD Seagate - Mau 815","2","2360000"
"ITEM","ORD001113","P875","O cung HDD Seagate - Mau 875","4","1120000"
"ITEM","ORD001113","P293","USB Sandisk - Mau 293","4","300000"
"ITEM","ORD001113","P286","RAM Kingston - Mau 286","2","2110000"
"ITEM","ORD001113","P357","Ban phim gaming Corsair - Mau 357","4","690000"
"HISTORY","ORD001113","PENDING","1790002800000"
"HISTORY","ORD001113","PROCESSING","1790006400000"
"ORDER","ORD001114","Nguyen Minh An","0949069618","13940000","1790003700000","1","PROCESSING"
"ITEM","ORD001114","P741","Chuot khong day Logitech - Mau 741","4","390000"
"ITEM","ORD001114","P749","Loa Bluetooth JBL - Mau 749","1","3180000"
"ITEM","ORD001114","P639","May in Canon - Mau 639","4","2300000"
"HISTORY","ORD001114","PENDING","1790003700000"
"HISTORY","ORD001114","PROCESSING","1790007300000"
"ORDER","ORD001115","Tran Minh Duc","0912107938","1220000","1790004600000","1","SHIPPING"
"ITEM","ORD001115","P834","Gia do laptop Baseus - Mau 834","2","610000"
"HISTORY","ORD001115","PENDING","1790004600000"
"HISTORY","ORD001115","PROCESSING","1790008200000"
"HISTORY","ORD001115","SHIPPING","1790011800000"
"ORDER","ORD001116","Vu Huynh Khoa","0991192790","12000000","1790005500000","2","SHIPPING"
"ITEM","ORD001116","P003","Man hinh Dell 24 inch","4","3000000"
"HISTORY","ORD001116","PENDING","1790005500000"
"HISTORY","ORD001116","PROCESSING","1790009100000"
"HISTORY","ORD001116","SHIPPING","1790012700000"
"ORDER","ORD001117","Huynh Bao Tran","0994371290","18980000","1790006400000","2","COMPLETED"
"ITEM","ORD001117","P201","Chuot khong day Logitech - Mau 201","1","760000"
"ITEM","ORD001117","P470","Sac du phong Anker - Mau 470","2","1220000"
"ITEM","ORD001117","P298","Microphone HyperX - Mau 298","4","3390000"
"ITEM","ORD001117","P066","RAM Kingston - Mau 066","1","2220000"
"HISTORY","ORD001117","PENDING","1790006400000"
"HISTORY","ORD001117","PROCESSING","1790010000000"
"HISTORY","ORD001117","SHIPPING","1790013600000"
"HISTORY","ORD001117","COMPLETED","1790017200000"
"ORDER","ORD001118","Tran Tuan Kiet","0967180004","19070000","1790007300000","2","COMPLETED"
"ITEM","ORD001118","P065","SSD Samsung - Mau 065","4","3240000"
"ITEM","ORD001118","P617","Ban phim gaming Corsair - Mau 617","4","500000"
"ITEM","ORD001118","P085","SSD Samsung - Mau 085","2","1470000"
"ITEM","ORD001118","P044","Tai nghe Sony - Mau 044","3","390000"
"HISTORY","ORD001118","PENDING","1790007300000"
"HISTORY","ORD001118","PROCESSING","1790010900000"
"HISTORY","ORD001118","SHIPPING","1790014500000"
"HISTORY","ORD001118","COMPLETED","1790018100000"
"ORDER","ORD001119","Le Quang Huy","0929169918","28840000","1790008200000","2","CANCELLED"
"ITEM","ORD001119","P097","Ban phim gaming Corsair - Mau 097","3","590000"
"ITEM","ORD001119","P793","USB Sandisk - Mau 793","3","570000"
"ITEM","ORD001119","P055","O cung HDD Seagate - Mau 055","4","1730000"
"ITEM","ORD001119","P283","Man hinh Dell - Mau 283","2","9220000"
"HISTORY","ORD001119","PENDING","1790008200000"
"HISTORY","ORD001119","PROCESSING","1790011800000"
"HISTORY","ORD001119","CANCELLED","1790015400000"
"ORDER","ORD001120","Vo Minh Duc","0985903753","94360000","1790009100000","2","CANCELLED"
"ITEM","ORD001120","P583","Man hinh Dell - Mau 583","3","8260000"
"ITEM","ORD001120","P275","O cung HDD Seagate - Mau 275","1","980000"
"ITEM","ORD001120","P906","RAM Kingston - Mau 906","4","2490000"
"ITEM","ORD001120","P243","Man hinh Dell - Mau 243","4","13020000"
"ITEM","ORD001120","P852","Router WiFi TP-Link - Mau 852","4","1640000"
"HISTORY","ORD001120","PENDING","1790009100000"
"HISTORY","ORD001120","CANCELLED","1790012700000"
"ORDER","ORD001121","Pham Minh An","0966225649","36200000","1790010000000","3","PENDING"
"ITEM","ORD001121","P702","Ban phim Keychron - Mau 702","4","2500000"
"ITEM","ORD001121","P076","Chuot gaming Razer - Mau 076","3","700000"
"ITEM","ORD001121","P083","Man hinh Dell - Mau 083","4","5500000"
"ITEM","ORD001121","P566","RAM Kingston - Mau 566","2","1050000"
"HISTORY","ORD001121","PENDING","1790010000000"
"ORDER","ORD001122","Hoang Ngoc Anh","0910247259","3240000","1790010900000","3","PENDING"
"ITEM","ORD001122","P665","SSD Samsung - Mau 665","2","1620000"
"HISTORY","ORD001122","PENDING","1790010900000"
"ORDER","ORD001123","Dang Ngoc Anh","0935982229","5730000","1790011800000","3","PROCESSING"
"ITEM","ORD001123","P672","Router WiFi TP-Link - Mau 672","3","1910000"
"HISTORY","ORD001123","PENDING","1790011800000"
"HISTORY","ORD001123","PROCESSING","1790015400000"
"ORDER","ORD001124","Phan Dinh Hai","0971893437","600000","1790012700000","3","PROCESSING"
"ITEM","ORD001124","P214","Gia do laptop Baseus - Mau 214","4","150000"
"HISTORY","ORD001124","PENDING","1790012700000"
"HISTORY","ORD001124","PROCESSING","1790016300000"
"ORDER","ORD001125","Phan Tuan Kiet","0950759598","16270000","1790013600000","3","SHIPPING"
"ITEM","ORD001125","P235","O cung HDD Seagate - Mau 235","1","2740000"
"ITEM","ORD001125","P420","Bo chia HDMI Ugreen - Mau 420","3","740000"
"ITEM","ORD001125","P978","Microphone HyperX - Mau 978","3","1950000"
"ITEM","ORD001125","P429","Loa Bluetooth JBL - Mau 429","3","1820000"
"HISTORY","ORD001125","PENDING","1790013600000"
"HISTORY","ORD001125","PROCESSING","1790017200000"
"HISTORY","ORD001125","SHIPPING","1790020800000"
"ORDER","ORD001126","Dang Tuan Kiet","0980930039","10710000","1790014500000","1","SHIPPING"
"ITEM","ORD001126","P032","Router WiFi TP-Link - Mau 032","2","1380000"
"ITEM","ORD001126","P706","RAM Kingston - Mau 706","3","2520000"
"ITEM","ORD001126","P916","Chuot gaming Razer - Mau 916","1","390000"
"HISTORY","ORD001126","PENDING","1790014500000"
"HISTORY","ORD001126","PROCESSING","1790018100000"
"HISTORY","ORD001126","SHIPPING","1790021700000"
"ORDER","ORD001127","Vu Thanh Nam","0951118068","5880000","1790015400000","1","COMPLETED"
"ITEM","ORD001127","P708","Webcam Logitech - Mau 708","3","210000"
"ITEM","ORD001127","P114","Gia do laptop Baseus - Mau 114","1","530000"
"ITEM","ORD001127","P500","Bo chia HDMI Ugreen - Mau 500","4","820000"
"ITEM","ORD001127","P681","Chuot khong day Logitech - Mau 681","4","360000"
"HISTORY","ORD001127","PENDING","1790015400000"
"HISTORY","ORD001127","PROCESSING","1790019000000"
"HISTORY","ORD001127","SHIPPING","1790022600000"
"HISTORY","ORD001127","COMPLETED","1790026200000"
"ORDER","ORD001128","Hoang Thanh Nam","0926691887","62860000","1790016300000","1","COMPLETED"
"ITEM","ORD001128","P070","Sac du phong Anker - Mau 070","4","1540000"
"ITEM","ORD001128","P783","Man hinh Dell - Mau 783","4","9610000"
"ITEM","ORD001128","P248","Webcam Logitech - Mau 248","1","1070000"
"ITEM","ORD001128","P449","Loa Bluetooth JBL - Mau 449","3","5730000"
"HISTORY","ORD001128","PENDING","1790016300000"
"HISTORY","ORD001128","PROCESSING","1790019900000"
"HISTORY","ORD001128","SHIPPING","1790023500000"
"HISTORY","ORD001128","COMPLETED","1790027100000"
"ORDER","ORD001129","Bui Quang Huy","0948450984","13620000","1790017200000","1","CANCELLED"
"ITEM","ORD001129","P581","Chuot khong day Logitech - Mau 581","2","190000"
"ITEM","ORD001129","P113","USB Sandisk - Mau 113","1","400000"
"ITEM","ORD001129","P452","Router WiFi TP-Link - Mau 452","3","1660000"
"ITEM","ORD001129","P569","Loa Bluetooth JBL - Mau 569","2","3930000"
"HISTORY","ORD001129","PENDING","1790017200000"
"HISTORY","ORD001129","PROCESSING","1790020800000"
"HISTORY","ORD001129","CANCELLED","1790024400000"
"ORDER","ORD001130","Bui Tuan Kiet","0937514542","18270000","1790018100000","1","CANCELLED"
"ITEM","ORD001130","P532","Router WiFi TP-Link - Mau 532","1","2110000"
"ITEM","ORD001130","P008","Webcam Logitech - Mau 008","4","1630000"
"ITEM","ORD001130","P876","Chuot gaming Razer - Mau 876","3","2340000"
"ITEM","ORD001130","P592","Router WiFi TP-Link - Mau 592","1","2620000"
"HISTORY","ORD001130","PENDING","1790018100000"
"HISTORY","ORD001130","CANCELLED","1790021700000"
"ORDER","ORD001131","Dang Minh An","0989756202","31400000","1790019000000","2","PENDING"
"ITEM","ORD001131","P701","Chuot khong day Logitech - Mau 701","4","810000"
"ITEM","ORD001131","P419","May in Canon - Mau 419","4","7040000"
"HISTORY","ORD001131","PENDING","1790019000000"
"ORDER","ORD001132","Huynh Ngoc Anh","0929552859","22590000","1790019900000","2","PENDING"
"ITEM","ORD001132","P403","Man hinh Dell - Mau 403","3","5070000"
"ITEM","ORD001132","P810","Sac du phong Anker - Mau 810","3","510000"
"ITEM","ORD001132","P978","Microphone HyperX - Mau 978","3","1950000"
"HISTORY","ORD001132","PENDING","1790019900000"
"ORDER","ORD001133","Phan Dinh Hai","0958477706","43929000","1790020800000","2","PROCESSING"
"ITEM","ORD001133","P927","Laptop Asus - Mau 927","1","31401000"
"ITEM","ORD001133","P340","Bo chia HDMI Ugreen - Mau 340","2","288000"
"ITEM","ORD001133","P417","Ban phim gaming Corsair - Mau 417","1","1341000"
"ITEM","ORD001133","P126","RAM Kingston - Mau 126","3","2070000"
"ITEM","ORD001133","P237","Ban phim gaming Corsair - Mau 237","3","1467000"
"HISTORY","ORD001133","PENDING","1790020800000"
"HISTORY","ORD001133","PROCESSING","1790024400000"
"ORDER","ORD001134","Vu Minh An","0991604518","8510000","1790021700000","2","PROCESSING"
"ITEM","ORD001134","P332","Router WiFi TP-Link - Mau 332","2","1540000"
"ITEM","ORD001134","P092","Router WiFi TP-Link - Mau 092","1","2500000"
"ITEM","ORD001134","P817","Ban phim gaming Corsair - Mau 817","1","2930000"
"HISTORY","ORD001134","PENDING","1790021700000"
"HISTORY","ORD001134","PROCESSING","1790025300000"
"ORDER","ORD001135","Vo Dinh Hai","0923898136","124440000","1790022600000","2","SHIPPING"
"ITEM","ORD001135","P827","Laptop Asus - Mau 827","4","30860000"
"ITEM","ORD001135","P617","Ban phim gaming Corsair - Mau 617","2","500000"
"HISTORY","ORD001135","PENDING","1790022600000"
"HISTORY","ORD001135","PROCESSING","1790026200000"
"HISTORY","ORD001135","SHIPPING","1790029800000"
"ORDER","ORD001136","Dang Quang Huy","0930338340","3800000","1790023500000","3","SHIPPING"
"ITEM","ORD001136","P402","Ban phim Keychron - Mau 402","4","950000"
"HISTORY","ORD001136","PENDING","1790023500000"
"HISTORY","ORD001136","PROCESSING","1790027100000"
"HISTORY","ORD001136","SHIPPING","1790030700000"
"ORDER","ORD001137","Bui Ngoc Anh","0951454484","8490000","1790024400000","3","COMPLETED"
"ITEM","ORD001137","P498","Microphone HyperX - Mau 498","1","2610000"
"ITEM","ORD001137","P538","Microphone HyperX - Mau 538","2","2940000"
"HISTORY","ORD001137","PENDING","1790024400000"
"HISTORY","ORD001137","PROCESSING","1790028000000"
"HISTORY","ORD001137","SHIPPING","1790031600000"
"HISTORY","ORD001137","COMPLETED","1790035200000"
"ORDER","ORD001138","Nguyen Huynh Khoa","0925534666","5520000","1790025300000","3","COMPLETED"
"ITEM","ORD001138","P557","Ban phim gaming Corsair - Mau 557","2","2760000"
"HISTORY","ORD001138","PENDING","1790025300000"
"HISTORY","ORD001138","PROCESSING","1790028900000"
"HISTORY","ORD001138","SHIPPING","1790032500000"
"HISTORY","ORD001138","COMPLETED","1790036100000"
"ORDER","ORD001139","Nguyen Ngoc Anh","0920976022","26830000","1790026200000","3","CANCELLED"
"ITEM","ORD001139","P145","SSD Samsung - Mau 145","3","890000"
"ITEM","ORD001139","P483","Man hinh Dell - Mau 483","2","10540000"
"ITEM","ORD001139","P874","Gia do laptop Baseus - Mau 874","4","570000"
"ITEM","ORD001139","P714","Gia do laptop Baseus - Mau 714","1","800000"
"HISTORY","ORD001139","PENDING","1790026200000"
"HISTORY","ORD001139","PROCESSING","1790029800000"
"HISTORY","ORD001139","CANCELLED","1790033400000"
"ORDER","ORD001140","Vu Quang Huy","0932673654","79110000","1790027100000","3","CANCELLED"
"ITEM","ORD001140","P925","SSD Samsung - Mau 925","3","3080000"
"ITEM","ORD001140","P992","Router WiFi TP-Link - Mau 992","3","450000"
"ITEM","ORD001140","P278","Microphone HyperX - Mau 278","4","610000"
"ITEM","ORD001140","P987","Laptop Asus - Mau 987","4","16520000"
"HISTORY","ORD001140","PENDING","1790027100000"
"HISTORY","ORD001140","CANCELLED","1790030700000"
"ORDER","ORD001141","Phan Bao Tran","0924834580","7880000","1790028000000","1","PENDING"
"ITEM","ORD001141","P331","Cap USB-C Ugreen - Mau 331","4","390000"
"ITEM","ORD001141","P342","Ban phim Keychron - Mau 342","4","1580000"
"HISTORY","ORD001141","PENDING","1790028000000"
"ORDER","ORD001142","Huynh Minh An","0970652142","11730000","1790028900000","1","PENDING"
"ITEM","ORD001142","P590","Sac du phong Anker - Mau 590","1","290000"
"ITEM","ORD001142","P939","May in Canon - Mau 939","1","1510000"
"ITEM","ORD001142","P785","SSD Samsung - Mau 785","2","1920000"
"ITEM","ORD001142","P079","May in Canon - Mau 079","1","2810000"
"ITEM","ORD001142","P656","Chuot gaming Razer - Mau 656","2","1640000"
"HISTORY","ORD001142","PENDING","1790028900000"
"ORDER","ORD001143","Hoang Thu Ha","0930882988","15470000","1790029800000","1","PROCESSING"
"ITEM","ORD001143","P979","May in Canon - Mau 979","1","4200000"
"ITEM","ORD001143","P605","SSD Samsung - Mau 605","1","1170000"
"ITEM","ORD001143","P072","Router WiFi TP-Link - Mau 072","3","1040000"
"ITEM","ORD001143","P599","May in Canon - Mau 599","2","2680000"
"ITEM","ORD001143","P140","Bo chia HDMI Ugreen - Mau 140","2","810000"
"HISTORY","ORD001143","PENDING","1790029800000"
"HISTORY","ORD001143","PROCESSING","1790033400000"
"ORDER","ORD001144","Hoang Tuan Kiet","0938581989","24012000","1790030700000","1","PROCESSING"
"ITEM","ORD001144","P315","O cung HDD Seagate - Mau 315","1","1998000"
"ITEM","ORD001144","P812","Router WiFi TP-Link - Mau 812","3","2637000"
"ITEM","ORD001144","P925","SSD Samsung - Mau 925","3","2772000"
"ITEM","ORD001144","P109","Loa Bluetooth JBL - Mau 109","1","5787000"
"HISTORY","ORD001144","PENDING","1790030700000"
"HISTORY","ORD001144","PROCESSING","1790034300000"
"ORDER","ORD001145","Bui Dang Khoa","0989203056","58510000","1790031600000","1","SHIPPING"
"ITEM","ORD001145","P347","Laptop Asus - Mau 347","3","17040000"
"ITEM","ORD001145","P803","Man hinh Dell - Mau 803","1","7390000"
"HISTORY","ORD001145","PENDING","1790031600000"
"HISTORY","ORD001145","PROCESSING","1790035200000"
"HISTORY","ORD001145","SHIPPING","1790038800000"
"ORDER","ORD001146","Pham Minh Duc","0996004448","4380000","1790032500000","2","SHIPPING"
"ITEM","ORD001146","P914","Gia do laptop Baseus - Mau 914","1","570000"
"ITEM","ORD001146","P673","USB Sandisk - Mau 673","4","110000"
"ITEM","ORD001146","P543","Man hinh Dell - Mau 543","1","3370000"
"HISTORY","ORD001146","PENDING","1790032500000"
"HISTORY","ORD001146","PROCESSING","1790036100000"
"HISTORY","ORD001146","SHIPPING","1790039700000"
"ORDER","ORD001147","Dang Lan Chi","0980728138","28280000","1790033400000","2","COMPLETED"
"ITEM","ORD001147","P235","O cung HDD Seagate - Mau 235","3","2740000"
"ITEM","ORD001147","P815","O cung HDD Seagate - Mau 815","1","2360000"
"ITEM","ORD001147","P560","Bo chia HDMI Ugreen - Mau 560","2","870000"
"ITEM","ORD001147","P938","Microphone HyperX - Mau 938","4","3990000"
"HISTORY","ORD001147","PENDING","1790033400000"
"HISTORY","ORD001147","PROCESSING","1790037000000"
"HISTORY","ORD001147","SHIPPING","1790040600000"
"HISTORY","ORD001147","COMPLETED","1790044200000"
"ORDER","ORD001148","Tran Thanh Nam","0971997489","3830000","1790034300000","2","COMPLETED"
"ITEM","ORD001148","P439","May in Canon - Mau 439","1","3830000"
"HISTORY","ORD001148","PENDING","1790034300000"
"HISTORY","ORD001148","PROCESSING","1790037900000"
"HISTORY","ORD001148","SHIPPING","1790041500000"
"HISTORY","ORD001148","COMPLETED","1790045100000"
"ORDER","ORD001149","Dang Minh An","0926822225","33200000","1790035200000","2","CANCELLED"
"ITEM","ORD001149","P592","Router WiFi TP-Link - Mau 592","1","2620000"
"ITEM","ORD001149","P183","Man hinh Dell - Mau 183","3","7700000"
"ITEM","ORD001149","P928","Webcam Logitech - Mau 928","4","1870000"
"HISTORY","ORD001149","PENDING","1790035200000"
"HISTORY","ORD001149","PROCESSING","1790038800000"
"HISTORY","ORD001149","CANCELLED","1790042400000"
"ORDER","ORD001150","Do Bao Tran","0996494762","9200000","1790036100000","2","CANCELLED"
"ITEM","ORD001150","P721","Chuot khong day Logitech - Mau 721","4","640000"
"ITEM","ORD001150","P957","Ban phim gaming Corsair - Mau 957","1","600000"
"ITEM","ORD001150","P315","O cung HDD Seagate - Mau 315","2","2220000"
"ITEM","ORD001150","P270","Sac du phong Anker - Mau 270","2","800000"
"HISTORY","ORD001150","PENDING","1790036100000"
"HISTORY","ORD001150","CANCELLED","1790039700000"
"ORDER","ORD001151","Pham Thanh Nam","0988334368","26480000","1790037000000","3","PENDING"
"ITEM","ORD001151","P473","USB Sandisk - Mau 473","1","190000"
"ITEM","ORD001151","P784","Tai nghe Sony - Mau 784","4","5780000"
"ITEM","ORD001151","P037","Ban phim gaming Corsair - Mau 037","1","3170000"
"HISTORY","ORD001151","PENDING","1790037000000"
"ORDER","ORD001152","Dang Minh An","0933785791","16430000","1790037900000","3","PENDING"
"ITEM","ORD001152","P964","Tai nghe Sony - Mau 964","1","4070000"
"ITEM","ORD001152","P775","O cung HDD Seagate - Mau 775","3","2140000"
"ITEM","ORD001152","P853","USB Sandisk - Mau 853","4","120000"
"ITEM","ORD001152","P429","Loa Bluetooth JBL - Mau 429","3","1820000"
"HISTORY","ORD001152","PENDING","1790037900000"
"ORDER","ORD001153","Tran Lan Chi","0939717874","29100000","1790038800000","3","PROCESSING"
"ITEM","ORD001153","P205","SSD Samsung - Mau 205","2","3750000"
"ITEM","ORD001153","P037","Ban phim gaming Corsair - Mau 037","4","3170000"
"ITEM","ORD001153","P862","Ban phim Keychron - Mau 862","4","2230000"
"HISTORY","ORD001153","PENDING","1790038800000"
"HISTORY","ORD001153","PROCESSING","1790042400000"
"ORDER","ORD001154","Hoang Tuan Kiet","0948923035","2220000","1790039700000","3","PROCESSING"
"ITEM","ORD001154","P315","O cung HDD Seagate - Mau 315","1","2220000"
"HISTORY","ORD001154","PENDING","1790039700000"
"HISTORY","ORD001154","PROCESSING","1790043300000"
"ORDER","ORD001155","Bui Dinh Hai","0914152993","22392000","1790040600000","3","SHIPPING"
"ITEM","ORD001155","P958","Microphone HyperX - Mau 958","2","1476000"
"ITEM","ORD001155","P917","Ban phim gaming Corsair - Mau 917","2","1674000"
"ITEM","ORD001155","P058","Microphone HyperX - Mau 058","4","2061000"
"ITEM","ORD001155","P923","Man hinh Dell - Mau 923","2","3924000"
"HISTORY","ORD001155","PENDING","1790040600000"
"HISTORY","ORD001155","PROCESSING","1790044200000"
"HISTORY","ORD001155","SHIPPING","1790047800000"
"ORDER","ORD001156","Bui Huynh Khoa","0985772430","41930000","1790041500000","1","SHIPPING"
"ITEM","ORD001156","P245","SSD Samsung - Mau 245","2","3750000"
"ITEM","ORD001156","P300","Bo chia HDMI Ugreen - Mau 300","1","660000"
"ITEM","ORD001156","P247","Laptop Asus - Mau 247","1","19920000"
"ITEM","ORD001156","P907","Laptop Asus - Mau 907","1","12230000"
"ITEM","ORD001156","P005","SSD Samsung - Mau 005","3","540000"
"HISTORY","ORD001156","PENDING","1790041500000"
"HISTORY","ORD001156","PROCESSING","1790045100000"
"HISTORY","ORD001156","SHIPPING","1790048700000"
"ORDER","ORD001157","Bui Dang Khoa","0972568491","16310000","1790042400000","1","COMPLETED"
"ITEM","ORD001157","P246","RAM Kingston - Mau 246","4","1410000"
"ITEM","ORD001157","P525","SSD Samsung - Mau 525","1","3550000"
"ITEM","ORD001157","P309","Loa Bluetooth JBL - Mau 309","2","3560000"
"HISTORY","ORD001157","PENDING","1790042400000"
"HISTORY","ORD001157","PROCESSING","1790046000000"
"HISTORY","ORD001157","SHIPPING","1790049600000"
"HISTORY","ORD001157","COMPLETED","1790053200000"
"ORDER","ORD001158","Tran Tuan Kiet","0984017671","25770000","1790043300000","1","COMPLETED"
"ITEM","ORD001158","P160","Bo chia HDMI Ugreen - Mau 160","2","680000"
"ITEM","ORD001158","P179","May in Canon - Mau 179","4","2700000"
"ITEM","ORD001158","P801","Chuot khong day Logitech - Mau 801","1","880000"
"ITEM","ORD001158","P779","May in Canon - Mau 779","1","7210000"
"ITEM","ORD001158","P637","Ban phim gaming Corsair - Mau 637","4","1380000"
"HISTORY","ORD001158","PENDING","1790043300000"
"HISTORY","ORD001158","PROCESSING","1790046900000"
"HISTORY","ORD001158","SHIPPING","1790050500000"
"HISTORY","ORD001158","COMPLETED","1790054100000"
"ORDER","ORD001159","Phan Ngoc Anh","0915959578","41180000","1790044200000","1","CANCELLED"
"ITEM","ORD001159","P972","Router WiFi TP-Link - Mau 972","4","2340000"
"ITEM","ORD001159","P445","SSD Samsung - Mau 445","2","4280000"
"ITEM","ORD001159","P803","Man hinh Dell - Mau 803","2","7390000"
"ITEM","ORD001159","P702","Ban phim Keychron - Mau 702","2","2500000"
"ITEM","ORD001159","P560","Bo chia HDMI Ugreen - Mau 560","4","870000"
"HISTORY","ORD001159","PENDING","1790044200000"
"HISTORY","ORD001159","PROCESSING","1790047800000"
"HISTORY","ORD001159","CANCELLED","1790051400000"
"ORDER","ORD001160","Vu Tuan Kiet","0952527840","7590000","1790045100000","1","CANCELLED"
"ITEM","ORD001160","P553","USB Sandisk - Mau 553","4","310000"
"ITEM","ORD001160","P350","Sac du phong Anker - Mau 350","3","1410000"
"ITEM","ORD001160","P280","Bo chia HDMI Ugreen - Mau 280","2","130000"
"ITEM","ORD001160","P917","Ban phim gaming Corsair - Mau 917","1","1860000"
"HISTORY","ORD001160","PENDING","1790045100000"
"HISTORY","ORD001160","CANCELLED","1790048700000"
"ORDER","ORD001161","Hoang Tuan Kiet","0969149539","3830000","1790046000000","2","PENDING"
"ITEM","ORD001161","P201","Chuot khong day Logitech - Mau 201","2","760000"
"ITEM","ORD001161","P406","RAM Kingston - Mau 406","3","770000"
"HISTORY","ORD001161","PENDING","1790046000000"
"ORDER","ORD001162","Bui Bao Tran","0977787486","12400000","1790046900000","2","PENDING"
"ITEM","ORD001162","P057","Ban phim gaming Corsair - Mau 057","2","4180000"
"ITEM","ORD001162","P697","Ban phim gaming Corsair - Mau 697","3","800000"
"ITEM","ORD001162","P500","Bo chia HDMI Ugreen - Mau 500","2","820000"
"HISTORY","ORD001162","PENDING","1790046900000"
"ORDER","ORD001163","Phan Tuan Kiet","0924727787","13260000","1790047800000","2","PROCESSING"
"ITEM","ORD001163","P590","Sac du phong Anker - Mau 590","3","290000"
"ITEM","ORD001163","P326","RAM Kingston - Mau 326","3","2270000"
"ITEM","ORD001163","P833","USB Sandisk - Mau 833","3","80000"
"ITEM","ORD001163","P835","O cung HDD Seagate - Mau 835","2","2670000"
"HISTORY","ORD001163","PENDING","1790047800000"
"HISTORY","ORD001163","PROCESSING","1790051400000"
"ORDER","ORD001164","Huynh Dang Khoa","0985574042","8060000","1790048700000","2","PROCESSING"
"ITEM","ORD001164","P124","Tai nghe Sony - Mau 124","2","3450000"
"ITEM","ORD001164","P792","Router WiFi TP-Link - Mau 792","1","1160000"
"HISTORY","ORD001164","PENDING","1790048700000"
"HISTORY","ORD001164","PROCESSING","1790052300000"
"ORDER","ORD001165","Hoang Huynh Khoa","0981552787","4150000","1790049600000","2","SHIPPING"
"ITEM","ORD001165","P610","Sac du phong Anker - Mau 610","1","950000"
"ITEM","ORD001165","P694","Gia do laptop Baseus - Mau 694","4","800000"
"HISTORY","ORD001165","PENDING","1790049600000"
"HISTORY","ORD001165","PROCESSING","1790053200000"
"HISTORY","ORD001165","SHIPPING","1790056800000"
"ORDER","ORD001166","Do Dinh Hai","0913092326","33606000","1790050500000","3","SHIPPING"
"ITEM","ORD001166","P205","SSD Samsung - Mau 205","4","3375000"
"ITEM","ORD001166","P756","Chuot gaming Razer - Mau 756","4","729000"
"ITEM","ORD001166","P789","Loa Bluetooth JBL - Mau 789","3","801000"
"ITEM","ORD001166","P569","Loa Bluetooth JBL - Mau 569","4","3537000"
"ITEM","ORD001166","P514","Gia do laptop Baseus - Mau 514","1","639000"
"HISTORY","ORD001166","PENDING","1790050500000"
"HISTORY","ORD001166","PROCESSING","1790054100000"
"HISTORY","ORD001166","SHIPPING","1790057700000"
"ORDER","ORD001167","Le Thu Ha","0911407928","3550000","1790051400000","3","COMPLETED"
"ITEM","ORD001167","P942","Ban phim Keychron - Mau 942","4","780000"
"ITEM","ORD001167","P791","Cap USB-C Ugreen - Mau 791","1","430000"
"HISTORY","ORD001167","PENDING","1790051400000"
"HISTORY","ORD001167","PROCESSING","1790055000000"
"HISTORY","ORD001167","SHIPPING","1790058600000"
"HISTORY","ORD001167","COMPLETED","1790062200000"
"ORDER","ORD001168","Le Thanh Nam","0943689335","1150000","1790052300000","3","COMPLETED"
"ITEM","ORD001168","P496","Chuot gaming Razer - Mau 496","1","1150000"
"HISTORY","ORD001168","PENDING","1790052300000"
"HISTORY","ORD001168","PROCESSING","1790055900000"
"HISTORY","ORD001168","SHIPPING","1790059500000"
"HISTORY","ORD001168","COMPLETED","1790063100000"
"ORDER","ORD001169","Tran Lan Chi","0936980564","12830000","1790053200000","3","CANCELLED"
"ITEM","ORD001169","P909","Loa Bluetooth JBL - Mau 909","3","1650000"
"ITEM","ORD001169","P023","Man hinh Dell - Mau 023","4","1970000"
"HISTORY","ORD001169","PENDING","1790053200000"
"HISTORY","ORD001169","PROCESSING","1790056800000"
"HISTORY","ORD001169","CANCELLED","1790060400000"
"ORDER","ORD001170","Pham Quang Huy","0929025917","42510000","1790054100000","3","CANCELLED"
"ITEM","ORD001170","P594","Gia do laptop Baseus - Mau 594","4","470000"
"ITEM","ORD001170","P163","Man hinh Dell - Mau 163","3","12950000"
"ITEM","ORD001170","P288","Webcam Logitech - Mau 288","1","1480000"
"ITEM","ORD001170","P771","Cap USB-C Ugreen - Mau 771","1","300000"
"HISTORY","ORD001170","PENDING","1790054100000"
"HISTORY","ORD001170","CANCELLED","1790057700000"
"ORDER","ORD001171","Tran Minh Duc","0926498390","22200000","1790055000000","1","PENDING"
"ITEM","ORD001171","P415","O cung HDD Seagate - Mau 415","4","990000"
"ITEM","ORD001171","P286","RAM Kingston - Mau 286","3","2110000"
"ITEM","ORD001171","P731","Cap USB-C Ugreen - Mau 731","3","190000"
"ITEM","ORD001171","P018","Microphone HyperX - Mau 018","3","3780000"
"HISTORY","ORD001171","PENDING","1790055000000"
"ORDER","ORD001172","Vu Huynh Khoa","0913666660","46190000","1790055900000","1","PENDING"
"ITEM","ORD001172","P722","Ban phim Keychron - Mau 722","3","2200000"
"ITEM","ORD001172","P257","Ban phim gaming Corsair - Mau 257","4","2180000"
"ITEM","ORD001172","P810","Sac du phong Anker - Mau 810","4","510000"
"ITEM","ORD001172","P783","Man hinh Dell - Mau 783","3","9610000"
"HISTORY","ORD001172","PENDING","1790055900000"
"ORDER","ORD001173","Phan Ngoc Anh","0965223531","14500000","1790056800000","1","PROCESSING"
"ITEM","ORD001173","P222","Ban phim Keychron - Mau 222","4","2500000"
"ITEM","ORD001173","P509","Loa Bluetooth JBL - Mau 509","3","1380000"
"ITEM","ORD001173","P316","Chuot gaming Razer - Mau 316","1","360000"
"HISTORY","ORD001173","PENDING","1790056800000"
"HISTORY","ORD001173","PROCESSING","1790060400000"
"ORDER","ORD001174","Nguyen Huynh Khoa","0919031434","890000","1790057700000","1","PROCESSING"
"ITEM","ORD001174","P712","Router WiFi TP-Link - Mau 712","1","890000"
"HISTORY","ORD001174","PENDING","1790057700000"
"HISTORY","ORD001174","PROCESSING","1790061300000"
"ORDER","ORD001175","Tran Tuan Kiet","0964286901","25710000","1790058600000","1","SHIPPING"
"ITEM","ORD001175","P168","Webcam Logitech - Mau 168","1","1890000"
"ITEM","ORD001175","P022","Ban phim Keychron - Mau 022","4","2870000"
"ITEM","ORD001175","P355","O cung HDD Seagate - Mau 355","4","1770000"
"ITEM","ORD001175","P186","RAM Kingston - Mau 186","2","2630000"
"HISTORY","ORD001175","PENDING","1790058600000"
"HISTORY","ORD001175","PROCESSING","1790062200000"
"HISTORY","ORD001175","SHIPPING","1790065800000"
"ORDER","ORD001176","Bui Thu Ha","0943875588","32060000","1790059500000","2","SHIPPING"
"ITEM","ORD001176","P371","Cap USB-C Ugreen - Mau 371","1","430000"
"ITEM","ORD001176","P840","Bo chia HDMI Ugreen - Mau 840","4","330000"
"ITEM","ORD001176","P703","Man hinh Dell - Mau 703","4","6580000"
"ITEM","ORD001176","P938","Microphone HyperX - Mau 938","1","3990000"
"HISTORY","ORD001176","PENDING","1790059500000"
"HISTORY","ORD001176","PROCESSING","1790063100000"
"HISTORY","ORD001176","SHIPPING","1790066700000"
"ORDER","ORD001177","Phan Thanh Nam","0936861771","17001000","1790060400000","2","COMPLETED"
"ITEM","ORD001177","P504","Tai nghe Sony - Mau 504","3","2241000"
"ITEM","ORD001177","P663","Man hinh Dell - Mau 663","1","10278000"
"HISTORY","ORD001177","PENDING","1790060400000"
"HISTORY","ORD001177","PROCESSING","1790064000000"
"HISTORY","ORD001177","SHIPPING","1790067600000"
"HISTORY","ORD001177","COMPLETED","1790071200000"
"ORDER","ORD001178","Hoang Tuan Kiet","0941228445","34550000","1790061300000","2","COMPLETED"
"ITEM","ORD001178","P575","O cung HDD Seagate - Mau 575","1","2010000"
"ITEM","ORD001178","P285","SSD Samsung - Mau 285","1","4490000"
"ITEM","ORD001178","P503","Man hinh Dell - Mau 503","2","13840000"
"ITEM","ORD001178","P486","RAM Kingston - Mau 486","1","370000"
"HISTORY","ORD001178","PENDING","1790061300000"
"HISTORY","ORD001178","PROCESSING","1790064900000"
"HISTORY","ORD001178","SHIPPING","1790068500000"
"HISTORY","ORD001178","COMPLETED","1790072100000"
"ORDER","ORD001179","Vu Tuan Kiet","0910300873","24120000","1790062200000","2","CANCELLED"
"ITEM","ORD001179","P189","Loa Bluetooth JBL - Mau 189","3","3230000"
"ITEM","ORD001179","P834","Gia do laptop Baseus - Mau 834","3","610000"
"ITEM","ORD001179","P264","Tai nghe Sony - Mau 264","2","5820000"
"ITEM","ORD001179","P340","Bo chia HDMI Ugreen - Mau 340","3","320000"
"HISTORY","ORD001179","PENDING","1790062200000"
"HISTORY","ORD001179","PROCESSING","1790065800000"
"HISTORY","ORD001179","CANCELLED","1790069400000"
"ORDER","ORD001180","Do Minh Duc","0933026581","640000","1790063100000","2","CANCELLED"
"ITEM","ORD001180","P474","Gia do laptop Baseus - Mau 474","1","640000"
"HISTORY","ORD001180","PENDING","1790063100000"
"HISTORY","ORD001180","CANCELLED","1790066700000"
"ORDER","ORD001181","Huynh Minh An","0966038627","12240000","1790064000000","3","PENDING"
"ITEM","ORD001181","P874","Gia do laptop Baseus - Mau 874","3","570000"
"ITEM","ORD001181","P454","Gia do laptop Baseus - Mau 454","2","260000"
"ITEM","ORD001181","P708","Webcam Logitech - Mau 708","4","210000"
"ITEM","ORD001181","P902","Ban phim Keychron - Mau 902","3","2630000"
"ITEM","ORD001181","P794","Gia do laptop Baseus - Mau 794","2","640000"
"HISTORY","ORD001181","PENDING","1790064000000"
"ORDER","ORD001182","Nguyen Dang Khoa","0970401773","3410000","1790064900000","3","PENDING"
"ITEM","ORD001182","P922","Ban phim Keychron - Mau 922","1","2690000"
"ITEM","ORD001182","P318","Microphone HyperX - Mau 318","1","720000"
"HISTORY","ORD001182","PENDING","1790064900000"
"ORDER","ORD001183","Dang Huynh Khoa","0924842723","8490000","1790065800000","3","PROCESSING"
"ITEM","ORD001183","P614","Gia do laptop Baseus - Mau 614","1","380000"
"ITEM","ORD001183","P930","Sac du phong Anker - Mau 930","4","1650000"
"ITEM","ORD001183","P416","Chuot gaming Razer - Mau 416","1","440000"
"ITEM","ORD001183","P248","Webcam Logitech - Mau 248","1","1070000"
"HISTORY","ORD001183","PENDING","1790065800000"
"HISTORY","ORD001183","PROCESSING","1790069400000"
"ORDER","ORD001184","Hoang Tuan Kiet","0966356743","1000000","1790066700000","3","PROCESSING"
"ITEM","ORD001184","P220","Bo chia HDMI Ugreen - Mau 220","1","490000"
"ITEM","ORD001184","P281","Chuot khong day Logitech - Mau 281","3","170000"
"HISTORY","ORD001184","PENDING","1790066700000"
"HISTORY","ORD001184","PROCESSING","1790070300000"
"ORDER","ORD001185","Do Tuan Kiet","0979432438","75880000","1790067600000","3","SHIPPING"
"ITEM","ORD001185","P562","Ban phim Keychron - Mau 562","4","2460000"
"ITEM","ORD001185","P267","Laptop Asus - Mau 267","2","20290000"
"ITEM","ORD001185","P436","Chuot gaming Razer - Mau 436","4","1060000"
"ITEM","ORD001185","P057","Ban phim gaming Corsair - Mau 057","1","4180000"
"ITEM","ORD001185","P347","Laptop Asus - Mau 347","1","17040000"
"HISTORY","ORD001185","PENDING","1790067600000"
"HISTORY","ORD001185","PROCESSING","1790071200000"
"HISTORY","ORD001185","SHIPPING","1790074800000"
"ORDER","ORD001186","Nguyen Dinh Hai","0929592422","6690000","1790068500000","1","SHIPPING"
"ITEM","ORD001186","P740","Bo chia HDMI Ugreen - Mau 740","2","260000"
"ITEM","ORD001186","P064","Tai nghe Sony - Mau 064","4","680000"
"ITEM","ORD001186","P485","SSD Samsung - Mau 485","1","3450000"
"HISTORY","ORD001186","PENDING","1790068500000"
"HISTORY","ORD001186","PROCESSING","1790072100000"
"HISTORY","ORD001186","SHIPPING","1790075700000"
"ORDER","ORD001187","Phan Minh Duc","0935733876","27880000","1790069400000","1","COMPLETED"
"ITEM","ORD001187","P613","USB Sandisk - Mau 613","3","440000"
"ITEM","ORD001187","P882","Ban phim Keychron - Mau 882","2","3030000"
"ITEM","ORD001187","P169","Loa Bluetooth JBL - Mau 169","2","5790000"
"ITEM","ORD001187","P232","Router WiFi TP-Link - Mau 232","4","2230000"
"HISTORY","ORD001187","PENDING","1790069400000"
"HISTORY","ORD001187","PROCESSING","1790073000000"
"HISTORY","ORD001187","SHIPPING","1790076600000"
"HISTORY","ORD001187","COMPLETED","1790080200000"
"ORDER","ORD001188","Pham Thanh Nam","0939845544","47619000","1790070300000","1","COMPLETED"
"ITEM","ORD001188","P295","O cung HDD Seagate - Mau 295","3","1683000"
"ITEM","ORD001188","P852","Router WiFi TP-Link - Mau 852","1","1476000"
"ITEM","ORD001188","P227","Laptop Asus - Mau 227","2","18837000"
"ITEM","ORD001188","P135","O cung HDD Seagate - Mau 135","2","1710000"
"HISTORY","ORD001188","PENDING","1790070300000"
"HISTORY","ORD001188","PROCESSING","1790073900000"
"HISTORY","ORD001188","SHIPPING","1790077500000"
"HISTORY","ORD001188","COMPLETED","1790081100000"
"ORDER","ORD001189","Nguyen Ngoc Anh","0923369591","44430000","1790071200000","1","CANCELLED"
"ITEM","ORD001189","P216","Chuot gaming Razer - Mau 216","3","2040000"
"ITEM","ORD001189","P793","USB Sandisk - Mau 793","3","570000"
"ITEM","ORD001189","P719","May in Canon - Mau 719","4","7970000"
"ITEM","ORD001189","P320","Bo chia HDMI Ugreen - Mau 320","4","780000"
"ITEM","ORD001189","P697","Ban phim gaming Corsair - Mau 697","2","800000"
"HISTORY","ORD001189","PENDING","1790071200000"
"HISTORY","ORD001189","PROCESSING","1790074800000"
"HISTORY","ORD001189","CANCELLED","1790078400000"
"ORDER","ORD001190","Vu Quang Huy","0969231146","5360000","1790072100000","1","CANCELLED"
"ITEM","ORD001190","P102","Ban phim Keychron - Mau 102","2","2680000"
"HISTORY","ORD001190","PENDING","1790072100000"
"HISTORY","ORD001190","CANCELLED","1790075700000"
"ORDER","ORD001191","Vu Bao Tran","0969859784","98530000","1790073000000","2","PENDING"
"ITEM","ORD001191","P976","Chuot gaming Razer - Mau 976","2","2200000"
"ITEM","ORD001191","P181","Chuot khong day Logitech - Mau 181","1","450000"
"ITEM","ORD001191","P307","Laptop Asus - Mau 307","4","23260000"
"ITEM","ORD001191","P760","Bo chia HDMI Ugreen - Mau 760","2","320000"
"HISTORY","ORD001191","PENDING","1790073000000"
"ORDER","ORD001192","Do Huynh Khoa","0944800889","64120000","1790073900000","2","PENDING"
"ITEM","ORD001192","P244","Tai nghe Sony - Mau 244","3","4200000"
"ITEM","ORD001192","P205","SSD Samsung - Mau 205","4","3750000"
"ITEM","ORD001192","P943","Man hinh Dell - Mau 943","3","11780000"
"ITEM","ORD001192","P633","USB Sandisk - Mau 633","2","590000"
"HISTORY","ORD001192","PENDING","1790073900000"
"ORDER","ORD001193","Huynh Dinh Hai","0945995269","29380000","1790074800000","2","PROCESSING"
"ITEM","ORD001193","P536","Chuot gaming Razer - Mau 536","1","1090000"
"ITEM","ORD001193","P869","Loa Bluetooth JBL - Mau 869","3","1780000"
"ITEM","ORD001193","P019","May in Canon - Mau 019","3","6790000"
"ITEM","ORD001193","P797","Ban phim gaming Corsair - Mau 797","3","860000"
"HISTORY","ORD001193","PENDING","1790074800000"
"HISTORY","ORD001193","PROCESSING","1790078400000"
"ORDER","ORD001194","Bui Minh An","0915637301","30860000","1790075700000","2","PROCESSING"
"ITEM","ORD001194","P067","Laptop Asus - Mau 067","2","14550000"
"ITEM","ORD001194","P811","Cap USB-C Ugreen - Mau 811","4","440000"
"HISTORY","ORD001194","PENDING","1790075700000"
"HISTORY","ORD001194","PROCESSING","1790079300000"
"ORDER","ORD001195","Pham Dinh Hai","0917568873","42690000","1790076600000","2","SHIPPING"
"ITEM","ORD001195","P423","Man hinh Dell - Mau 423","3","13700000"
"ITEM","ORD001195","P114","Gia do laptop Baseus - Mau 114","3","530000"
"HISTORY","ORD001195","PENDING","1790076600000"
"HISTORY","ORD001195","PROCESSING","1790080200000"
"HISTORY","ORD001195","SHIPPING","1790083800000"
"ORDER","ORD001196","Bui Tuan Kiet","0952204254","2850000","1790077500000","3","SHIPPING"
"ITEM","ORD001196","P477","Ban phim gaming Corsair - Mau 477","3","760000"
"ITEM","ORD001196","P991","Cap USB-C Ugreen - Mau 991","3","190000"
"HISTORY","ORD001196","PENDING","1790077500000"
"HISTORY","ORD001196","PROCESSING","1790081100000"
"HISTORY","ORD001196","SHIPPING","1790084700000"
"ORDER","ORD001197","Vu Quang Huy","0927828558","960000","1790078400000","3","COMPLETED"
"ITEM","ORD001197","P748","Webcam Logitech - Mau 748","1","750000"
"ITEM","ORD001197","P931","Cap USB-C Ugreen - Mau 931","3","70000"
"HISTORY","ORD001197","PENDING","1790078400000"
"HISTORY","ORD001197","PROCESSING","1790082000000"
"HISTORY","ORD001197","SHIPPING","1790085600000"
"HISTORY","ORD001197","COMPLETED","1790089200000"
"ORDER","ORD001198","Tran Lan Chi","0944542317","84960000","1790079300000","3","COMPLETED"
"ITEM","ORD001198","P077","Ban phim gaming Corsair - Mau 077","4","4260000"
"ITEM","ORD001198","P443","Man hinh Dell - Mau 443","2","5790000"
"ITEM","ORD001198","P783","Man hinh Dell - Mau 783","4","9610000"
"ITEM","ORD001198","P651","Cap USB-C Ugreen - Mau 651","2","370000"
"ITEM","ORD001198","P284","Tai nghe Sony - Mau 284","3","5720000"
"HISTORY","ORD001198","PENDING","1790079300000"
"HISTORY","ORD001198","PROCESSING","1790082900000"
"HISTORY","ORD001198","SHIPPING","1790086500000"
"HISTORY","ORD001198","COMPLETED","1790090100000"
"ORDER","ORD001199","Le Thanh Nam","0950883591","26568000","1790080200000","3","CANCELLED"
"ITEM","ORD001199","P566","RAM Kingston - Mau 566","2","945000"
"ITEM","ORD001199","P937","Ban phim gaming Corsair - Mau 937","2","2079000"
"ITEM","ORD001199","P052","Router WiFi TP-Link - Mau 052","3","2610000"
"ITEM","ORD001199","P786","RAM Kingston - Mau 786","4","2475000"
"ITEM","ORD001199","P578","Microphone HyperX - Mau 578","1","2790000"
"HISTORY","ORD001199","PENDING","1790080200000"
"HISTORY","ORD001199","PROCESSING","1790083800000"
"HISTORY","ORD001199","CANCELLED","1790087400000"
"ORDER","ORD001200","Vu Lan Chi","0999400249","37670000","1790081100000","3","CANCELLED"
"ITEM","ORD001200","P189","Loa Bluetooth JBL - Mau 189","4","3230000"
"ITEM","ORD001200","P310","Sac du phong Anker - Mau 310","3","350000"
"ITEM","ORD001200","P343","Man hinh Dell - Mau 343","2","11850000"
"HISTORY","ORD001200","PENDING","1790081100000"
"HISTORY","ORD001200","CANCELLED","1790084700000"
"ORDER","ORD001201","Vu Dinh Hai","0967248051","800000","1790082000000","1","PENDING"
"ITEM","ORD001201","P694","Gia do laptop Baseus - Mau 694","1","800000"
"HISTORY","ORD001201","PENDING","1790082000000"
"ORDER","ORD001202","Do Tuan Kiet","0990532811","44680000","1790082900000","1","PENDING"
"ITEM","ORD001202","P654","Gia do laptop Baseus - Mau 654","4","490000"
"ITEM","ORD001202","P726","RAM Kingston - Mau 726","1","2160000"
"ITEM","ORD001202","P617","Ban phim gaming Corsair - Mau 617","3","500000"
"ITEM","ORD001202","P243","Man hinh Dell - Mau 243","3","13020000"
"HISTORY","ORD001202","PENDING","1790082900000"
"ORDER","ORD001203","Bui Lan Chi","0955390530","173880000","1790083800000","1","PROCESSING"
"ITEM","ORD001203","P557","Ban phim gaming Corsair - Mau 557","4","2760000"
"ITEM","ORD001203","P923","Man hinh Dell - Mau 923","3","4360000"
"ITEM","ORD001203","P147","Laptop Asus - Mau 147","4","33220000"
"ITEM","ORD001203","P765","SSD Samsung - Mau 765","4","4220000"
"HISTORY","ORD001203","PENDING","1790083800000"
"HISTORY","ORD001203","PROCESSING","1790087400000"
"ORDER","ORD001204","Phan Minh Duc","0956453287","30900000","1790084700000","1","PROCESSING"
"ITEM","ORD001204","P763","Man hinh Dell - Mau 763","1","10380000"
"ITEM","ORD001204","P860","Bo chia HDMI Ugreen - Mau 860","1","720000"
"ITEM","ORD001204","P544","Tai nghe Sony - Mau 544","3","4640000"
"ITEM","ORD001204","P098","Microphone HyperX - Mau 098","1","3910000"
"ITEM","ORD001204","P159","May in Canon - Mau 159","1","1970000"
"HISTORY","ORD001204","PENDING","1790084700000"
"HISTORY","ORD001204","PROCESSING","1790088300000"
"ORDER","ORD001205","Phan Dang Khoa","0994189471","47240000","1790085600000","1","SHIPPING"
"ITEM","ORD001205","P416","Chuot gaming Razer - Mau 416","2","440000"
"ITEM","ORD001205","P766","RAM Kingston - Mau 766","4","2640000"
"ITEM","ORD001205","P747","Laptop Asus - Mau 747","2","17900000"
"HISTORY","ORD001205","PENDING","1790085600000"
"HISTORY","ORD001205","PROCESSING","1790089200000"
"HISTORY","ORD001205","SHIPPING","1790092800000"
"ORDER","ORD001206","Vo Thanh Nam","0916620274","35160000","1790086500000","2","SHIPPING"
"ITEM","ORD001206","P919","May in Canon - Mau 919","4","5200000"
"ITEM","ORD001206","P904","Tai nghe Sony - Mau 904","2","4780000"
"ITEM","ORD001206","P666","RAM Kingston - Mau 666","3","1600000"
"HISTORY","ORD001206","PENDING","1790086500000"
"HISTORY","ORD001206","PROCESSING","1790090100000"
"HISTORY","ORD001206","SHIPPING","1790093700000"
"ORDER","ORD001207","Bui Quang Huy","0946872101","24440000","1790087400000","2","COMPLETED"
"ITEM","ORD001207","P049","Loa Bluetooth JBL - Mau 049","4","1730000"
"ITEM","ORD001207","P857","Ban phim gaming Corsair - Mau 857","3","2640000"
"ITEM","ORD001207","P722","Ban phim Keychron - Mau 722","4","2200000"
"ITEM","ORD001207","P270","Sac du phong Anker - Mau 270","1","800000"
"HISTORY","ORD001207","PENDING","1790087400000"
"HISTORY","ORD001207","PROCESSING","1790091000000"
"HISTORY","ORD001207","SHIPPING","1790094600000"
"HISTORY","ORD001207","COMPLETED","1790098200000"
"ORDER","ORD001208","Bui Minh Duc","0935152561","15380000","1790088300000","2","COMPLETED"
"ITEM","ORD001208","P384","Tai nghe Sony - Mau 384","2","5450000"
"ITEM","ORD001208","P228","Webcam Logitech - Mau 228","2","2240000"
"HISTORY","ORD001208","PENDING","1790088300000"
"HISTORY","ORD001208","PROCESSING","1790091900000"
"HISTORY","ORD001208","SHIPPING","1790095500000"
"HISTORY","ORD001208","COMPLETED","1790099100000"
"ORDER","ORD001209","Nguyen Tuan Kiet","0923247250","7690000","1790089200000","2","CANCELLED"
"ITEM","ORD001209","P473","USB Sandisk - Mau 473","3","190000"
"ITEM","ORD001209","P879","May in Canon - Mau 879","2","2300000"
"ITEM","ORD001209","P228","Webcam Logitech - Mau 228","1","2240000"
"ITEM","ORD001209","P591","Cap USB-C Ugreen - Mau 591","4","70000"
"HISTORY","ORD001209","PENDING","1790089200000"
"HISTORY","ORD001209","PROCESSING","1790092800000"
"HISTORY","ORD001209","CANCELLED","1790096400000"
"ORDER","ORD001210","Pham Tuan Kiet","0964712790","9486000","1790090100000","2","CANCELLED"
"ITEM","ORD001210","P189","Loa Bluetooth JBL - Mau 189","1","2907000"
"ITEM","ORD001210","P862","Ban phim Keychron - Mau 862","3","2007000"
"ITEM","ORD001210","P480","Bo chia HDMI Ugreen - Mau 480","1","558000"
"HISTORY","ORD001210","PENDING","1790090100000"
"HISTORY","ORD001210","CANCELLED","1790093700000"
"ORDER","ORD001211","Bui Dinh Hai","0959082718","37030000","1790091000000","3","PENDING"
"ITEM","ORD001211","P535","O cung HDD Seagate - Mau 535","2","2440000"
"ITEM","ORD001211","P187","Laptop Asus - Mau 187","1","18790000"
"ITEM","ORD001211","P988","Webcam Logitech - Mau 988","2","410000"
"ITEM","ORD001211","P057","Ban phim gaming Corsair - Mau 057","3","4180000"
"HISTORY","ORD001211","PENDING","1790091000000"
"ORDER","ORD001212","Hoang Ngoc Anh","0991686498","12610000","1790091900000","3","PENDING"
"ITEM","ORD001212","P914","Gia do laptop Baseus - Mau 914","3","570000"
"ITEM","ORD001212","P513","USB Sandisk - Mau 513","4","280000"
"ITEM","ORD001212","P095","O cung HDD Seagate - Mau 095","3","1090000"
"ITEM","ORD001212","P152","Router WiFi TP-Link - Mau 152","2","2580000"
"ITEM","ORD001212","P074","Gia do laptop Baseus - Mau 074","3","450000"
"HISTORY","ORD001212","PENDING","1790091900000"
"ORDER","ORD001213","Huynh Dinh Hai","0972755006","23310000","1790092800000","3","PROCESSING"
"ITEM","ORD001213","P508","Webcam Logitech - Mau 508","1","1950000"
"ITEM","ORD001213","P424","Tai nghe Sony - Mau 424","4","5130000"
"ITEM","ORD001213","P893","USB Sandisk - Mau 893","4","210000"
"HISTORY","ORD001213","PENDING","1790092800000"
"HISTORY","ORD001213","PROCESSING","1790096400000"
"ORDER","ORD001214","Do Lan Chi","0999094587","15230000","1790093700000","3","PROCESSING"
"ITEM","ORD001214","P466","RAM Kingston - Mau 466","3","2390000"
"ITEM","ORD001214","P188","Webcam Logitech - Mau 188","2","2020000"
"ITEM","ORD001214","P197","Ban phim gaming Corsair - Mau 197","1","1660000"
"ITEM","ORD001214","P782","Ban phim Keychron - Mau 782","1","2360000"
"HISTORY","ORD001214","PENDING","1790093700000"
"HISTORY","ORD001214","PROCESSING","1790097300000"
"ORDER","ORD001215","Do Minh An","0990536605","10220000","1790094600000","3","SHIPPING"
"ITEM","ORD001215","P406","RAM Kingston - Mau 406","2","770000"
"ITEM","ORD001215","P778","Microphone HyperX - Mau 778","2","1860000"
"ITEM","ORD001215","P792","Router WiFi TP-Link - Mau 792","3","1160000"
"ITEM","ORD001215","P950","Sac du phong Anker - Mau 950","2","740000"
"HISTORY","ORD001215","PENDING","1790094600000"
"HISTORY","ORD001215","PROCESSING","1790098200000"
"HISTORY","ORD001215","SHIPPING","1790101800000"
"ORDER","ORD001216","Do Bao Tran","0958704910","21750000","1790095500000","1","SHIPPING"
"ITEM","ORD001216","P336","Chuot gaming Razer - Mau 336","3","380000"
"ITEM","ORD001216","P140","Bo chia HDMI Ugreen - Mau 140","4","810000"
"ITEM","ORD001216","P606","RAM Kingston - Mau 606","4","520000"
"ITEM","ORD001216","P939","May in Canon - Mau 939","2","1510000"
"ITEM","ORD001216","P745","SSD Samsung - Mau 745","3","4090000"
"HISTORY","ORD001216","PENDING","1790095500000"
"HISTORY","ORD001216","PROCESSING","1790099100000"
"HISTORY","ORD001216","SHIPPING","1790102700000"
"ORDER","ORD001217","Pham Quang Huy","0959843447","16670000","1790096400000","1","COMPLETED"
"ITEM","ORD001217","P738","Microphone HyperX - Mau 738","1","860000"
"ITEM","ORD001217","P084","Tai nghe Sony - Mau 084","2","700000"
"ITEM","ORD001217","P685","SSD Samsung - Mau 685","2","3500000"
"ITEM","ORD001217","P108","Webcam Logitech - Mau 108","3","2470000"
"HISTORY","ORD001217","PENDING","1790096400000"
"HISTORY","ORD001217","PROCESSING","1790100000000"
"HISTORY","ORD001217","SHIPPING","1790103600000"
"HISTORY","ORD001217","COMPLETED","1790107200000"
"ORDER","ORD001218","Pham Minh Duc","0977891516","5020000","1790097300000","1","COMPLETED"
"ITEM","ORD001218","P733","USB Sandisk - Mau 733","2","190000"
"ITEM","ORD001218","P136","Chuot gaming Razer - Mau 136","4","1160000"
"HISTORY","ORD001218","PENDING","1790097300000"
"HISTORY","ORD001218","PROCESSING","1790100900000"
"HISTORY","ORD001218","SHIPPING","1790104500000"
"HISTORY","ORD001218","COMPLETED","1790108100000"
"ORDER","ORD001219","Nguyen Dinh Hai","0918195499","32100000","1790098200000","1","CANCELLED"
"ITEM","ORD001219","P289","Loa Bluetooth JBL - Mau 289","2","3350000"
"ITEM","ORD001219","P975","O cung HDD Seagate - Mau 975","2","1290000"
"ITEM","ORD001219","P479","May in Canon - Mau 479","1","5780000"
"ITEM","ORD001219","P179","May in Canon - Mau 179","1","2700000"
"ITEM","ORD001219","P904","Tai nghe Sony - Mau 904","3","4780000"
"HISTORY","ORD001219","PENDING","1790098200000"
"HISTORY","ORD001219","PROCESSING","1790101800000"
"HISTORY","ORD001219","CANCELLED","1790105400000"
"ORDER","ORD001220","Dang Lan Chi","0920235332","7860000","1790099100000","1","CANCELLED"
"ITEM","ORD001220","P592","Router WiFi TP-Link - Mau 592","3","2620000"
"HISTORY","ORD001220","PENDING","1790099100000"
"HISTORY","ORD001220","CANCELLED","1790102700000"
"ORDER","ORD001221","Bui Ngoc Anh","0964712663","13446000","1790100000000","2","PENDING"
"ITEM","ORD001221","P052","Router WiFi TP-Link - Mau 052","4","2610000"
"ITEM","ORD001221","P104","Tai nghe Sony - Mau 104","2","1503000"
"HISTORY","ORD001221","PENDING","1790100000000"
"ORDER","ORD001222","Huynh Quang Huy","0937758211","3900000","1790100900000","2","PENDING"
"ITEM","ORD001222","P215","O cung HDD Seagate - Mau 215","2","1950000"
"HISTORY","ORD001222","PENDING","1790100900000"
"ORDER","ORD001223","Le Ngoc Anh","0959102846","40480000","1790101800000","2","PROCESSING"
"ITEM","ORD001223","P025","SSD Samsung - Mau 025","3","4160000"
"ITEM","ORD001223","P700","Bo chia HDMI Ugreen - Mau 700","4","530000"
"ITEM","ORD001223","P725","SSD Samsung - Mau 725","4","2360000"
"ITEM","ORD001223","P385","SSD Samsung - Mau 385","4","4110000"
"HISTORY","ORD001223","PENDING","1790101800000"
"HISTORY","ORD001223","PROCESSING","1790105400000"
"ORDER","ORD001224","Hoang Minh An","0972377143","7600000","1790102700000","2","PROCESSING"
"ITEM","ORD001224","P135","O cung HDD Seagate - Mau 135","4","1900000"
"HISTORY","ORD001224","PENDING","1790102700000"
"HISTORY","ORD001224","PROCESSING","1790106300000"
"ORDER","ORD001225","Huynh Thu Ha","0958970139","26440000","1790103600000","2","SHIPPING"
"ITEM","ORD001225","P070","Sac du phong Anker - Mau 070","3","1540000"
"ITEM","ORD001225","P699","May in Canon - Mau 699","4","1890000"
"ITEM","ORD001225","P708","Webcam Logitech - Mau 708","2","210000"
"ITEM","ORD001225","P503","Man hinh Dell - Mau 503","1","13840000"
"HISTORY","ORD001225","PENDING","1790103600000"
"HISTORY","ORD001225","PROCESSING","1790107200000"
"HISTORY","ORD001225","SHIPPING","1790110800000"
"ORDER","ORD001226","Vu Minh An","0964414933","6380000","1790104500000","3","SHIPPING"
"ITEM","ORD001226","P716","Chuot gaming Razer - Mau 716","1","1580000"
"ITEM","ORD001226","P082","Ban phim Keychron - Mau 082","4","1200000"
"HISTORY","ORD001226","PENDING","1790104500000"
"HISTORY","ORD001226","PROCESSING","1790108100000"
"HISTORY","ORD001226","SHIPPING","1790111700000"
"ORDER","ORD001227","Do Ngoc Anh","0984061461","32500000","1790105400000","3","COMPLETED"
"ITEM","ORD001227","P750","Sac du phong Anker - Mau 750","1","550000"
"ITEM","ORD001227","P584","Tai nghe Sony - Mau 584","2","3650000"
"ITEM","ORD001227","P942","Ban phim Keychron - Mau 942","3","780000"
"ITEM","ORD001227","P127","Laptop Asus - Mau 127","1","21510000"
"ITEM","ORD001227","P411","Cap USB-C Ugreen - Mau 411","2","400000"
"HISTORY","ORD001227","PENDING","1790105400000"
"HISTORY","ORD001227","PROCESSING","1790109000000"
"HISTORY","ORD001227","SHIPPING","1790112600000"
"HISTORY","ORD001227","COMPLETED","1790116200000"
"ORDER","ORD001228","Huynh Ngoc Anh","0941460227","4620000","1790106300000","3","COMPLETED"
"ITEM","ORD001228","P240","Bo chia HDMI Ugreen - Mau 240","1","840000"
"ITEM","ORD001228","P260","Bo chia HDMI Ugreen - Mau 260","3","660000"
"ITEM","ORD001228","P265","SSD Samsung - Mau 265","3","600000"
"HISTORY","ORD001228","PENDING","1790106300000"
"HISTORY","ORD001228","PROCESSING","1790109900000"
"HISTORY","ORD001228","SHIPPING","1790113500000"
"HISTORY","ORD001228","COMPLETED","1790117100000"
"ORDER","ORD001229","Vu Ngoc Anh","0928448628","75180000","1790107200000","3","CANCELLED"
"ITEM","ORD001229","P310","Sac du phong Anker - Mau 310","1","350000"
"ITEM","ORD001229","P360","Bo chia HDMI Ugreen - Mau 360","4","100000"
"ITEM","ORD001229","P367","Laptop Asus - Mau 367","3","22210000"
"ITEM","ORD001229","P215","O cung HDD Seagate - Mau 215","4","1950000"
"HISTORY","ORD001229","PENDING","1790107200000"
"HISTORY","ORD001229","PROCESSING","1790110800000"
"HISTORY","ORD001229","CANCELLED","1790114400000"
"ORDER","ORD001230","Do Ngoc Anh","0924717411","7130000","1790108100000","3","CANCELLED"
"ITEM","ORD001230","P960","Bo chia HDMI Ugreen - Mau 960","3","750000"
"ITEM","ORD001230","P133","USB Sandisk - Mau 133","4","570000"
"ITEM","ORD001230","P393","USB Sandisk - Mau 393","1","90000"
"ITEM","ORD001230","P606","RAM Kingston - Mau 606","2","520000"
"ITEM","ORD001230","P921","Chuot khong day Logitech - Mau 921","3","490000"
"HISTORY","ORD001230","PENDING","1790108100000"
"HISTORY","ORD001230","CANCELLED","1790111700000"
"ORDER","ORD001231","Dang Minh Duc","0945254375","24100000","1790109000000","1","PENDING"
"ITEM","ORD001231","P831","Cap USB-C Ugreen - Mau 831","2","430000"
"ITEM","ORD001231","P443","Man hinh Dell - Mau 443","4","5790000"
"ITEM","ORD001231","P191","Cap USB-C Ugreen - Mau 191","1","80000"
"HISTORY","ORD001231","PENDING","1790109000000"
"ORDER","ORD001232","Vo Lan Chi","0964959978","5085000","1790109900000","1","PENDING"
"ITEM","ORD001232","P934","Gia do laptop Baseus - Mau 934","1","441000"
"ITEM","ORD001232","P077","Ban phim gaming Corsair - Mau 077","1","3834000"
"ITEM","ORD001232","P180","Bo chia HDMI Ugreen - Mau 180","3","270000"
"HISTORY","ORD001232","PENDING","1790109900000"
"ORDER","ORD001233","Le Minh An","0948080307","19780000","1790110800000","1","PROCESSING"
"ITEM","ORD001233","P569","Loa Bluetooth JBL - Mau 569","4","3930000"
"ITEM","ORD001233","P848","Webcam Logitech - Mau 848","2","2030000"
"HISTORY","ORD001233","PENDING","1790110800000"
"HISTORY","ORD001233","PROCESSING","1790114400000"
"ORDER","ORD001234","Phan Huynh Khoa","0919030633","4780000","1790111700000","1","PROCESSING"
"ITEM","ORD001234","P608","Webcam Logitech - Mau 608","1","1940000"
"ITEM","ORD001234","P314","Gia do laptop Baseus - Mau 314","4","710000"
"HISTORY","ORD001234","PENDING","1790111700000"
"HISTORY","ORD001234","PROCESSING","1790115300000"
"ORDER","ORD001235","Dang Dang Khoa","0988447965","23740000","1790112600000","1","SHIPPING"
"ITEM","ORD001235","P319","May in Canon - Mau 319","2","3690000"
"ITEM","ORD001235","P404","Tai nghe Sony - Mau 404","1","6750000"
"ITEM","ORD001235","P780","Bo chia HDMI Ugreen - Mau 780","4","370000"
"ITEM","ORD001235","P061","Chuot khong day Logitech - Mau 061","1","330000"
"ITEM","ORD001235","P215","O cung HDD Seagate - Mau 215","4","1950000"
"HISTORY","ORD001235","PENDING","1790112600000"
"HISTORY","ORD001235","PROCESSING","1790116200000"
"HISTORY","ORD001235","SHIPPING","1790119800000"
"ORDER","ORD001236","Tran Dang Khoa","0964525397","14220000","1790113500000","2","SHIPPING"
"ITEM","ORD001236","P023","Man hinh Dell - Mau 023","3","1970000"
"ITEM","ORD001236","P192","Router WiFi TP-Link - Mau 192","3","2770000"
"HISTORY","ORD001236","PENDING","1790113500000"
"HISTORY","ORD001236","PROCESSING","1790117100000"
"HISTORY","ORD001236","SHIPPING","1790120700000"
"ORDER","ORD001237","Do Minh Duc","0979632437","1320000","1790114400000","2","COMPLETED"
"ITEM","ORD001237","P416","Chuot gaming Razer - Mau 416","3","440000"
"HISTORY","ORD001237","PENDING","1790114400000"
"HISTORY","ORD001237","PROCESSING","1790118000000"
"HISTORY","ORD001237","SHIPPING","1790121600000"
"HISTORY","ORD001237","COMPLETED","1790125200000"
"ORDER","ORD001238","Phan Huynh Khoa","0966594795","39310000","1790115300000","2","COMPLETED"
"ITEM","ORD001238","P089","Loa Bluetooth JBL - Mau 089","4","5960000"
"ITEM","ORD001238","P234","Gia do laptop Baseus - Mau 234","4","770000"
"ITEM","ORD001238","P122","Ban phim Keychron - Mau 122","3","780000"
"ITEM","ORD001238","P289","Loa Bluetooth JBL - Mau 289","3","3350000"
"HISTORY","ORD001238","PENDING","1790115300000"
"HISTORY","ORD001238","PROCESSING","1790118900000"
"HISTORY","ORD001238","SHIPPING","1790122500000"
"HISTORY","ORD001238","COMPLETED","1790126100000"
"ORDER","ORD001239","Vo Thu Ha","0982270800","13620000","1790116200000","2","CANCELLED"
"ITEM","ORD001239","P255","O cung HDD Seagate - Mau 255","4","1420000"
"ITEM","ORD001239","P612","Router WiFi TP-Link - Mau 612","2","940000"
"ITEM","ORD001239","P855","O cung HDD Seagate - Mau 855","2","1690000"
"ITEM","ORD001239","P970","Sac du phong Anker - Mau 970","2","1340000"
"HISTORY","ORD001239","PENDING","1790116200000"
"HISTORY","ORD001239","PROCESSING","1790119800000"
"HISTORY","ORD001239","CANCELLED","1790123400000"
"ORDER","ORD001240","Dang Thanh Nam","0960522272","49850000","1790117100000","2","CANCELLED"
"ITEM","ORD001240","P863","Man hinh Dell - Mau 863","2","4020000"
"ITEM","ORD001240","P627","Laptop Asus - Mau 627","2","20210000"
"ITEM","ORD001240","P033","USB Sandisk - Mau 033","3","190000"
"ITEM","ORD001240","P673","USB Sandisk - Mau 673","4","110000"
"ITEM","ORD001240","P691","Cap USB-C Ugreen - Mau 691","2","190000"
"HISTORY","ORD001240","PENDING","1790117100000"
"HISTORY","ORD001240","CANCELLED","1790120700000"
"ORDER","ORD001241","Nguyen Dinh Hai","0948154580","38580000","1790118000000","3","PENDING"
"ITEM","ORD001241","P056","Chuot gaming Razer - Mau 056","3","1570000"
"ITEM","ORD001241","P126","RAM Kingston - Mau 126","2","2300000"
"ITEM","ORD001241","P924","Tai nghe Sony - Mau 924","1","3870000"
"ITEM","ORD001241","P563","Man hinh Dell - Mau 563","1","10850000"
"ITEM","ORD001241","P067","Laptop Asus - Mau 067","1","14550000"
"HISTORY","ORD001241","PENDING","1790118000000"
"ORDER","ORD001242","Bui Dang Khoa","0991094649","74910000","1790118900000","3","PENDING"
"ITEM","ORD001242","P587","Laptop Asus - Mau 587","4","16950000"
"ITEM","ORD001242","P489","Loa Bluetooth JBL - Mau 489","3","1000000"
"ITEM","ORD001242","P960","Bo chia HDMI Ugreen - Mau 960","4","750000"
"ITEM","ORD001242","P780","Bo chia HDMI Ugreen - Mau 780","3","370000"
"HISTORY","ORD001242","PENDING","1790118900000"
"ORDER","ORD001243","Bui Quang Huy","0913674029","22788000","1790119800000","3","PROCESSING"
"ITEM","ORD001243","P689","Loa Bluetooth JBL - Mau 689","4","4554000"
"ITEM","ORD001243","P301","Chuot khong day Logitech - Mau 301","2","1053000"
"ITEM","ORD001243","P758","Microphone HyperX - Mau 758","1","486000"
"ITEM","ORD001243","P053","USB Sandisk - Mau 053","4","495000"
"HISTORY","ORD001243","PENDING","1790119800000"
"HISTORY","ORD001243","PROCESSING","1790123400000"
"ORDER","ORD001244","Vu Minh An","0919896007","53490000","1790120700000","3","PROCESSING"
"ITEM","ORD001244","P223","Man hinh Dell - Mau 223","3","12490000"
"ITEM","ORD001244","P222","Ban phim Keychron - Mau 222","4","2500000"
"ITEM","ORD001244","P448","Webcam Logitech - Mau 448","2","1590000"
"ITEM","ORD001244","P226","RAM Kingston - Mau 226","1","1070000"
"ITEM","ORD001244","P097","Ban phim gaming Corsair - Mau 097","3","590000"
"HISTORY","ORD001244","PENDING","1790120700000"
"HISTORY","ORD001244","PROCESSING","1790124300000"
"ORDER","ORD001245","Tran Quang Huy","0951214688","4130000","1790121600000","3","SHIPPING"
"ITEM","ORD001245","P478","Microphone HyperX - Mau 478","1","470000"
"ITEM","ORD001245","P990","Sac du phong Anker - Mau 990","3","260000"
"ITEM","ORD001245","P900","Bo chia HDMI Ugreen - Mau 900","4","720000"
"HISTORY","ORD001245","PENDING","1790121600000"
"HISTORY","ORD001245","PROCESSING","1790125200000"
"HISTORY","ORD001245","SHIPPING","1790128800000"
"ORDER","ORD001246","Nguyen Thanh Nam","0977899994","40010000","1790122500000","1","SHIPPING"
"ITEM","ORD001246","P207","Laptop Asus - Mau 207","3","9900000"
"ITEM","ORD001246","P015","O cung HDD Seagate - Mau 015","2","2310000"
"ITEM","ORD001246","P825","SSD Samsung - Mau 825","3","1850000"
"ITEM","ORD001246","P291","Cap USB-C Ugreen - Mau 291","1","140000"
"HISTORY","ORD001246","PENDING","1790122500000"
"HISTORY","ORD001246","PROCESSING","1790126100000"
"HISTORY","ORD001246","SHIPPING","1790129700000"
"ORDER","ORD001247","Pham Thu Ha","0998108757","19010000","1790123400000","1","COMPLETED"
"ITEM","ORD001247","P745","SSD Samsung - Mau 745","1","4090000"
"ITEM","ORD001247","P498","Microphone HyperX - Mau 498","1","2610000"
"ITEM","ORD001247","P015","O cung HDD Seagate - Mau 015","1","2310000"
"ITEM","ORD001247","P092","Router WiFi TP-Link - Mau 092","4","2500000"
"HISTORY","ORD001247","PENDING","1790123400000"
"HISTORY","ORD001247","PROCESSING","1790127000000"
"HISTORY","ORD001247","SHIPPING","1790130600000"
"HISTORY","ORD001247","COMPLETED","1790134200000"
"ORDER","ORD001248","Dang Ngoc Anh","0977691014","15300000","1790124300000","1","COMPLETED"
"ITEM","ORD001248","P124","Tai nghe Sony - Mau 124","4","3450000"
"ITEM","ORD001248","P586","RAM Kingston - Mau 586","2","360000"
"ITEM","ORD001248","P156","Chuot gaming Razer - Mau 156","2","390000"
"HISTORY","ORD001248","PENDING","1790124300000"
"HISTORY","ORD001248","PROCESSING","1790127900000"
"HISTORY","ORD001248","SHIPPING","1790131500000"
"HISTORY","ORD001248","COMPLETED","1790135100000"
"ORDER","ORD001249","Phan Minh An","0918481461","27740000","1790125200000","1","CANCELLED"
"ITEM","ORD001249","P542","Ban phim Keychron - Mau 542","3","980000"
"ITEM","ORD001249","P607","Laptop Asus - Mau 607","1","19160000"
"ITEM","ORD001249","P742","Ban phim Keychron - Mau 742","2","2820000"
"HISTORY","ORD001249","PENDING","1790125200000"
"HISTORY","ORD001249","PROCESSING","1790128800000"
"HISTORY","ORD001249","CANCELLED","1790132400000"
"ORDER","ORD001250","Nguyen Quang Huy","0936152923","4740000","1790126100000","1","CANCELLED"
"ITEM","ORD001250","P437","Ban phim gaming Corsair - Mau 437","2","1350000"
"ITEM","ORD001250","P160","Bo chia HDMI Ugreen - Mau 160","3","680000"
"HISTORY","ORD001250","PENDING","1790126100000"
"HISTORY","ORD001250","CANCELLED","1790129700000"
"ORDER","ORD001251","Le Ngoc Anh","0939154968","6870000","1790127000000","2","PENDING"
"ITEM","ORD001251","P477","Ban phim gaming Corsair - Mau 477","1","760000"
"ITEM","ORD001251","P128","Webcam Logitech - Mau 128","3","1340000"
"ITEM","ORD001251","P793","USB Sandisk - Mau 793","2","570000"
"ITEM","ORD001251","P413","USB Sandisk - Mau 413","2","310000"
"ITEM","ORD001251","P673","USB Sandisk - Mau 673","3","110000"
"HISTORY","ORD001251","PENDING","1790127000000"
"ORDER","ORD001252","Vo Minh Duc","0951916140","101710000","1790127900000","2","PENDING"
"ITEM","ORD001252","P975","O cung HDD Seagate - Mau 975","2","1290000"
"ITEM","ORD001252","P901","Chuot khong day Logitech - Mau 901","4","1050000"
"ITEM","ORD001252","P770","Sac du phong Anker - Mau 770","1","1660000"
"ITEM","ORD001252","P307","Laptop Asus - Mau 307","4","23260000"
"ITEM","ORD001252","P481","Chuot khong day Logitech - Mau 481","1","230000"
"HISTORY","ORD001252","PENDING","1790127900000"
"ORDER","ORD001253","Do Minh Duc","0955288169","9650000","1790128800000","2","PROCESSING"
"ITEM","ORD001253","P868","Webcam Logitech - Mau 868","4","2330000"
"ITEM","ORD001253","P061","Chuot khong day Logitech - Mau 061","1","330000"
"HISTORY","ORD001253","PENDING","1790128800000"
"HISTORY","ORD001253","PROCESSING","1790132400000"
"ORDER","ORD001254","Le Minh Duc","0923920716","94203000","1790129700000","2","PROCESSING"
"ITEM","ORD001254","P927","Laptop Asus - Mau 927","3","31401000"
"HISTORY","ORD001254","PENDING","1790129700000"
"HISTORY","ORD001254","PROCESSING","1790133300000"
"ORDER","ORD001255","Vu Tuan Kiet","0913123002","25370000","1790130600000","2","SHIPPING"
"ITEM","ORD001255","P752","Router WiFi TP-Link - Mau 752","3","2230000"
"ITEM","ORD001255","P218","Microphone HyperX - Mau 218","3","1430000"
"ITEM","ORD001255","P960","Bo chia HDMI Ugreen - Mau 960","1","750000"
"ITEM","ORD001255","P825","SSD Samsung - Mau 825","4","1850000"
"ITEM","ORD001255","P668","Webcam Logitech - Mau 668","3","2080000"
"HISTORY","ORD001255","PENDING","1790130600000"
"HISTORY","ORD001255","PROCESSING","1790134200000"
"HISTORY","ORD001255","SHIPPING","1790137800000"
"ORDER","ORD001256","Vu Thanh Nam","0987002977","12540000","1790131500000","3","SHIPPING"
"ITEM","ORD001256","P057","Ban phim gaming Corsair - Mau 057","3","4180000"
"HISTORY","ORD001256","PENDING","1790131500000"
"HISTORY","ORD001256","PROCESSING","1790135100000"
"HISTORY","ORD001256","SHIPPING","1790138700000"
"ORDER","ORD001257","Tran Minh An","0999591089","4790000","1790132400000","3","COMPLETED"
"ITEM","ORD001257","P939","May in Canon - Mau 939","1","1510000"
"ITEM","ORD001257","P468","Webcam Logitech - Mau 468","2","1640000"
"HISTORY","ORD001257","PENDING","1790132400000"
"HISTORY","ORD001257","PROCESSING","1790136000000"
"HISTORY","ORD001257","SHIPPING","1790139600000"
"HISTORY","ORD001257","COMPLETED","1790143200000"
"ORDER","ORD001258","Vo Lan Chi","0917002519","8370000","1790133300000","3","COMPLETED"
"ITEM","ORD001258","P450","Sac du phong Anker - Mau 450","3","260000"
"ITEM","ORD001258","P669","Loa Bluetooth JBL - Mau 669","3","2530000"
"HISTORY","ORD001258","PENDING","1790133300000"
"HISTORY","ORD001258","PROCESSING","1790136900000"
"HISTORY","ORD001258","SHIPPING","1790140500000"
"HISTORY","ORD001258","COMPLETED","1790144100000"
"ORDER","ORD001259","Hoang Ngoc Anh","0940012127","29060000","1790134200000","3","CANCELLED"
"ITEM","ORD001259","P659","May in Canon - Mau 659","4","5160000"
"ITEM","ORD001259","P873","USB Sandisk - Mau 873","2","590000"
"ITEM","ORD001259","P761","Chuot khong day Logitech - Mau 761","1","370000"
"ITEM","ORD001259","P458","Microphone HyperX - Mau 458","3","2290000"
"HISTORY","ORD001259","PENDING","1790134200000"
"HISTORY","ORD001259","PROCESSING","1790137800000"
"HISTORY","ORD001259","CANCELLED","1790141400000"
"ORDER","ORD001260","Nguyen Dinh Hai","0929926749","5680000","1790135100000","3","CANCELLED"
"ITEM","ORD001260","P038","Microphone HyperX - Mau 038","4","1420000"
"HISTORY","ORD001260","PENDING","1790135100000"
"HISTORY","ORD001260","CANCELLED","1790138700000"
"ORDER","ORD001261","Vo Lan Chi","0998033981","19370000","1790136000000","1","PENDING"
"ITEM","ORD001261","P213","USB Sandisk - Mau 213","4","460000"
"ITEM","ORD001261","P945","SSD Samsung - Mau 945","3","4430000"
"ITEM","ORD001261","P272","Router WiFi TP-Link - Mau 272","4","1060000"
"HISTORY","ORD001261","PENDING","1790136000000"
"ORDER","ORD001262","Dang Quang Huy","0978901421","151550000","1790136900000","1","PENDING"
"ITEM","ORD001262","P731","Cap USB-C Ugreen - Mau 731","4","190000"
"ITEM","ORD001262","P707","Laptop Asus - Mau 707","2","32730000"
"ITEM","ORD001262","P307","Laptop Asus - Mau 307","3","23260000"
"ITEM","ORD001262","P262","Ban phim Keychron - Mau 262","3","570000"
"ITEM","ORD001262","P884","Tai nghe Sony - Mau 884","2","6920000"
"HISTORY","ORD001262","PENDING","1790136900000"
"ORDER","ORD001263","Do Minh Duc","0997039881","11190000","1790137800000","1","PROCESSING"
"ITEM","ORD001263","P623","Man hinh Dell - Mau 623","3","3730000"
"HISTORY","ORD001263","PENDING","1790137800000"
"HISTORY","ORD001263","PROCESSING","1790141400000"
"ORDER","ORD001264","Phan Dang Khoa","0961561775","8660000","1790138700000","1","PROCESSING"
"ITEM","ORD001264","P485","SSD Samsung - Mau 485","2","3450000"
"ITEM","ORD001264","P861","Chuot khong day Logitech - Mau 861","2","880000"
"HISTORY","ORD001264","PENDING","1790138700000"
"HISTORY","ORD001264","PROCESSING","1790142300000"
"ORDER","ORD001265","Pham Bao Tran","0952300391","9702000","1790139600000","1","SHIPPING"
"ITEM","ORD001265","P948","Webcam Logitech - Mau 948","1","1683000"
"ITEM","ORD001265","P225","SSD Samsung - Mau 225","3","2673000"
"HISTORY","ORD001265","PENDING","1790139600000"
"HISTORY","ORD001265","PROCESSING","1790143200000"
"HISTORY","ORD001265","SHIPPING","1790146800000"
"ORDER","ORD001266","Tran Dinh Hai","0978983943","8710000","1790140500000","2","SHIPPING"
"ITEM","ORD001266","P489","Loa Bluetooth JBL - Mau 489","2","1000000"
"ITEM","ORD001266","P334","Gia do laptop Baseus - Mau 334","2","790000"
"ITEM","ORD001266","P424","Tai nghe Sony - Mau 424","1","5130000"
"HISTORY","ORD001266","PENDING","1790140500000"
"HISTORY","ORD001266","PROCESSING","1790144100000"
"HISTORY","ORD001266","SHIPPING","1790147700000"
"ORDER","ORD001267","Do Dang Khoa","0914951194","103000000","1790141400000","2","COMPLETED"
"ITEM","ORD001267","P993","USB Sandisk - Mau 993","1","350000"
"ITEM","ORD001267","P527","Laptop Asus - Mau 527","1","32450000"
"ITEM","ORD001267","P785","SSD Samsung - Mau 785","3","1920000"
"ITEM","ORD001267","P715","O cung HDD Seagate - Mau 715","1","2720000"
"ITEM","ORD001267","P827","Laptop Asus - Mau 827","2","30860000"
"HISTORY","ORD001267","PENDING","1790141400000"
"HISTORY","ORD001267","PROCESSING","1790145000000"
"HISTORY","ORD001267","SHIPPING","1790148600000"
"HISTORY","ORD001267","COMPLETED","1790152200000"
"ORDER","ORD001268","Bui Tuan Kiet","0975822403","21230000","1790142300000","2","COMPLETED"
"ITEM","ORD001268","P638","Microphone HyperX - Mau 638","3","3180000"
"ITEM","ORD001268","P625","SSD Samsung - Mau 625","2","3970000"
"ITEM","ORD001268","P435","O cung HDD Seagate - Mau 435","3","1250000"
"HISTORY","ORD001268","PENDING","1790142300000"
"HISTORY","ORD001268","PROCESSING","1790145900000"
"HISTORY","ORD001268","SHIPPING","1790149500000"
"HISTORY","ORD001268","COMPLETED","1790153100000"
"ORDER","ORD001269","Bui Dang Khoa","0911032123","12600000","1790143200000","2","CANCELLED"
"ITEM","ORD001269","P166","RAM Kingston - Mau 166","4","1060000"
"ITEM","ORD001269","P737","Ban phim gaming Corsair - Mau 737","4","1600000"
"ITEM","ORD001269","P952","Router WiFi TP-Link - Mau 952","2","980000"
"HISTORY","ORD001269","PENDING","1790143200000"
"HISTORY","ORD001269","PROCESSING","1790146800000"
"HISTORY","ORD001269","CANCELLED","1790150400000"
"ORDER","ORD001270","Huynh Thu Ha","0968460971","1440000","1790144100000","2","CANCELLED"
"ITEM","ORD001270","P316","Chuot gaming Razer - Mau 316","4","360000"
"HISTORY","ORD001270","PENDING","1790144100000"
"HISTORY","ORD001270","CANCELLED","1790147700000"
"ORDER","ORD001271","Do Thanh Nam","0934867442","57280000","1790145000000","3","PENDING"
"ITEM","ORD001271","P983","Man hinh Dell - Mau 983","4","10310000"
"ITEM","ORD001271","P419","May in Canon - Mau 419","1","7040000"
"ITEM","ORD001271","P808","Webcam Logitech - Mau 808","4","2250000"
"HISTORY","ORD001271","PENDING","1790145000000"
"ORDER","ORD001272","Pham Dinh Hai","0928420288","3780000","1790145900000","3","PENDING"
"ITEM","ORD001272","P515","O cung HDD Seagate - Mau 515","3","1260000"
"HISTORY","ORD001272","PENDING","1790145900000"
"ORDER","ORD001273","Vu Ngoc Anh","0939773684","260000","1790146800000","3","PROCESSING"
"ITEM","ORD001273","P454","Gia do laptop Baseus - Mau 454","1","260000"
"HISTORY","ORD001273","PENDING","1790146800000"
"HISTORY","ORD001273","PROCESSING","1790150400000"
"ORDER","ORD001274","Bui Thanh Nam","0921745118","68260000","1790147700000","3","PROCESSING"
"ITEM","ORD001274","P875","O cung HDD Seagate - Mau 875","3","1120000"
"ITEM","ORD001274","P527","Laptop Asus - Mau 527","2","32450000"
"HISTORY","ORD001274","PENDING","1790147700000"
"HISTORY","ORD001274","PROCESSING","1790151300000"
"ORDER","ORD001275","Hoang Dinh Hai","0961874189","8040000","1790148600000","3","SHIPPING"
"ITEM","ORD001275","P863","Man hinh Dell - Mau 863","2","4020000"
"HISTORY","ORD001275","PENDING","1790148600000"
"HISTORY","ORD001275","PROCESSING","1790152200000"
"HISTORY","ORD001275","SHIPPING","1790155800000"
"ORDER","ORD001276","Le Thanh Nam","0979394691","17748000","1790149500000","1","SHIPPING"
"ITEM","ORD001276","P410","Sac du phong Anker - Mau 410","1","1170000"
"ITEM","ORD001276","P010","Sac du phong Anker - Mau 010","4","1665000"
"ITEM","ORD001276","P155","O cung HDD Seagate - Mau 155","3","1026000"
"ITEM","ORD001276","P749","Loa Bluetooth JBL - Mau 749","2","2862000"
"ITEM","ORD001276","P553","USB Sandisk - Mau 553","4","279000"
"HISTORY","ORD001276","PENDING","1790149500000"
"HISTORY","ORD001276","PROCESSING","1790153100000"
"HISTORY","ORD001276","SHIPPING","1790156700000"
"ORDER","ORD001277","Hoang Minh Duc","0960129872","19710000","1790150400000","1","COMPLETED"
"ITEM","ORD001277","P478","Microphone HyperX - Mau 478","4","470000"
"ITEM","ORD001277","P519","May in Canon - Mau 519","1","2630000"
"ITEM","ORD001277","P665","SSD Samsung - Mau 665","1","1800000"
"ITEM","ORD001277","P289","Loa Bluetooth JBL - Mau 289","4","3350000"
"HISTORY","ORD001277","PENDING","1790150400000"
"HISTORY","ORD001277","PROCESSING","1790154000000"
"HISTORY","ORD001277","SHIPPING","1790157600000"
"HISTORY","ORD001277","COMPLETED","1790161200000"
"ORDER","ORD001278","Tran Quang Huy","0983754567","2200000","1790151300000","1","COMPLETED"
"ITEM","ORD001278","P750","Sac du phong Anker - Mau 750","4","550000"
"HISTORY","ORD001278","PENDING","1790151300000"
"HISTORY","ORD001278","PROCESSING","1790154900000"
"HISTORY","ORD001278","SHIPPING","1790158500000"
"HISTORY","ORD001278","COMPLETED","1790162100000"
"ORDER","ORD001279","Hoang Dang Khoa","0961799340","16100000","1790152200000","1","CANCELLED"
"ITEM","ORD001279","P512","Router WiFi TP-Link - Mau 512","1","3480000"
"ITEM","ORD001279","P418","Microphone HyperX - Mau 418","4","1680000"
"ITEM","ORD001279","P460","Bo chia HDMI Ugreen - Mau 460","2","480000"
"ITEM","ORD001279","P100","Bo chia HDMI Ugreen - Mau 100","1","220000"
"ITEM","ORD001279","P815","O cung HDD Seagate - Mau 815","2","2360000"
"HISTORY","ORD001279","PENDING","1790152200000"
"HISTORY","ORD001279","PROCESSING","1790155800000"
"HISTORY","ORD001279","CANCELLED","1790159400000"
"ORDER","ORD001280","Phan Minh Duc","0993234366","17680000","1790153100000","1","CANCELLED"
"ITEM","ORD001280","P353","USB Sandisk - Mau 353","3","320000"
"ITEM","ORD001280","P489","Loa Bluetooth JBL - Mau 489","4","1000000"
"ITEM","ORD001280","P699","May in Canon - Mau 699","4","1890000"
"ITEM","ORD001280","P504","Tai nghe Sony - Mau 504","2","2490000"
"ITEM","ORD001280","P393","USB Sandisk - Mau 393","2","90000"
"HISTORY","ORD001280","PENDING","1790153100000"
"HISTORY","ORD001280","CANCELLED","1790156700000"
"ORDER","ORD001281","Do Minh Duc","0961090613","9210000","1790154000000","2","PENDING"
"ITEM","ORD001281","P624","Tai nghe Sony - Mau 624","1","6090000"
"ITEM","ORD001281","P158","Microphone HyperX - Mau 158","1","1040000"
"ITEM","ORD001281","P072","Router WiFi TP-Link - Mau 072","2","1040000"
"HISTORY","ORD001281","PENDING","1790154000000"
"ORDER","ORD001282","Pham Quang Huy","0937159325","61610000","1790154900000","2","PENDING"
"ITEM","ORD001282","P067","Laptop Asus - Mau 067","4","14550000"
"ITEM","ORD001282","P388","Webcam Logitech - Mau 388","1","230000"
"ITEM","ORD001282","P436","Chuot gaming Razer - Mau 436","3","1060000"
"HISTORY","ORD001282","PENDING","1790154900000"
"ORDER","ORD001283","Bui Lan Chi","0998969196","6280000","1790155800000","2","PROCESSING"
"ITEM","ORD001283","P056","Chuot gaming Razer - Mau 056","4","1570000"
"HISTORY","ORD001283","PENDING","1790155800000"
"HISTORY","ORD001283","PROCESSING","1790159400000"
"ORDER","ORD001284","Huynh Quang Huy","0924422438","3980000","1790156700000","2","PROCESSING"
"ITEM","ORD001284","P311","Cap USB-C Ugreen - Mau 311","1","160000"
"ITEM","ORD001284","P672","Router WiFi TP-Link - Mau 672","2","1910000"
"HISTORY","ORD001284","PENDING","1790156700000"
"HISTORY","ORD001284","PROCESSING","1790160300000"
"ORDER","ORD001285","Vo Minh Duc","0937802772","7320000","1790157600000","2","SHIPPING"
"ITEM","ORD001285","P606","RAM Kingston - Mau 606","2","520000"
"ITEM","ORD001285","P786","RAM Kingston - Mau 786","1","2750000"
"ITEM","ORD001285","P642","Ban phim Keychron - Mau 642","1","1830000"
"ITEM","ORD001285","P490","Sac du phong Anker - Mau 490","2","850000"
"HISTORY","ORD001285","PENDING","1790157600000"
"HISTORY","ORD001285","PROCESSING","1790161200000"
"HISTORY","ORD001285","SHIPPING","1790164800000"
"ORDER","ORD001286","Le Minh Duc","0965698519","23620000","1790158500000","3","SHIPPING"
"ITEM","ORD001286","P237","Ban phim gaming Corsair - Mau 237","4","1630000"
"ITEM","ORD001286","P606","RAM Kingston - Mau 606","4","520000"
"ITEM","ORD001286","P219","May in Canon - Mau 219","4","2080000"
"ITEM","ORD001286","P100","Bo chia HDMI Ugreen - Mau 100","3","220000"
"ITEM","ORD001286","P939","May in Canon - Mau 939","4","1510000"
"HISTORY","ORD001286","PENDING","1790158500000"
"HISTORY","ORD001286","PROCESSING","1790162100000"
"HISTORY","ORD001286","SHIPPING","1790165700000"
"ORDER","ORD001287","Phan Ngoc Anh","0931581828","12735000","1790159400000","3","COMPLETED"
"ITEM","ORD001287","P751","Cap USB-C Ugreen - Mau 751","3","63000"
"ITEM","ORD001287","P818","Microphone HyperX - Mau 818","2","1449000"
"ITEM","ORD001287","P572","Router WiFi TP-Link - Mau 572","4","2412000"
"HISTORY","ORD001287","PENDING","1790159400000"
"HISTORY","ORD001287","PROCESSING","1790163000000"
"HISTORY","ORD001287","SHIPPING","1790166600000"
"HISTORY","ORD001287","COMPLETED","1790170200000"
"ORDER","ORD001288","Tran Dinh Hai","0983212476","12940000","1790160300000","3","COMPLETED"
"ITEM","ORD001288","P024","Tai nghe Sony - Mau 024","3","2460000"
"ITEM","ORD001288","P114","Gia do laptop Baseus - Mau 114","2","530000"
"ITEM","ORD001288","P036","Chuot gaming Razer - Mau 036","2","2140000"
"ITEM","ORD001288","P100","Bo chia HDMI Ugreen - Mau 100","1","220000"
"HISTORY","ORD001288","PENDING","1790160300000"
"HISTORY","ORD001288","PROCESSING","1790163900000"
"HISTORY","ORD001288","SHIPPING","1790167500000"
"HISTORY","ORD001288","COMPLETED","1790171100000"
"ORDER","ORD001289","Bui Dang Khoa","0983522104","25610000","1790161200000","3","CANCELLED"
"ITEM","ORD001289","P217","Ban phim gaming Corsair - Mau 217","4","2580000"
"ITEM","ORD001289","P614","Gia do laptop Baseus - Mau 614","2","380000"
"ITEM","ORD001289","P413","USB Sandisk - Mau 413","4","310000"
"ITEM","ORD001289","P478","Microphone HyperX - Mau 478","3","470000"
"ITEM","ORD001289","P225","SSD Samsung - Mau 225","4","2970000"
"HISTORY","ORD001289","PENDING","1790161200000"
"HISTORY","ORD001289","PROCESSING","1790164800000"
"HISTORY","ORD001289","CANCELLED","1790168400000"
"ORDER","ORD001290","Tran Tuan Kiet","0948908549","30820000","1790162100000","3","CANCELLED"
"ITEM","ORD001290","P722","Ban phim Keychron - Mau 722","1","2200000"
"ITEM","ORD001290","P385","SSD Samsung - Mau 385","3","4110000"
"ITEM","ORD001290","P018","Microphone HyperX - Mau 018","4","3780000"
"ITEM","ORD001290","P331","Cap USB-C Ugreen - Mau 331","3","390000"
"HISTORY","ORD001290","PENDING","1790162100000"
"HISTORY","ORD001290","CANCELLED","1790165700000"
"ORDER","ORD001291","Hoang Dang Khoa","0987626219","88840000","1790163000000","1","PENDING"
"ITEM","ORD001291","P501","Chuot khong day Logitech - Mau 501","4","850000"
"ITEM","ORD001291","P389","Loa Bluetooth JBL - Mau 389","3","1660000"
"ITEM","ORD001291","P167","Laptop Asus - Mau 167","3","26820000"
"HISTORY","ORD001291","PENDING","1790163000000"
"ORDER","ORD001292","Vu Quang Huy","0982033614","15890000","1790163900000","1","PENDING"
"ITEM","ORD001292","P736","Chuot gaming Razer - Mau 736","2","1900000"
"ITEM","ORD001292","P944","Tai nghe Sony - Mau 944","3","4030000"
"HISTORY","ORD001292","PENDING","1790163900000"
"ORDER","ORD001293","Dang Ngoc Anh","0962498217","7050000","1790164800000","1","PROCESSING"
"ITEM","ORD001293","P840","Bo chia HDMI Ugreen - Mau 840","1","330000"
"ITEM","ORD001293","P228","Webcam Logitech - Mau 228","3","2240000"
"HISTORY","ORD001293","PENDING","1790164800000"
"HISTORY","ORD001293","PROCESSING","1790168400000"
"ORDER","ORD001294","Vo Tuan Kiet","0949830201","3420000","1790165700000","1","PROCESSING"
"ITEM","ORD001294","P397","Ban phim gaming Corsair - Mau 397","2","1710000"
"HISTORY","ORD001294","PENDING","1790165700000"
"HISTORY","ORD001294","PROCESSING","1790169300000"
"ORDER","ORD001295","Pham Dinh Hai","0930841021","25510000","1790166600000","1","SHIPPING"
"ITEM","ORD001295","P884","Tai nghe Sony - Mau 884","2","6920000"
"ITEM","ORD001295","P362","Ban phim Keychron - Mau 362","3","2790000"
"ITEM","ORD001295","P161","Chuot khong day Logitech - Mau 161","3","870000"
"ITEM","ORD001295","P588","Webcam Logitech - Mau 588","1","690000"
"HISTORY","ORD001295","PENDING","1790166600000"
"HISTORY","ORD001295","PROCESSING","1790170200000"
"HISTORY","ORD001295","SHIPPING","1790173800000"
"ORDER","ORD001296","Bui Quang Huy","0954855740","8480000","1790167500000","2","SHIPPING"
"ITEM","ORD001296","P976","Chuot gaming Razer - Mau 976","1","2200000"
"ITEM","ORD001296","P451","Cap USB-C Ugreen - Mau 451","4","300000"
"ITEM","ORD001296","P466","RAM Kingston - Mau 466","2","2390000"
"ITEM","ORD001296","P180","Bo chia HDMI Ugreen - Mau 180","1","300000"
"HISTORY","ORD001296","PENDING","1790167500000"
"HISTORY","ORD001296","PROCESSING","1790171100000"
"HISTORY","ORD001296","SHIPPING","1790174700000"
"ORDER","ORD001297","Nguyen Quang Huy","0939229629","11440000","1790168400000","2","COMPLETED"
"ITEM","ORD001297","P746","RAM Kingston - Mau 746","2","2480000"
"ITEM","ORD001297","P242","Ban phim Keychron - Mau 242","4","1620000"
"HISTORY","ORD001297","PENDING","1790168400000"
"HISTORY","ORD001297","PROCESSING","1790172000000"
"HISTORY","ORD001297","SHIPPING","1790175600000"
"HISTORY","ORD001297","COMPLETED","1790179200000"
"ORDER","ORD001298","Le Dang Khoa","0919681786","459000","1790169300000","2","COMPLETED"
"ITEM","ORD001298","P233","USB Sandisk - Mau 233","1","459000"
"HISTORY","ORD001298","PENDING","1790169300000"
"HISTORY","ORD001298","PROCESSING","1790172900000"
"HISTORY","ORD001298","SHIPPING","1790176500000"
"HISTORY","ORD001298","COMPLETED","1790180100000"
"ORDER","ORD001299","Pham Tuan Kiet","0985531820","17490000","1790170200000","2","CANCELLED"
"ITEM","ORD001299","P221","Chuot khong day Logitech - Mau 221","4","550000"
"ITEM","ORD001299","P074","Gia do laptop Baseus - Mau 074","3","450000"
"ITEM","ORD001299","P172","Router WiFi TP-Link - Mau 172","4","3450000"
"ITEM","ORD001299","P931","Cap USB-C Ugreen - Mau 931","2","70000"
"HISTORY","ORD001299","PENDING","1790170200000"
"HISTORY","ORD001299","PROCESSING","1790173800000"
"HISTORY","ORD001299","CANCELLED","1790177400000"
"ORDER","ORD001300","Vo Dinh Hai","0911403567","55140000","1790171100000","2","CANCELLED"
"ITEM","ORD001300","P923","Man hinh Dell - Mau 923","2","4360000"
"ITEM","ORD001300","P394","Gia do laptop Baseus - Mau 394","2","120000"
"ITEM","ORD001300","P539","May in Canon - Mau 539","4","8330000"
"ITEM","ORD001300","P237","Ban phim gaming Corsair - Mau 237","2","1630000"
"ITEM","ORD001300","P677","Ban phim gaming Corsair - Mau 677","4","2400000"
"HISTORY","ORD001300","PENDING","1790171100000"
"HISTORY","ORD001300","CANCELLED","1790174700000"
"ORDER","ORD001301","Nguyen Dang Khoa","0918212019","23420000","1790172000000","3","PENDING"
"ITEM","ORD001301","P932","Router WiFi TP-Link - Mau 932","1","3200000"
"ITEM","ORD001301","P420","Bo chia HDMI Ugreen - Mau 420","4","740000"
"ITEM","ORD001301","P962","Ban phim Keychron - Mau 962","4","1070000"
"ITEM","ORD001301","P715","O cung HDD Seagate - Mau 715","4","2720000"
"ITEM","ORD001301","P230","Sac du phong Anker - Mau 230","3","700000"
"HISTORY","ORD001301","PENDING","1790172000000"
"ORDER","ORD001302","Do Bao Tran","0993347463","2610000","1790172900000","3","PENDING"
"ITEM","ORD001302","P498","Microphone HyperX - Mau 498","1","2610000"
"HISTORY","ORD001302","PENDING","1790172900000"
"ORDER","ORD001303","Le Bao Tran","0938250450","1020000","1790173800000","3","PROCESSING"
"ITEM","ORD001303","P162","Ban phim Keychron - Mau 162","2","510000"
"HISTORY","ORD001303","PENDING","1790173800000"
"HISTORY","ORD001303","PROCESSING","1790177400000"
"ORDER","ORD001304","Nguyen Quang Huy","0980557885","131060000","1790174700000","3","PROCESSING"
"ITEM","ORD001304","P949","Loa Bluetooth JBL - Mau 949","2","4140000"
"ITEM","ORD001304","P746","RAM Kingston - Mau 746","1","2480000"
"ITEM","ORD001304","P547","Laptop Asus - Mau 547","3","23150000"
"ITEM","ORD001304","P587","Laptop Asus - Mau 587","3","16950000"
"HISTORY","ORD001304","PENDING","1790174700000"
"HISTORY","ORD001304","PROCESSING","1790178300000"
"ORDER","ORD001305","Do Thu Ha","0946167327","16380000","1790175600000","3","SHIPPING"
"ITEM","ORD001305","P675","O cung HDD Seagate - Mau 675","4","1530000"
"ITEM","ORD001305","P006","RAM Kingston - Mau 006","1","2370000"
"ITEM","ORD001305","P460","Bo chia HDMI Ugreen - Mau 460","2","480000"
"ITEM","ORD001305","P937","Ban phim gaming Corsair - Mau 937","3","2310000"
"HISTORY","ORD001305","PENDING","1790175600000"
"HISTORY","ORD001305","PROCESSING","1790179200000"
"HISTORY","ORD001305","SHIPPING","1790182800000"
"ORDER","ORD001306","Vu Thanh Nam","0935655449","71470000","1790176500000","1","SHIPPING"
"ITEM","ORD001306","P284","Tai nghe Sony - Mau 284","2","5720000"
"ITEM","ORD001306","P680","Bo chia HDMI Ugreen - Mau 680","2","610000"
"ITEM","ORD001306","P447","Laptop Asus - Mau 447","3","19350000"
"ITEM","ORD001306","P473","USB Sandisk - Mau 473","4","190000"
"HISTORY","ORD001306","PENDING","1790176500000"
"HISTORY","ORD001306","PROCESSING","1790180100000"
"HISTORY","ORD001306","SHIPPING","1790183700000"
"ORDER","ORD001307","Vo Minh Duc","0969640683","26110000","1790177400000","1","COMPLETED"
"ITEM","ORD001307","P044","Tai nghe Sony - Mau 044","3","390000"
"ITEM","ORD001307","P795","O cung HDD Seagate - Mau 795","4","2100000"
"ITEM","ORD001307","P797","Ban phim gaming Corsair - Mau 797","2","860000"
"ITEM","ORD001307","P769","Loa Bluetooth JBL - Mau 769","3","4940000"
"HISTORY","ORD001307","PENDING","1790177400000"
"HISTORY","ORD001307","PROCESSING","1790181000000"
"HISTORY","ORD001307","SHIPPING","1790184600000"
"HISTORY","ORD001307","COMPLETED","1790188200000"
"ORDER","ORD001308","Nguyen Lan Chi","0923288990","36800000","1790178300000","1","COMPLETED"
"ITEM","ORD001308","P245","SSD Samsung - Mau 245","4","3750000"
"ITEM","ORD001308","P858","Microphone HyperX - Mau 858","4","2580000"
"ITEM","ORD001308","P022","Ban phim Keychron - Mau 022","4","2870000"
"HISTORY","ORD001308","PENDING","1790178300000"
"HISTORY","ORD001308","PROCESSING","1790181900000"
"HISTORY","ORD001308","SHIPPING","1790185500000"
"HISTORY","ORD001308","COMPLETED","1790189100000"
"ORDER","ORD001309","Tran Minh An","0913092442","21870000","1790179200000","1","CANCELLED"
"ITEM","ORD001309","P900","Bo chia HDMI Ugreen - Mau 900","3","648000"
"ITEM","ORD001309","P893","USB Sandisk - Mau 893","4","189000"
"ITEM","ORD001309","P625","SSD Samsung - Mau 625","2","3573000"
"ITEM","ORD001309","P309","Loa Bluetooth JBL - Mau 309","2","3204000"
"ITEM","ORD001309","P805","SSD Samsung - Mau 805","4","1404000"
"HISTORY","ORD001309","PENDING","1790179200000"
"HISTORY","ORD001309","PROCESSING","1790182800000"
"HISTORY","ORD001309","CANCELLED","1790186400000"
"ORDER","ORD001310","Phan Thu Ha","0923332438","8940000","1790180100000","1","CANCELLED"
"ITEM","ORD001310","P592","Router WiFi TP-Link - Mau 592","3","2620000"
"ITEM","ORD001310","P442","Ban phim Keychron - Mau 442","2","470000"
"ITEM","ORD001310","P994","Gia do laptop Baseus - Mau 994","1","140000"
"HISTORY","ORD001310","PENDING","1790180100000"
"HISTORY","ORD001310","CANCELLED","1790183700000"
"ORDER","ORD001311","Dang Lan Chi","0920801484","32140000","1790181000000","2","PENDING"
"ITEM","ORD001311","P126","RAM Kingston - Mau 126","2","2300000"
"ITEM","ORD001311","P604","Tai nghe Sony - Mau 604","2","6260000"
"ITEM","ORD001311","P754","Gia do laptop Baseus - Mau 754","4","740000"
"ITEM","ORD001311","P863","Man hinh Dell - Mau 863","3","4020000"
"HISTORY","ORD001311","PENDING","1790181000000"
"ORDER","ORD001312","Nguyen Ngoc Anh","0917700440","10170000","1790181900000","2","PENDING"
"ITEM","ORD001312","P049","Loa Bluetooth JBL - Mau 049","4","1730000"
"ITEM","ORD001312","P599","May in Canon - Mau 599","1","2680000"
"ITEM","ORD001312","P871","Cap USB-C Ugreen - Mau 871","3","190000"
"HISTORY","ORD001312","PENDING","1790181900000"
"ORDER","ORD001313","Vu Minh Duc","0972294427","20610000","1790182800000","2","PROCESSING"
"ITEM","ORD001313","P970","Sac du phong Anker - Mau 970","1","1340000"
"ITEM","ORD001313","P616","Chuot gaming Razer - Mau 616","3","1270000"
"ITEM","ORD001313","P291","Cap USB-C Ugreen - Mau 291","2","140000"
"ITEM","ORD001313","P932","Router WiFi TP-Link - Mau 932","4","3200000"
"ITEM","ORD001313","P495","O cung HDD Seagate - Mau 495","1","2380000"
"HISTORY","ORD001313","PENDING","1790182800000"
"HISTORY","ORD001313","PROCESSING","1790186400000"
"ORDER","ORD001314","Tran Minh Duc","0947713140","6380000","1790183700000","2","PROCESSING"
"ITEM","ORD001314","P323","Man hinh Dell - Mau 323","1","6380000"
"HISTORY","ORD001314","PENDING","1790183700000"
"HISTORY","ORD001314","PROCESSING","1790187300000"
"ORDER","ORD001315","Le Lan Chi","0975992037","20950000","1790184600000","2","SHIPPING"
"ITEM","ORD001315","P123","Man hinh Dell - Mau 123","1","14950000"
"ITEM","ORD001315","P652","Router WiFi TP-Link - Mau 652","4","1500000"
"HISTORY","ORD001315","PENDING","1790184600000"
"HISTORY","ORD001315","PROCESSING","1790188200000"
"HISTORY","ORD001315","SHIPPING","1790191800000"
"ORDER","ORD001316","Le Quang Huy","0959557001","4950000","1790185500000","3","SHIPPING"
"ITEM","ORD001316","P701","Chuot khong day Logitech - Mau 701","1","810000"
"ITEM","ORD001316","P097","Ban phim gaming Corsair - Mau 097","3","590000"
"ITEM","ORD001316","P961","Chuot khong day Logitech - Mau 961","3","790000"
"HISTORY","ORD001316","PENDING","1790185500000"
"HISTORY","ORD001316","PROCESSING","1790189100000"
"HISTORY","ORD001316","SHIPPING","1790192700000"
"ORDER","ORD001317","Huynh Bao Tran","0963473967","4280000","1790186400000","3","COMPLETED"
"ITEM","ORD001317","P579","May in Canon - Mau 579","2","2140000"
"HISTORY","ORD001317","PENDING","1790186400000"
"HISTORY","ORD001317","PROCESSING","1790190000000"
"HISTORY","ORD001317","SHIPPING","1790193600000"
"HISTORY","ORD001317","COMPLETED","1790197200000"
"ORDER","ORD001318","Phan Thu Ha","0913951970","1720000","1790187300000","3","COMPLETED"
"ITEM","ORD001318","P791","Cap USB-C Ugreen - Mau 791","4","430000"
"HISTORY","ORD001318","PENDING","1790187300000"
"HISTORY","ORD001318","PROCESSING","1790190900000"
"HISTORY","ORD001318","SHIPPING","1790194500000"
"HISTORY","ORD001318","COMPLETED","1790198100000"
"ORDER","ORD001319","Hoang Dang Khoa","0973553276","18420000","1790188200000","3","CANCELLED"
"ITEM","ORD001319","P013","USB Sandisk - Mau 013","1","360000"
"ITEM","ORD001319","P804","Tai nghe Sony - Mau 804","3","6020000"
"HISTORY","ORD001319","PENDING","1790188200000"
"HISTORY","ORD001319","PROCESSING","1790191800000"
"HISTORY","ORD001319","CANCELLED","1790195400000"
"ORDER","ORD001320","Vo Dang Khoa","0961082361","8082000","1790189100000","3","CANCELLED"
"ITEM","ORD001320","P831","Cap USB-C Ugreen - Mau 831","2","387000"
"ITEM","ORD001320","P559","May in Canon - Mau 559","2","3654000"
"HISTORY","ORD001320","PENDING","1790189100000"
"HISTORY","ORD001320","CANCELLED","1790192700000"
"ORDER","ORD001321","Le Tuan Kiet","0916121035","6130000","1790190000000","1","PENDING"
"ITEM","ORD001321","P662","Ban phim Keychron - Mau 662","2","2480000"
"ITEM","ORD001321","P331","Cap USB-C Ugreen - Mau 331","3","390000"
"HISTORY","ORD001321","PENDING","1790190000000"
"ORDER","ORD001322","Vo Minh An","0967145663","19170000","1790190900000","1","PENDING"
"ITEM","ORD001322","P180","Bo chia HDMI Ugreen - Mau 180","3","300000"
"ITEM","ORD001322","P624","Tai nghe Sony - Mau 624","3","6090000"
"HISTORY","ORD001322","PENDING","1790190900000"
"ORDER","ORD001323","Pham Quang Huy","0923313205","12270000","1790191800000","1","PROCESSING"
"ITEM","ORD001323","P781","Chuot khong day Logitech - Mau 781","2","990000"
"ITEM","ORD001323","P832","Router WiFi TP-Link - Mau 832","3","3430000"
"HISTORY","ORD001323","PENDING","1790191800000"
"HISTORY","ORD001323","PROCESSING","1790195400000"
"ORDER","ORD001324","Vu Minh Duc","0938233215","9190000","1790192700000","1","PROCESSING"
"ITEM","ORD001324","P968","Webcam Logitech - Mau 968","2","480000"
"ITEM","ORD001324","P232","Router WiFi TP-Link - Mau 232","3","2230000"
"ITEM","ORD001324","P070","Sac du phong Anker - Mau 070","1","1540000"
"HISTORY","ORD001324","PENDING","1790192700000"
"HISTORY","ORD001324","PROCESSING","1790196300000"
"ORDER","ORD001325","Le Dang Khoa","0994932232","19050000","1790193600000","1","SHIPPING"
"ITEM","ORD001325","P245","SSD Samsung - Mau 245","3","3750000"
"ITEM","ORD001325","P162","Ban phim Keychron - Mau 162","4","510000"
"ITEM","ORD001325","P197","Ban phim gaming Corsair - Mau 197","3","1660000"
"ITEM","ORD001325","P741","Chuot khong day Logitech - Mau 741","2","390000"
"HISTORY","ORD001325","PENDING","1790193600000"
"HISTORY","ORD001325","PROCESSING","1790197200000"
"HISTORY","ORD001325","SHIPPING","1790200800000"
"ORDER","ORD001326","Vu Thanh Nam","0999867405","70630000","1790194500000","2","SHIPPING"
"ITEM","ORD001326","P556","Chuot gaming Razer - Mau 556","3","980000"
"ITEM","ORD001326","P267","Laptop Asus - Mau 267","3","20290000"
"ITEM","ORD001326","P122","Ban phim Keychron - Mau 122","3","780000"
"ITEM","ORD001326","P441","Chuot khong day Logitech - Mau 441","4","820000"
"ITEM","ORD001326","P1000","Bo chia HDMI Ugreen - Mau 1000","4","300000"
"HISTORY","ORD001326","PENDING","1790194500000"
"HISTORY","ORD001326","PROCESSING","1790198100000"
"HISTORY","ORD001326","SHIPPING","1790201700000"
"ORDER","ORD001327","Tran Minh Duc","0961124040","11960000","1790195400000","2","COMPLETED"
"ITEM","ORD001327","P519","May in Canon - Mau 519","3","2630000"
"ITEM","ORD001327","P952","Router WiFi TP-Link - Mau 952","1","980000"
"ITEM","ORD001327","P028","Webcam Logitech - Mau 028","2","1040000"
"ITEM","ORD001327","P657","Ban phim gaming Corsair - Mau 657","1","1010000"
"HISTORY","ORD001327","PENDING","1790195400000"
"HISTORY","ORD001327","PROCESSING","1790199000000"
"HISTORY","ORD001327","SHIPPING","1790202600000"
"HISTORY","ORD001327","COMPLETED","1790206200000"
"ORDER","ORD001328","Do Ngoc Anh","0976577412","4380000","1790196300000","2","COMPLETED"
"ITEM","ORD001328","P275","O cung HDD Seagate - Mau 275","3","980000"
"ITEM","ORD001328","P294","Gia do laptop Baseus - Mau 294","4","360000"
"HISTORY","ORD001328","PENDING","1790196300000"
"HISTORY","ORD001328","PROCESSING","1790199900000"
"HISTORY","ORD001328","SHIPPING","1790203500000"
"HISTORY","ORD001328","COMPLETED","1790207100000"
"ORDER","ORD001329","Pham Huynh Khoa","0997471223","1870000","1790197200000","2","CANCELLED"
"ITEM","ORD001329","P928","Webcam Logitech - Mau 928","1","1870000"
"HISTORY","ORD001329","PENDING","1790197200000"
"HISTORY","ORD001329","PROCESSING","1790200800000"
"HISTORY","ORD001329","CANCELLED","1790204400000"
"ORDER","ORD001330","Vu Minh An","0915181550","50880000","1790198100000","2","CANCELLED"
"ITEM","ORD001330","P267","Laptop Asus - Mau 267","1","20290000"
"ITEM","ORD001330","P995","O cung HDD Seagate - Mau 995","1","2730000"
"ITEM","ORD001330","P757","Ban phim gaming Corsair - Mau 757","3","3460000"
"ITEM","ORD001330","P062","Ban phim Keychron - Mau 062","4","3390000"
"ITEM","ORD001330","P048","Webcam Logitech - Mau 048","4","980000"
"HISTORY","ORD001330","PENDING","1790198100000"
"HISTORY","ORD001330","CANCELLED","1790201700000"
"ORDER","ORD001331","Huynh Minh An","0956722197","9342000","1790199000000","3","PENDING"
"ITEM","ORD001331","P219","May in Canon - Mau 219","4","1872000"
"ITEM","ORD001331","P030","Sac du phong Anker - Mau 030","2","927000"
"HISTORY","ORD001331","PENDING","1790199000000"
"ORDER","ORD001332","Nguyen Quang Huy","0958269824","46930000","1790199900000","3","PENDING"
"ITEM","ORD001332","P148","Webcam Logitech - Mau 148","3","360000"
"ITEM","ORD001332","P885","SSD Samsung - Mau 885","4","4200000"
"ITEM","ORD001332","P494","Gia do laptop Baseus - Mau 494","1","220000"
"ITEM","ORD001332","P783","Man hinh Dell - Mau 783","3","9610000"
"HISTORY","ORD001332","PENDING","1790199900000"
"ORDER","ORD001333","Huynh Thanh Nam","0924667149","26530000","1790200800000","3","PROCESSING"
"ITEM","ORD001333","P926","RAM Kingston - Mau 926","3","2340000"
"ITEM","ORD001333","P118","Microphone HyperX - Mau 118","1","3670000"
"ITEM","ORD001333","P549","Loa Bluetooth JBL - Mau 549","2","3060000"
"ITEM","ORD001333","P065","SSD Samsung - Mau 065","3","3240000"
"HISTORY","ORD001333","PENDING","1790200800000"
"HISTORY","ORD001333","PROCESSING","1790204400000"
"ORDER","ORD001334","Dang Dinh Hai","0993165424","82610000","1790201700000","3","PROCESSING"
"ITEM","ORD001334","P166","RAM Kingston - Mau 166","4","1060000"
"ITEM","ORD001334","P427","Laptop Asus - Mau 427","3","25530000"
"ITEM","ORD001334","P772","Router WiFi TP-Link - Mau 772","2","890000"
"HISTORY","ORD001334","PENDING","1790201700000"
"HISTORY","ORD001334","PROCESSING","1790205300000"
"ORDER","ORD001335","Do Quang Huy","0966910524","60870000","1790202600000","3","SHIPPING"
"ITEM","ORD001335","P263","Man hinh Dell - Mau 263","3","6840000"
"ITEM","ORD001335","P377","Ban phim gaming Corsair - Mau 377","4","3810000"
"ITEM","ORD001335","P461","Chuot khong day Logitech - Mau 461","3","420000"
"ITEM","ORD001335","P449","Loa Bluetooth JBL - Mau 449","3","5730000"
"ITEM","ORD001335","P315","O cung HDD Seagate - Mau 315","3","2220000"
"HISTORY","ORD001335","PENDING","1790202600000"
"HISTORY","ORD001335","PROCESSING","1790206200000"
"HISTORY","ORD001335","SHIPPING","1790209800000"
"ORDER","ORD001336","Hoang Lan Chi","0995476249","3120000","1790203500000","1","SHIPPING"
"ITEM","ORD001336","P872","Router WiFi TP-Link - Mau 872","4","780000"
"HISTORY","ORD001336","PENDING","1790203500000"
"HISTORY","ORD001336","PROCESSING","1790207100000"
"HISTORY","ORD001336","SHIPPING","1790210700000"
"ORDER","ORD001337","Pham Dinh Hai","0998194994","3170000","1790204400000","1","COMPLETED"
"ITEM","ORD001337","P701","Chuot khong day Logitech - Mau 701","1","810000"
"ITEM","ORD001337","P873","USB Sandisk - Mau 873","4","590000"
"HISTORY","ORD001337","PENDING","1790204400000"
"HISTORY","ORD001337","PROCESSING","1790208000000"
"HISTORY","ORD001337","SHIPPING","1790211600000"
"HISTORY","ORD001337","COMPLETED","1790215200000"
"ORDER","ORD001338","Do Ngoc Anh","0965212625","19800000","1790205300000","1","COMPLETED"
"ITEM","ORD001338","P972","Router WiFi TP-Link - Mau 972","2","2340000"
"ITEM","ORD001338","P440","Bo chia HDMI Ugreen - Mau 440","4","290000"
"ITEM","ORD001338","P881","Chuot khong day Logitech - Mau 881","4","310000"
"ITEM","ORD001338","P923","Man hinh Dell - Mau 923","1","4360000"
"ITEM","ORD001338","P057","Ban phim gaming Corsair - Mau 057","2","4180000"
"HISTORY","ORD001338","PENDING","1790205300000"
"HISTORY","ORD001338","PROCESSING","1790208900000"
"HISTORY","ORD001338","SHIPPING","1790212500000"
"HISTORY","ORD001338","COMPLETED","1790216100000"
"ORDER","ORD001339","Bui Lan Chi","0973962630","260000","1790206200000","1","CANCELLED"
"ITEM","ORD001339","P454","Gia do laptop Baseus - Mau 454","1","260000"
"HISTORY","ORD001339","PENDING","1790206200000"
"HISTORY","ORD001339","PROCESSING","1790209800000"
"HISTORY","ORD001339","CANCELLED","1790213400000"
"ORDER","ORD001340","Hoang Bao Tran","0919518587","11120000","1790207100000","1","CANCELLED"
"ITEM","ORD001340","P618","Microphone HyperX - Mau 618","3","470000"
"ITEM","ORD001340","P444","Tai nghe Sony - Mau 444","1","6530000"
"ITEM","ORD001340","P228","Webcam Logitech - Mau 228","1","2240000"
"ITEM","ORD001340","P594","Gia do laptop Baseus - Mau 594","2","470000"
"HISTORY","ORD001340","PENDING","1790207100000"
"HISTORY","ORD001340","CANCELLED","1790210700000"
"ORDER","ORD001341","Do Bao Tran","0946880474","4480000","1790208000000","2","PENDING"
"ITEM","ORD001341","P372","Router WiFi TP-Link - Mau 372","1","2980000"
"ITEM","ORD001341","P001","Chuot khong day Logitech M185","3","500000"
"HISTORY","ORD001341","PENDING","1790208000000"
"ORDER","ORD001342","Huynh Minh An","0998238079","15381000","1790208900000","2","PENDING"
"ITEM","ORD001342","P374","Gia do laptop Baseus - Mau 374","2","216000"
"ITEM","ORD001342","P346","RAM Kingston - Mau 346","2","1350000"
"ITEM","ORD001342","P960","Bo chia HDMI Ugreen - Mau 960","3","675000"
"ITEM","ORD001342","P619","May in Canon - Mau 619","2","5112000"
"HISTORY","ORD001342","PENDING","1790208900000"
"ORDER","ORD001343","Hoang Thu Ha","0996264173","28860000","1790209800000","2","PROCESSING"
"ITEM","ORD001343","P764","Tai nghe Sony - Mau 764","2","1110000"
"ITEM","ORD001343","P403","Man hinh Dell - Mau 403","2","5070000"
"ITEM","ORD001343","P083","Man hinh Dell - Mau 083","3","5500000"
"HISTORY","ORD001343","PENDING","1790209800000"
"HISTORY","ORD001343","PROCESSING","1790213400000"
"ORDER","ORD001344","Nguyen Bao Tran","0962890383","7280000","1790210700000","2","PROCESSING"
"ITEM","ORD001344","P160","Bo chia HDMI Ugreen - Mau 160","4","680000"
"ITEM","ORD001344","P822","Ban phim Keychron - Mau 822","4","1140000"
"HISTORY","ORD001344","PENDING","1790210700000"
"HISTORY","ORD001344","PROCESSING","1790214300000"
"ORDER","ORD001345","Tran Huynh Khoa","0919743127","8530000","1790211600000","2","SHIPPING"
"ITEM","ORD001345","P428","Webcam Logitech - Mau 428","3","1770000"
"ITEM","ORD001345","P450","Sac du phong Anker - Mau 450","4","260000"
"ITEM","ORD001345","P821","Chuot khong day Logitech - Mau 821","2","370000"
"ITEM","ORD001345","P148","Webcam Logitech - Mau 148","4","360000"
"HISTORY","ORD001345","PENDING","1790211600000"
"HISTORY","ORD001345","PROCESSING","1790215200000"
"HISTORY","ORD001345","SHIPPING","1790218800000"
"ORDER","ORD001346","Dang Huynh Khoa","0937282548","10340000","1790212500000","3","SHIPPING"
"ITEM","ORD001346","P806","RAM Kingston - Mau 806","2","600000"
"ITEM","ORD001346","P912","Router WiFi TP-Link - Mau 912","2","690000"
"ITEM","ORD001346","P455","O cung HDD Seagate - Mau 455","3","1880000"
"ITEM","ORD001346","P114","Gia do laptop Baseus - Mau 114","4","530000"
"HISTORY","ORD001346","PENDING","1790212500000"
"HISTORY","ORD001346","PROCESSING","1790216100000"
"HISTORY","ORD001346","SHIPPING","1790219700000"
"ORDER","ORD001347","Dang Quang Huy","0950306377","24620000","1790213400000","3","COMPLETED"
"ITEM","ORD001347","P021","Chuot khong day Logitech - Mau 021","2","270000"
"ITEM","ORD001347","P498","Microphone HyperX - Mau 498","2","2610000"
"ITEM","ORD001347","P139","May in Canon - Mau 139","4","3970000"
"ITEM","ORD001347","P417","Ban phim gaming Corsair - Mau 417","2","1490000"
"HISTORY","ORD001347","PENDING","1790213400000"
"HISTORY","ORD001347","PROCESSING","1790217000000"
"HISTORY","ORD001347","SHIPPING","1790220600000"
"HISTORY","ORD001347","COMPLETED","1790224200000"
"ORDER","ORD001348","Vu Ngoc Anh","0946048955","62350000","1790214300000","3","COMPLETED"
"ITEM","ORD001348","P165","SSD Samsung - Mau 165","2","1450000"
"ITEM","ORD001348","P816","Chuot gaming Razer - Mau 816","1","410000"
"ITEM","ORD001348","P903","Man hinh Dell - Mau 903","4","13600000"
"ITEM","ORD001348","P792","Router WiFi TP-Link - Mau 792","4","1160000"
"HISTORY","ORD001348","PENDING","1790214300000"
"HISTORY","ORD001348","PROCESSING","1790217900000"
"HISTORY","ORD001348","SHIPPING","1790221500000"
"HISTORY","ORD001348","COMPLETED","1790225100000"
"ORDER","ORD001349","Do Lan Chi","0932196457","29640000","1790215200000","3","CANCELLED"
"ITEM","ORD001349","P239","May in Canon - Mau 239","4","6670000"
"ITEM","ORD001349","P130","Sac du phong Anker - Mau 130","2","1480000"
"HISTORY","ORD001349","PENDING","1790215200000"
"HISTORY","ORD001349","PROCESSING","1790218800000"
"HISTORY","ORD001349","CANCELLED","1790222400000"
"ORDER","ORD001350","Do Minh Duc","0923817447","29000000","1790216100000","3","CANCELLED"
"ITEM","ORD001350","P451","Cap USB-C Ugreen - Mau 451","3","300000"
"ITEM","ORD001350","P594","Gia do laptop Baseus - Mau 594","1","470000"
"ITEM","ORD001350","P680","Bo chia HDMI Ugreen - Mau 680","2","610000"
"ITEM","ORD001350","P367","Laptop Asus - Mau 367","1","22210000"
"ITEM","ORD001350","P885","SSD Samsung - Mau 885","1","4200000"
"HISTORY","ORD001350","PENDING","1790216100000"
"HISTORY","ORD001350","CANCELLED","1790219700000"
"ORDER","ORD001351","Tran Bao Tran","0938375815","19220000","1790217000000","1","PENDING"
"ITEM","ORD001351","P241","Chuot khong day Logitech - Mau 241","3","580000"
"ITEM","ORD001351","P175","O cung HDD Seagate - Mau 175","4","2300000"
"ITEM","ORD001351","P977","Ban phim gaming Corsair - Mau 977","2","4140000"
"HISTORY","ORD001351","PENDING","1790217000000"
"ORDER","ORD001352","Vu Lan Chi","0958507054","4290000","1790217900000","1","PENDING"
"ITEM","ORD001352","P212","Router WiFi TP-Link - Mau 212","3","1430000"
"HISTORY","ORD001352","PENDING","1790217900000"
"ORDER","ORD001353","Pham Dang Khoa","0939688576","50940000","1790218800000","1","PROCESSING"
"ITEM","ORD001353","P072","Router WiFi TP-Link - Mau 072","2","936000"
"ITEM","ORD001353","P890","Sac du phong Anker - Mau 890","1","1602000"
"ITEM","ORD001353","P947","Laptop Asus - Mau 947","2","22347000"
"ITEM","ORD001353","P406","RAM Kingston - Mau 406","4","693000"
"HISTORY","ORD001353","PENDING","1790218800000"
"HISTORY","ORD001353","PROCESSING","1790222400000"
"ORDER","ORD001354","Pham Minh Duc","0935412613","640000","1790219700000","1","PROCESSING"
"ITEM","ORD001354","P794","Gia do laptop Baseus - Mau 794","1","640000"
"HISTORY","ORD001354","PENDING","1790219700000"
"HISTORY","ORD001354","PROCESSING","1790223300000"
"ORDER","ORD001355","Vu Huynh Khoa","0947441854","88240000","1790220600000","1","SHIPPING"
"ITEM","ORD001355","P099","May in Canon - Mau 099","1","3680000"
"ITEM","ORD001355","P902","Ban phim Keychron - Mau 902","2","2630000"
"ITEM","ORD001355","P707","Laptop Asus - Mau 707","2","32730000"
"ITEM","ORD001355","P904","Tai nghe Sony - Mau 904","2","4780000"
"ITEM","ORD001355","P775","O cung HDD Seagate - Mau 775","2","2140000"
"HISTORY","ORD001355","PENDING","1790220600000"
"HISTORY","ORD001355","PROCESSING","1790224200000"
"HISTORY","ORD001355","SHIPPING","1790227800000"
"ORDER","ORD001356","Dang Bao Tran","0969397889","29160000","1790221500000","2","SHIPPING"
"ITEM","ORD001356","P757","Ban phim gaming Corsair - Mau 757","4","3460000"
"ITEM","ORD001356","P507","Laptop Asus - Mau 507","1","15320000"
"HISTORY","ORD001356","PENDING","1790221500000"
"HISTORY","ORD001356","PROCESSING","1790225100000"
"HISTORY","ORD001356","SHIPPING","1790228700000"
"ORDER","ORD001357","Dang Bao Tran","0934038373","19240000","1790222400000","2","COMPLETED"
"ITEM","ORD001357","P303","Man hinh Dell - Mau 303","4","4810000"
"HISTORY","ORD001357","PENDING","1790222400000"
"HISTORY","ORD001357","PROCESSING","1790226000000"
"HISTORY","ORD001357","SHIPPING","1790229600000"
"HISTORY","ORD001357","COMPLETED","1790233200000"
"ORDER","ORD001358","Hoang Lan Chi","0917783454","4320000","1790223300000","2","COMPLETED"
"ITEM","ORD001358","P553","USB Sandisk - Mau 553","4","310000"
"ITEM","ORD001358","P925","SSD Samsung - Mau 925","1","3080000"
"HISTORY","ORD001358","PENDING","1790223300000"
"HISTORY","ORD001358","PROCESSING","1790226900000"
"HISTORY","ORD001358","SHIPPING","1790230500000"
"HISTORY","ORD001358","COMPLETED","1790234100000"
"ORDER","ORD001359","Hoang Huynh Khoa","0973427002","6690000","1790224200000","2","CANCELLED"
"ITEM","ORD001359","P661","Chuot khong day Logitech - Mau 661","4","580000"
"ITEM","ORD001359","P590","Sac du phong Anker - Mau 590","4","290000"
"ITEM","ORD001359","P338","Microphone HyperX - Mau 338","4","710000"
"ITEM","ORD001359","P651","Cap USB-C Ugreen - Mau 651","1","370000"
"HISTORY","ORD001359","PENDING","1790224200000"
"HISTORY","ORD001359","PROCESSING","1790227800000"
"HISTORY","ORD001359","CANCELLED","1790231400000"
"ORDER","ORD001360","Pham Dinh Hai","0968285070","16290000","1790225100000","2","CANCELLED"
"ITEM","ORD001360","P596","Chuot gaming Razer - Mau 596","3","1090000"
"ITEM","ORD001360","P243","Man hinh Dell - Mau 243","1","13020000"
"HISTORY","ORD001360","PENDING","1790225100000"
"HISTORY","ORD001360","CANCELLED","1790228700000"
"ORDER","ORD001361","Le Thanh Nam","0948319412","24390000","1790226000000","3","PENDING"
"ITEM","ORD001361","P513","USB Sandisk - Mau 513","3","280000"
"ITEM","ORD001361","P332","Router WiFi TP-Link - Mau 332","3","1540000"
"ITEM","ORD001361","P865","SSD Samsung - Mau 865","2","2190000"
"ITEM","ORD001361","P924","Tai nghe Sony - Mau 924","3","3870000"
"ITEM","ORD001361","P085","SSD Samsung - Mau 085","2","1470000"
"HISTORY","ORD001361","PENDING","1790226000000"
"ORDER","ORD001362","Nguyen Minh Duc","0923389346","1280000","1790226900000","3","PENDING"
"ITEM","ORD001362","P952","Router WiFi TP-Link - Mau 952","1","980000"
"ITEM","ORD001362","P814","Gia do laptop Baseus - Mau 814","2","150000"
"HISTORY","ORD001362","PENDING","1790226900000"
"ORDER","ORD001363","Phan Ngoc Anh","0961687622","18820000","1790227800000","3","PROCESSING"
"ITEM","ORD001363","P596","Chuot gaming Razer - Mau 596","2","1090000"
"ITEM","ORD001363","P234","Gia do laptop Baseus - Mau 234","2","770000"
"ITEM","ORD001363","P889","Loa Bluetooth JBL - Mau 889","2","4870000"
"ITEM","ORD001363","P572","Router WiFi TP-Link - Mau 572","2","2680000"
"HISTORY","ORD001363","PENDING","1790227800000"
"HISTORY","ORD001363","PROCESSING","1790231400000"
"ORDER","ORD001364","Dang Minh An","0920440151","13833000","1790228700000","3","PROCESSING"
"ITEM","ORD001364","P412","Router WiFi TP-Link - Mau 412","1","3105000"
"ITEM","ORD001364","P475","O cung HDD Seagate - Mau 475","4","2052000"
"ITEM","ORD001364","P883","Man hinh Dell - Mau 883","1","2520000"
"HISTORY","ORD001364","PENDING","1790228700000"
"HISTORY","ORD001364","PROCESSING","1790232300000"
"ORDER","ORD001365","Huynh Thanh Nam","0978770464","36140000","1790229600000","3","SHIPPING"
"ITEM","ORD001365","P324","Tai nghe Sony - Mau 324","3","3420000"
"ITEM","ORD001365","P066","RAM Kingston - Mau 066","4","2220000"
"ITEM","ORD001365","P195","O cung HDD Seagate - Mau 195","4","1430000"
"ITEM","ORD001365","P742","Ban phim Keychron - Mau 742","4","2820000"
"HISTORY","ORD001365","PENDING","1790229600000"
"HISTORY","ORD001365","PROCESSING","1790233200000"
"HISTORY","ORD001365","SHIPPING","1790236800000"
"ORDER","ORD001366","Huynh Huynh Khoa","0957978227","29600000","1790230500000","1","SHIPPING"
"ITEM","ORD001366","P551","Cap USB-C Ugreen - Mau 551","2","450000"
"ITEM","ORD001366","P926","RAM Kingston - Mau 926","1","2340000"
"ITEM","ORD001366","P680","Bo chia HDMI Ugreen - Mau 680","4","610000"
"ITEM","ORD001366","P364","Tai nghe Sony - Mau 364","4","5980000"
"HISTORY","ORD001366","PENDING","1790230500000"
"HISTORY","ORD001366","PROCESSING","1790234100000"
"HISTORY","ORD001366","SHIPPING","1790237700000"
"ORDER","ORD001367","Vo Dang Khoa","0956319690","3760000","1790231400000","1","COMPLETED"
"ITEM","ORD001367","P117","Ban phim gaming Corsair - Mau 117","1","3760000"
"HISTORY","ORD001367","PENDING","1790231400000"
"HISTORY","ORD001367","PROCESSING","1790235000000"
"HISTORY","ORD001367","SHIPPING","1790238600000"
"HISTORY","ORD001367","COMPLETED","1790242200000"
"ORDER","ORD001368","Vo Thu Ha","0935592377","28670000","1790232300000","1","COMPLETED"
"ITEM","ORD001368","P018","Microphone HyperX - Mau 018","4","3780000"
"ITEM","ORD001368","P576","Chuot gaming Razer - Mau 576","2","1610000"
"ITEM","ORD001368","P478","Microphone HyperX - Mau 478","4","470000"
"ITEM","ORD001368","P442","Ban phim Keychron - Mau 442","1","470000"
"ITEM","ORD001368","P938","Microphone HyperX - Mau 938","2","3990000"
"HISTORY","ORD001368","PENDING","1790232300000"
"HISTORY","ORD001368","PROCESSING","1790235900000"
"HISTORY","ORD001368","SHIPPING","1790239500000"
"HISTORY","ORD001368","COMPLETED","1790243100000"
"ORDER","ORD001369","Hoang Bao Tran","0924599112","870000","1790233200000","1","CANCELLED"
"ITEM","ORD001369","P440","Bo chia HDMI Ugreen - Mau 440","3","290000"
"HISTORY","ORD001369","PENDING","1790233200000"
"HISTORY","ORD001369","PROCESSING","1790236800000"
"HISTORY","ORD001369","CANCELLED","1790240400000"
"ORDER","ORD001370","Bui Tuan Kiet","0922833663","14820000","1790234100000","1","CANCELLED"
"ITEM","ORD001370","P368","Webcam Logitech - Mau 368","2","2230000"
"ITEM","ORD001370","P058","Microphone HyperX - Mau 058","2","2290000"
"ITEM","ORD001370","P309","Loa Bluetooth JBL - Mau 309","1","3560000"
"ITEM","ORD001370","P754","Gia do laptop Baseus - Mau 754","3","740000"
"HISTORY","ORD001370","PENDING","1790234100000"
"HISTORY","ORD001370","CANCELLED","1790237700000"
"ORDER","ORD001371","Huynh Tuan Kiet","0991841115","96800000","1790235000000","2","PENDING"
"ITEM","ORD001371","P276","Chuot gaming Razer - Mau 276","2","2350000"
"ITEM","ORD001371","P830","Sac du phong Anker - Mau 830","2","1730000"
"ITEM","ORD001371","P509","Loa Bluetooth JBL - Mau 509","2","1380000"
"ITEM","ORD001371","P503","Man hinh Dell - Mau 503","2","13840000"
"ITEM","ORD001371","P067","Laptop Asus - Mau 067","4","14550000"
"HISTORY","ORD001371","PENDING","1790235000000"
"ORDER","ORD001372","Nguyen Minh An","0995573499","13660000","1790235900000","2","PENDING"
"ITEM","ORD001372","P421","Chuot khong day Logitech - Mau 421","3","800000"
"ITEM","ORD001372","P095","O cung HDD Seagate - Mau 095","4","1090000"
"ITEM","ORD001372","P172","Router WiFi TP-Link - Mau 172","2","3450000"
"HISTORY","ORD001372","PENDING","1790235900000"
"ORDER","ORD001373","Le Quang Huy","0926757945","47970000","1790236800000","2","PROCESSING"
"ITEM","ORD001373","P858","Microphone HyperX - Mau 858","2","2580000"
"ITEM","ORD001373","P089","Loa Bluetooth JBL - Mau 089","3","5960000"
"ITEM","ORD001373","P432","Router WiFi TP-Link - Mau 432","3","2580000"
"ITEM","ORD001373","P449","Loa Bluetooth JBL - Mau 449","3","5730000"
"HISTORY","ORD001373","PENDING","1790236800000"
"HISTORY","ORD001373","PROCESSING","1790240400000"
"ORDER","ORD001374","Tran Dang Khoa","0985997670","6300000","1790237700000","2","PROCESSING"
"ITEM","ORD001374","P708","Webcam Logitech - Mau 708","2","210000"
"ITEM","ORD001374","P022","Ban phim Keychron - Mau 022","2","2870000"
"ITEM","ORD001374","P011","Cap USB-C Ugreen - Mau 011","2","70000"
"HISTORY","ORD001374","PENDING","1790237700000"
"HISTORY","ORD001374","PROCESSING","1790241300000"
"ORDER","ORD001375","Phan Quang Huy","0926987762","14076000","1790238600000","2","SHIPPING"
"ITEM","ORD001375","P141","Chuot khong day Logitech - Mau 141","2","360000"
"ITEM","ORD001375","P345","SSD Samsung - Mau 345","4","3258000"
"ITEM","ORD001375","P853","USB Sandisk - Mau 853","3","108000"
"HISTORY","ORD001375","PENDING","1790238600000"
"HISTORY","ORD001375","PROCESSING","1790242200000"
"HISTORY","ORD001375","SHIPPING","1790245800000"
"ORDER","ORD001376","Phan Tuan Kiet","0983840577","79560000","1790239500000","3","SHIPPING"
"ITEM","ORD001376","P603","Man hinh Dell - Mau 603","3","11710000"
"ITEM","ORD001376","P743","Man hinh Dell - Mau 743","3","10320000"
"ITEM","ORD001376","P997","Ban phim gaming Corsair - Mau 997","3","3650000"
"ITEM","ORD001376","P1000","Bo chia HDMI Ugreen - Mau 1000","4","300000"
"ITEM","ORD001376","P254","Gia do laptop Baseus - Mau 254","4","330000"
"HISTORY","ORD001376","PENDING","1790239500000"
"HISTORY","ORD001376","PROCESSING","1790243100000"
"HISTORY","ORD001376","SHIPPING","1790246700000"
"ORDER","ORD001377","Vo Quang Huy","0946334056","45950000","1790240400000","3","COMPLETED"
"ITEM","ORD001377","P234","Gia do laptop Baseus - Mau 234","4","770000"
"ITEM","ORD001377","P781","Chuot khong day Logitech - Mau 781","1","990000"
"ITEM","ORD001377","P305","SSD Samsung - Mau 305","2","3690000"
"ITEM","ORD001377","P487","Laptop Asus - Mau 487","2","17250000"
"HISTORY","ORD001377","PENDING","1790240400000"
"HISTORY","ORD001377","PROCESSING","1790244000000"
"HISTORY","ORD001377","SHIPPING","1790247600000"
"HISTORY","ORD001377","COMPLETED","1790251200000"
"ORDER","ORD001378","Nguyen Thu Ha","0919489972","5500000","1790241300000","3","COMPLETED"
"ITEM","ORD001378","P686","RAM Kingston - Mau 686","4","1160000"
"ITEM","ORD001378","P738","Microphone HyperX - Mau 738","1","860000"
"HISTORY","ORD001378","PENDING","1790241300000"
"HISTORY","ORD001378","PROCESSING","1790244900000"
"HISTORY","ORD001378","SHIPPING","1790248500000"
"HISTORY","ORD001378","COMPLETED","1790252100000"
"ORDER","ORD001379","Huynh Quang Huy","0968239477","12960000","1790242200000","3","CANCELLED"
"ITEM","ORD001379","P982","Ban phim Keychron - Mau 982","4","2550000"
"ITEM","ORD001379","P321","Chuot khong day Logitech - Mau 321","2","850000"
"ITEM","ORD001379","P114","Gia do laptop Baseus - Mau 114","2","530000"
"HISTORY","ORD001379","PENDING","1790242200000"
"HISTORY","ORD001379","PROCESSING","1790245800000"
"HISTORY","ORD001379","CANCELLED","1790249400000"
"ORDER","ORD001380","Vo Dinh Hai","0957462559","7890000","1790243100000","3","CANCELLED"
"ITEM","ORD001380","P519","May in Canon - Mau 519","3","2630000"
"HISTORY","ORD001380","PENDING","1790243100000"
"HISTORY","ORD001380","CANCELLED","1790246700000"
"ORDER","ORD001381","Vu Dang Khoa","0950754320","1590000","1790244000000","1","PENDING"
"ITEM","ORD001381","P134","Gia do laptop Baseus - Mau 134","3","530000"
"HISTORY","ORD001381","PENDING","1790244000000"
"ORDER","ORD001382","Do Minh Duc","0960245772","87920000","1790244900000","1","PENDING"
"ITEM","ORD001382","P720","Bo chia HDMI Ugreen - Mau 720","1","450000"
"ITEM","ORD001382","P967","Laptop Asus - Mau 967","2","30150000"
"ITEM","ORD001382","P319","May in Canon - Mau 319","3","3690000"
"ITEM","ORD001382","P368","Webcam Logitech - Mau 368","2","2230000"
"ITEM","ORD001382","P264","Tai nghe Sony - Mau 264","2","5820000"
"HISTORY","ORD001382","PENDING","1790244900000"
"ORDER","ORD001383","Hoang Ngoc Anh","0985182387","8640000","1790245800000","1","PROCESSING"
"ITEM","ORD001383","P677","Ban phim gaming Corsair - Mau 677","1","2400000"
"ITEM","ORD001383","P437","Ban phim gaming Corsair - Mau 437","4","1350000"
"ITEM","ORD001383","P708","Webcam Logitech - Mau 708","4","210000"
"HISTORY","ORD001383","PENDING","1790245800000"
"HISTORY","ORD001383","PROCESSING","1790249400000"
"ORDER","ORD001384","Nguyen Bao Tran","0932730516","21240000","1790246700000","1","PROCESSING"
"ITEM","ORD001384","P739","May in Canon - Mau 739","4","3950000"
"ITEM","ORD001384","P732","Router WiFi TP-Link - Mau 732","4","970000"
"ITEM","ORD001384","P122","Ban phim Keychron - Mau 122","2","780000"
"HISTORY","ORD001384","PENDING","1790246700000"
"HISTORY","ORD001384","PROCESSING","1790250300000"
"ORDER","ORD001385","Vo Dang Khoa","0946838136","24430000","1790247600000","1","SHIPPING"
"ITEM","ORD001385","P303","Man hinh Dell - Mau 303","3","4810000"
"ITEM","ORD001385","P702","Ban phim Keychron - Mau 702","4","2500000"
"HISTORY","ORD001385","PENDING","1790247600000"
"HISTORY","ORD001385","PROCESSING","1790251200000"
"HISTORY","ORD001385","SHIPPING","1790254800000"
"ORDER","ORD001386","Vo Minh An","0989368191","20988000","1790248500000","2","SHIPPING"
"ITEM","ORD001386","P917","Ban phim gaming Corsair - Mau 917","3","1674000"
"ITEM","ORD001386","P423","Man hinh Dell - Mau 423","1","12330000"
"ITEM","ORD001386","P234","Gia do laptop Baseus - Mau 234","3","693000"
"ITEM","ORD001386","P049","Loa Bluetooth JBL - Mau 049","1","1557000"
"HISTORY","ORD001386","PENDING","1790248500000"
"HISTORY","ORD001386","PROCESSING","1790252100000"
"HISTORY","ORD001386","SHIPPING","1790255700000"
"ORDER","ORD001387","Vu Ngoc Anh","0932417995","19180000","1790249400000","2","COMPLETED"
"ITEM","ORD001387","P639","May in Canon - Mau 639","4","2300000"
"ITEM","ORD001387","P1000","Bo chia HDMI Ugreen - Mau 1000","4","300000"
"ITEM","ORD001387","P172","Router WiFi TP-Link - Mau 172","2","3450000"
"ITEM","ORD001387","P455","O cung HDD Seagate - Mau 455","1","1880000"
"HISTORY","ORD001387","PENDING","1790249400000"
"HISTORY","ORD001387","PROCESSING","1790253000000"
"HISTORY","ORD001387","SHIPPING","1790256600000"
"HISTORY","ORD001387","COMPLETED","1790260200000"
"ORDER","ORD001388","Vo Lan Chi","0973560975","71610000","1790250300000","2","COMPLETED"
"ITEM","ORD001388","P428","Webcam Logitech - Mau 428","2","1770000"
"ITEM","ORD001388","P509","Loa Bluetooth JBL - Mau 509","2","1380000"
"ITEM","ORD001388","P467","Laptop Asus - Mau 467","3","21770000"
"HISTORY","ORD001388","PENDING","1790250300000"
"HISTORY","ORD001388","PROCESSING","1790253900000"
"HISTORY","ORD001388","SHIPPING","1790257500000"
"HISTORY","ORD001388","COMPLETED","1790261100000"
"ORDER","ORD001389","Bui Tuan Kiet","0996007811","17010000","1790251200000","2","CANCELLED"
"ITEM","ORD001389","P564","Tai nghe Sony - Mau 564","3","5670000"
"HISTORY","ORD001389","PENDING","1790251200000"
"HISTORY","ORD001389","PROCESSING","1790254800000"
"HISTORY","ORD001389","CANCELLED","1790258400000"
"ORDER","ORD001390","Nguyen Huynh Khoa","0982674389","16140000","1790252100000","2","CANCELLED"
"ITEM","ORD001390","P090","Sac du phong Anker - Mau 090","3","1070000"
"ITEM","ORD001390","P226","RAM Kingston - Mau 226","4","1070000"
"ITEM","ORD001390","P293","USB Sandisk - Mau 293","2","300000"
"ITEM","ORD001390","P459","May in Canon - Mau 459","3","2620000"
"ITEM","ORD001390","P731","Cap USB-C Ugreen - Mau 731","1","190000"
"HISTORY","ORD001390","PENDING","1790252100000"
"HISTORY","ORD001390","CANCELLED","1790255700000"
"ORDER","ORD001391","Vo Tuan Kiet","0938536633","63260000","1790253000000","3","PENDING"
"ITEM","ORD001391","P423","Man hinh Dell - Mau 423","1","13700000"
"ITEM","ORD001391","P987","Laptop Asus - Mau 987","3","16520000"
"HISTORY","ORD001391","PENDING","1790253000000"
"ORDER","ORD001392","Le Quang Huy","0939075802","12880000","1790253900000","3","PENDING"
"ITEM","ORD001392","P322","Ban phim Keychron - Mau 322","4","3040000"
"ITEM","ORD001392","P294","Gia do laptop Baseus - Mau 294","2","360000"
"HISTORY","ORD001392","PENDING","1790253900000"
"ORDER","ORD001393","Nguyen Thanh Nam","0998870343","690000","1790254800000","3","PROCESSING"
"ITEM","ORD001393","P388","Webcam Logitech - Mau 388","3","230000"
"HISTORY","ORD001393","PENDING","1790254800000"
"HISTORY","ORD001393","PROCESSING","1790258400000"
"ORDER","ORD001394","Dang Lan Chi","0913384826","27880000","1790255700000","3","PROCESSING"
"ITEM","ORD001394","P199","May in Canon - Mau 199","2","4280000"
"ITEM","ORD001394","P053","USB Sandisk - Mau 053","4","550000"
"ITEM","ORD001394","P445","SSD Samsung - Mau 445","4","4280000"
"HISTORY","ORD001394","PENDING","1790255700000"
"HISTORY","ORD001394","PROCESSING","1790259300000"
"ORDER","ORD001395","Bui Minh Duc","0968057142","16820000","1790256600000","3","SHIPPING"
"ITEM","ORD001395","P878","Microphone HyperX - Mau 878","3","2010000"
"ITEM","ORD001395","P585","SSD Samsung - Mau 585","3","3430000"
"ITEM","ORD001395","P713","USB Sandisk - Mau 713","2","250000"
"HISTORY","ORD001395","PENDING","1790256600000"
"HISTORY","ORD001395","PROCESSING","1790260200000"
"HISTORY","ORD001395","SHIPPING","1790263800000"
"ORDER","ORD001396","Do Ngoc Anh","0972908807","4310000","1790257500000","1","SHIPPING"
"ITEM","ORD001396","P271","Cap USB-C Ugreen - Mau 271","4","440000"
"ITEM","ORD001396","P261","Chuot khong day Logitech - Mau 261","3","850000"
"HISTORY","ORD001396","PENDING","1790257500000"
"HISTORY","ORD001396","PROCESSING","1790261100000"
"HISTORY","ORD001396","SHIPPING","1790264700000"
"ORDER","ORD001397","Phan Dinh Hai","0966015196","13086000","1790258400000","1","COMPLETED"
"ITEM","ORD001397","P839","May in Canon - Mau 839","2","5832000"
"ITEM","ORD001397","P154","Gia do laptop Baseus - Mau 154","2","711000"
"HISTORY","ORD001397","PENDING","1790258400000"
"HISTORY","ORD001397","PROCESSING","1790262000000"
"HISTORY","ORD001397","SHIPPING","1790265600000"
"HISTORY","ORD001397","COMPLETED","1790269200000"
"ORDER","ORD001398","Do Thu Ha","0934861714","14040000","1790259300000","1","COMPLETED"
"ITEM","ORD001398","P256","Chuot gaming Razer - Mau 256","3","430000"
"ITEM","ORD001398","P368","Webcam Logitech - Mau 368","4","2230000"
"ITEM","ORD001398","P518","Microphone HyperX - Mau 518","3","930000"
"ITEM","ORD001398","P072","Router WiFi TP-Link - Mau 072","1","1040000"
"HISTORY","ORD001398","PENDING","1790259300000"
"HISTORY","ORD001398","PROCESSING","1790262900000"
"HISTORY","ORD001398","SHIPPING","1790266500000"
"HISTORY","ORD001398","COMPLETED","1790270100000"
"ORDER","ORD001399","Bui Minh An","0967057480","15280000","1790260200000","1","CANCELLED"
"ITEM","ORD001399","P848","Webcam Logitech - Mau 848","3","2030000"
"ITEM","ORD001399","P153","USB Sandisk - Mau 153","4","280000"
"ITEM","ORD001399","P110","Sac du phong Anker - Mau 110","3","390000"
"ITEM","ORD001399","P879","May in Canon - Mau 879","3","2300000"
"HISTORY","ORD001399","PENDING","1790260200000"
"HISTORY","ORD001399","PROCESSING","1790263800000"
"HISTORY","ORD001399","CANCELLED","1790267400000"
"ORDER","ORD001400","Tran Minh An","0965054118","48150000","1790261100000","1","CANCELLED"
"ITEM","ORD001400","P857","Ban phim gaming Corsair - Mau 857","3","2640000"
"ITEM","ORD001400","P438","Microphone HyperX - Mau 438","3","2520000"
"ITEM","ORD001400","P880","Bo chia HDMI Ugreen - Mau 880","4","840000"
"ITEM","ORD001400","P263","Man hinh Dell - Mau 263","3","6840000"
"ITEM","ORD001400","P817","Ban phim gaming Corsair - Mau 817","3","2930000"
"HISTORY","ORD001400","PENDING","1790261100000"
"HISTORY","ORD001400","CANCELLED","1790264700000"
"ORDER","ORD001401","Tran Huynh Khoa","0986524499","5500000","1790262000000","2","PENDING"
"ITEM","ORD001401","P890","Sac du phong Anker - Mau 890","2","1780000"
"ITEM","ORD001401","P728","Webcam Logitech - Mau 728","1","1940000"
"HISTORY","ORD001401","PENDING","1790262000000"
"ORDER","ORD001402","Do Dang Khoa","0972535543","3030000","1790262900000","2","PENDING"
"ITEM","ORD001402","P600","Bo chia HDMI Ugreen - Mau 600","3","780000"
"ITEM","ORD001402","P388","Webcam Logitech - Mau 388","3","230000"
"HISTORY","ORD001402","PENDING","1790262900000"
"ORDER","ORD001403","Tran Thanh Nam","0982094709","1410000","1790263800000","2","PROCESSING"
"ITEM","ORD001403","P671","Cap USB-C Ugreen - Mau 671","2","420000"
"ITEM","ORD001403","P793","USB Sandisk - Mau 793","1","570000"
"HISTORY","ORD001403","PENDING","1790263800000"
"HISTORY","ORD001403","PROCESSING","1790267400000"
"ORDER","ORD001404","Hoang Tuan Kiet","0916741067","14740000","1790264700000","2","PROCESSING"
"ITEM","ORD001404","P706","RAM Kingston - Mau 706","3","2520000"
"ITEM","ORD001404","P601","Chuot khong day Logitech - Mau 601","4","670000"
"ITEM","ORD001404","P346","RAM Kingston - Mau 346","3","1500000"
"HISTORY","ORD001404","PENDING","1790264700000"
"HISTORY","ORD001404","PROCESSING","1790268300000"
"ORDER","ORD001405","Dang Dinh Hai","0919389409","4720000","1790265600000","2","SHIPPING"
"ITEM","ORD001405","P870","Sac du phong Anker - Mau 870","4","1180000"
"HISTORY","ORD001405","PENDING","1790265600000"
"HISTORY","ORD001405","PROCESSING","1790269200000"
"HISTORY","ORD001405","SHIPPING","1790272800000"
"ORDER","ORD001406","Pham Minh An","0977516914","8760000","1790266500000","3","SHIPPING"
"ITEM","ORD001406","P802","Ban phim Keychron - Mau 802","4","2190000"
"HISTORY","ORD001406","PENDING","1790266500000"
"HISTORY","ORD001406","PROCESSING","1790270100000"
"HISTORY","ORD001406","SHIPPING","1790273700000"
"ORDER","ORD001407","Huynh Tuan Kiet","0972310012","1920000","1790267400000","3","COMPLETED"
"ITEM","ORD001407","P206","RAM Kingston - Mau 206","4","480000"
"HISTORY","ORD001407","PENDING","1790267400000"
"HISTORY","ORD001407","PROCESSING","1790271000000"
"HISTORY","ORD001407","SHIPPING","1790274600000"
"HISTORY","ORD001407","COMPLETED","1790278200000"
"ORDER","ORD001408","Bui Quang Huy","0964868761","2079000","1790268300000","3","COMPLETED"
"ITEM","ORD001408","P068","Webcam Logitech - Mau 068","3","693000"
"HISTORY","ORD001408","PENDING","1790268300000"
"HISTORY","ORD001408","PROCESSING","1790271900000"
"HISTORY","ORD001408","SHIPPING","1790275500000"
"HISTORY","ORD001408","COMPLETED","1790279100000"
"ORDER","ORD001409","Pham Quang Huy","0930037302","10350000","1790269200000","3","CANCELLED"
"ITEM","ORD001409","P512","Router WiFi TP-Link - Mau 512","1","3480000"
"ITEM","ORD001409","P910","Sac du phong Anker - Mau 910","4","1580000"
"ITEM","ORD001409","P750","Sac du phong Anker - Mau 750","1","550000"
"HISTORY","ORD001409","PENDING","1790269200000"
"HISTORY","ORD001409","PROCESSING","1790272800000"
"HISTORY","ORD001409","CANCELLED","1790276400000"
"ORDER","ORD001410","Bui Lan Chi","0920270696","16170000","1790270100000","3","CANCELLED"
"ITEM","ORD001410","P724","Tai nghe Sony - Mau 724","1","3570000"
"ITEM","ORD001410","P979","May in Canon - Mau 979","3","4200000"
"HISTORY","ORD001410","PENDING","1790270100000"
"HISTORY","ORD001410","CANCELLED","1790273700000"
"ORDER","ORD001411","Tran Thu Ha","0934226312","6870000","1790271000000","1","PENDING"
"ITEM","ORD001411","P836","Chuot gaming Razer - Mau 836","3","790000"
"ITEM","ORD001411","P346","RAM Kingston - Mau 346","3","1500000"
"HISTORY","ORD001411","PENDING","1790271000000"
"ORDER","ORD001412","Dang Minh An","0980469483","12340000","1790271900000","1","PENDING"
"ITEM","ORD001412","P096","Chuot gaming Razer - Mau 096","4","2410000"
"ITEM","ORD001412","P437","Ban phim gaming Corsair - Mau 437","2","1350000"
"HISTORY","ORD001412","PENDING","1790271900000"
"ORDER","ORD001413","Pham Huynh Khoa","0912551011","12130000","1790272800000","1","PROCESSING"
"ITEM","ORD001413","P413","USB Sandisk - Mau 413","2","310000"
"ITEM","ORD001413","P305","SSD Samsung - Mau 305","3","3690000"
"ITEM","ORD001413","P491","Cap USB-C Ugreen - Mau 491","2","220000"
"HISTORY","ORD001413","PENDING","1790272800000"
"HISTORY","ORD001413","PROCESSING","1790276400000"
"ORDER","ORD001414","Le Ngoc Anh","0983459261","8950000","1790273700000","1","PROCESSING"
"ITEM","ORD001414","P053","USB Sandisk - Mau 053","1","550000"
"ITEM","ORD001414","P588","Webcam Logitech - Mau 588","2","690000"
"ITEM","ORD001414","P481","Chuot khong day Logitech - Mau 481","2","230000"
"ITEM","ORD001414","P882","Ban phim Keychron - Mau 882","2","3030000"
"ITEM","ORD001414","P001","Chuot khong day Logitech M185","1","500000"
"HISTORY","ORD001414","PENDING","1790273700000"
"HISTORY","ORD001414","PROCESSING","1790277300000"
"ORDER","ORD001415","Bui Dang Khoa","0963226693","68730000","1790274600000","1","SHIPPING"
"ITEM","ORD001415","P121","Chuot khong day Logitech - Mau 121","1","210000"
"ITEM","ORD001415","P408","Webcam Logitech - Mau 408","2","710000"
"ITEM","ORD001415","P378","Microphone HyperX - Mau 378","2","3810000"
"ITEM","ORD001415","P767","Laptop Asus - Mau 767","4","14870000"
"HISTORY","ORD001415","PENDING","1790274600000"
"HISTORY","ORD001415","PROCESSING","1790278200000"
"HISTORY","ORD001415","SHIPPING","1790281800000"
"ORDER","ORD001416","Hoang Ngoc Anh","0981375195","15780000","1790275500000","2","SHIPPING"
"ITEM","ORD001416","P276","Chuot gaming Razer - Mau 276","3","2350000"
"ITEM","ORD001416","P988","Webcam Logitech - Mau 988","3","410000"
"ITEM","ORD001416","P092","Router WiFi TP-Link - Mau 092","3","2500000"
"HISTORY","ORD001416","PENDING","1790275500000"
"HISTORY","ORD001416","PROCESSING","1790279100000"
"HISTORY","ORD001416","SHIPPING","1790282700000"
"ORDER","ORD001417","Vu Ngoc Anh","0972088059","11940000","1790276400000","2","COMPLETED"
"ITEM","ORD001417","P922","Ban phim Keychron - Mau 922","2","2690000"
"ITEM","ORD001417","P468","Webcam Logitech - Mau 468","4","1640000"
"HISTORY","ORD001417","PENDING","1790276400000"
"HISTORY","ORD001417","PROCESSING","1790280000000"
"HISTORY","ORD001417","SHIPPING","1790283600000"
"HISTORY","ORD001417","COMPLETED","1790287200000"
"ORDER","ORD001418","Le Lan Chi","0916954433","38150000","1790277300000","2","COMPLETED"
"ITEM","ORD001418","P595","O cung HDD Seagate - Mau 595","4","2530000"
"ITEM","ORD001418","P945","SSD Samsung - Mau 945","4","4430000"
"ITEM","ORD001418","P826","RAM Kingston - Mau 826","1","1690000"
"ITEM","ORD001418","P843","Man hinh Dell - Mau 843","1","8620000"
"HISTORY","ORD001418","PENDING","1790277300000"
"HISTORY","ORD001418","PROCESSING","1790280900000"
"HISTORY","ORD001418","SHIPPING","1790284500000"
"HISTORY","ORD001418","COMPLETED","1790288100000"
"ORDER","ORD001419","Dang Dinh Hai","0950890269","96696000","1790278200000","2","CANCELLED"
"ITEM","ORD001419","P765","SSD Samsung - Mau 765","3","3798000"
"ITEM","ORD001419","P059","May in Canon - Mau 059","3","7524000"
"ITEM","ORD001419","P406","RAM Kingston - Mau 406","2","693000"
"ITEM","ORD001419","P347","Laptop Asus - Mau 347","4","15336000"
"HISTORY","ORD001419","PENDING","1790278200000"
"HISTORY","ORD001419","PROCESSING","1790281800000"
"HISTORY","ORD001419","CANCELLED","1790285400000"
"ORDER","ORD001420","Phan Minh An","0946059148","13560000","1790279100000","2","CANCELLED"
"ITEM","ORD001420","P298","Microphone HyperX - Mau 298","4","3390000"
"HISTORY","ORD001420","PENDING","1790279100000"
"HISTORY","ORD001420","CANCELLED","1790282700000"
"ORDER","ORD001421","Bui Thu Ha","0925863660","9520000","1790280000000","3","PENDING"
"ITEM","ORD001421","P998","Microphone HyperX - Mau 998","4","2380000"
"HISTORY","ORD001421","PENDING","1790280000000"
"ORDER","ORD001422","Vu Bao Tran","0922973568","9290000","1790280900000","3","PENDING"
"ITEM","ORD001422","P294","Gia do laptop Baseus - Mau 294","3","360000"
"ITEM","ORD001422","P696","Chuot gaming Razer - Mau 696","3","2440000"
"ITEM","ORD001422","P145","SSD Samsung - Mau 145","1","890000"
"HISTORY","ORD001422","PENDING","1790280900000"
"ORDER","ORD001423","Vo Thu Ha","0967960098","7160000","1790281800000","3","PROCESSING"
"ITEM","ORD001423","P490","Sac du phong Anker - Mau 490","1","850000"
"ITEM","ORD001423","P828","Webcam Logitech - Mau 828","1","1240000"
"ITEM","ORD001423","P855","O cung HDD Seagate - Mau 855","3","1690000"
"HISTORY","ORD001423","PENDING","1790281800000"
"HISTORY","ORD001423","PROCESSING","1790285400000"
"ORDER","ORD001424","Hoang Minh Duc","0957670669","15740000","1790282700000","3","PROCESSING"
"ITEM","ORD001424","P373","USB Sandisk - Mau 373","4","600000"
"ITEM","ORD001424","P620","Bo chia HDMI Ugreen - Mau 620","4","600000"
"ITEM","ORD001424","P585","SSD Samsung - Mau 585","2","3430000"
"ITEM","ORD001424","P308","Webcam Logitech - Mau 308","4","1020000"
"HISTORY","ORD001424","PENDING","1790282700000"
"HISTORY","ORD001424","PROCESSING","1790286300000"
"ORDER","ORD001425","Vu Bao Tran","0921343089","280000","1790283600000","3","SHIPPING"
"ITEM","ORD001425","P151","Cap USB-C Ugreen - Mau 151","1","280000"
"HISTORY","ORD001425","PENDING","1790283600000"
"HISTORY","ORD001425","PROCESSING","1790287200000"
"HISTORY","ORD001425","SHIPPING","1790290800000"
"ORDER","ORD001426","Le Huynh Khoa","0969417005","12970000","1790284500000","1","SHIPPING"
"ITEM","ORD001426","P612","Router WiFi TP-Link - Mau 612","3","940000"
"ITEM","ORD001426","P257","Ban phim gaming Corsair - Mau 257","2","2180000"
"ITEM","ORD001426","P510","Sac du phong Anker - Mau 510","3","1930000"
"HISTORY","ORD001426","PENDING","1790284500000"
"HISTORY","ORD001426","PROCESSING","1790288100000"
"HISTORY","ORD001426","SHIPPING","1790291700000"
"ORDER","ORD001427","Bui Huynh Khoa","0939672972","13950000","1790285400000","1","COMPLETED"
"ITEM","ORD001427","P978","Microphone HyperX - Mau 978","3","1950000"
"ITEM","ORD001427","P985","SSD Samsung - Mau 985","2","4050000"
"HISTORY","ORD001427","PENDING","1790285400000"
"HISTORY","ORD001427","PROCESSING","1790289000000"
"HISTORY","ORD001427","SHIPPING","1790292600000"
"HISTORY","ORD001427","COMPLETED","1790296200000"
"ORDER","ORD001428","Vu Thu Ha","0918267183","10840000","1790286300000","1","COMPLETED"
"ITEM","ORD001428","P546","RAM Kingston - Mau 546","4","1640000"
"ITEM","ORD001428","P248","Webcam Logitech - Mau 248","4","1070000"
"HISTORY","ORD001428","PENDING","1790286300000"
"HISTORY","ORD001428","PROCESSING","1790289900000"
"HISTORY","ORD001428","SHIPPING","1790293500000"
"HISTORY","ORD001428","COMPLETED","1790297100000"
"ORDER","ORD001429","Do Bao Tran","0968046701","103020000","1790287200000","1","CANCELLED"
"ITEM","ORD001429","P611","Cap USB-C Ugreen - Mau 611","3","250000"
"ITEM","ORD001429","P547","Laptop Asus - Mau 547","4","23150000"
"ITEM","ORD001429","P079","May in Canon - Mau 079","2","2810000"
"ITEM","ORD001429","P593","USB Sandisk - Mau 593","3","530000"
"ITEM","ORD001429","P024","Tai nghe Sony - Mau 024","1","2460000"
"HISTORY","ORD001429","PENDING","1790287200000"
"HISTORY","ORD001429","PROCESSING","1790290800000"
"HISTORY","ORD001429","CANCELLED","1790294400000"
"ORDER","ORD001430","Le Dang Khoa","0955129726","24471000","1790288100000","1","CANCELLED"
"ITEM","ORD001430","P777","Ban phim gaming Corsair - Mau 777","3","2646000"
"ITEM","ORD001430","P595","O cung HDD Seagate - Mau 595","4","2277000"
"ITEM","ORD001430","P630","Sac du phong Anker - Mau 630","3","1143000"
"ITEM","ORD001430","P717","Ban phim gaming Corsair - Mau 717","2","1998000"
"HISTORY","ORD001430","PENDING","1790288100000"
"HISTORY","ORD001430","CANCELLED","1790291700000"
"ORDER","ORD001431","Hoang Quang Huy","0927369838","940000","1790289000000","2","PENDING"
"ITEM","ORD001431","P618","Microphone HyperX - Mau 618","2","470000"
"HISTORY","ORD001431","PENDING","1790289000000"
"ORDER","ORD001432","Dang Bao Tran","0952454356","23830000","1790289900000","2","PENDING"
"ITEM","ORD001432","P169","Loa Bluetooth JBL - Mau 169","4","5790000"
"ITEM","ORD001432","P601","Chuot khong day Logitech - Mau 601","1","670000"
"HISTORY","ORD001432","PENDING","1790289900000"
"ORDER","ORD001433","Pham Dinh Hai","0983346098","12640000","1790290800000","2","PROCESSING"
"ITEM","ORD001433","P609","Loa Bluetooth JBL - Mau 609","2","5150000"
"ITEM","ORD001433","P876","Chuot gaming Razer - Mau 876","1","2340000"
"HISTORY","ORD001433","PENDING","1790290800000"
"HISTORY","ORD001433","PROCESSING","1790294400000"
"ORDER","ORD001434","Dang Minh An","0914504785","2400000","1790291700000","2","PROCESSING"
"ITEM","ORD001434","P697","Ban phim gaming Corsair - Mau 697","3","800000"
"HISTORY","ORD001434","PENDING","1790291700000"
"HISTORY","ORD001434","PROCESSING","1790295300000"
"ORDER","ORD001435","Phan Dang Khoa","0916317999","5850000","1790292600000","2","SHIPPING"
"ITEM","ORD001435","P044","Tai nghe Sony - Mau 044","2","390000"
"ITEM","ORD001435","P030","Sac du phong Anker - Mau 030","3","1030000"
"ITEM","ORD001435","P615","O cung HDD Seagate - Mau 615","1","1620000"
"ITEM","ORD001435","P940","Bo chia HDMI Ugreen - Mau 940","3","120000"
"HISTORY","ORD001435","PENDING","1790292600000"
"HISTORY","ORD001435","PROCESSING","1790296200000"
"HISTORY","ORD001435","SHIPPING","1790299800000"
"ORDER","ORD001436","Huynh Huynh Khoa","0983026285","6500000","1790293500000","3","SHIPPING"
"ITEM","ORD001436","P926","RAM Kingston - Mau 926","1","2340000"
"ITEM","ORD001436","P028","Webcam Logitech - Mau 028","4","1040000"
"HISTORY","ORD001436","PENDING","1790293500000"
"HISTORY","ORD001436","PROCESSING","1790297100000"
"HISTORY","ORD001436","SHIPPING","1790300700000"
"ORDER","ORD001437","Phan Minh Duc","0928926124","240000","1790294400000","3","COMPLETED"
"ITEM","ORD001437","P533","USB Sandisk - Mau 533","3","80000"
"HISTORY","ORD001437","PENDING","1790294400000"
"HISTORY","ORD001437","PROCESSING","1790298000000"
"HISTORY","ORD001437","SHIPPING","1790301600000"
"HISTORY","ORD001437","COMPLETED","1790305200000"
"ORDER","ORD001438","Dang Minh An","0987921328","27240000","1790295300000","3","COMPLETED"
"ITEM","ORD001438","P632","Router WiFi TP-Link - Mau 632","2","810000"
"ITEM","ORD001438","P384","Tai nghe Sony - Mau 384","2","5450000"
"ITEM","ORD001438","P099","May in Canon - Mau 099","4","3680000"
"HISTORY","ORD001438","PENDING","1790295300000"
"HISTORY","ORD001438","PROCESSING","1790298900000"
"HISTORY","ORD001438","SHIPPING","1790302500000"
"HISTORY","ORD001438","COMPLETED","1790306100000"
"ORDER","ORD001439","Huynh Lan Chi","0936971727","18810000","1790296200000","3","CANCELLED"
"ITEM","ORD001439","P093","USB Sandisk - Mau 093","2","570000"
"ITEM","ORD001439","P296","Chuot gaming Razer - Mau 296","3","2170000"
"ITEM","ORD001439","P969","Loa Bluetooth JBL - Mau 969","4","2210000"
"ITEM","ORD001439","P792","Router WiFi TP-Link - Mau 792","2","1160000"
"HISTORY","ORD001439","PENDING","1790296200000"
"HISTORY","ORD001439","PROCESSING","1790299800000"
"HISTORY","ORD001439","CANCELLED","1790303400000"
"ORDER","ORD001440","Tran Dang Khoa","0968767464","4030000","1790297100000","3","CANCELLED"
"ITEM","ORD001440","P693","USB Sandisk - Mau 693","3","130000"
"ITEM","ORD001440","P429","Loa Bluetooth JBL - Mau 429","2","1820000"
"HISTORY","ORD001440","PENDING","1790297100000"
"HISTORY","ORD001440","CANCELLED","1790300700000"
"ORDER","ORD001441","Bui Minh An","0983265478","40725000","1790298000000","1","PENDING"
"ITEM","ORD001441","P666","RAM Kingston - Mau 666","1","1440000"
"ITEM","ORD001441","P067","Laptop Asus - Mau 067","3","13095000"
"HISTORY","ORD001441","PENDING","1790298000000"
"ORDER","ORD001442","Tran Ngoc Anh","0988385716","8080000","1790298900000","1","PENDING"
"ITEM","ORD001442","P715","O cung HDD Seagate - Mau 715","2","2720000"
"ITEM","ORD001442","P853","USB Sandisk - Mau 853","2","120000"
"ITEM","ORD001442","P520","Bo chia HDMI Ugreen - Mau 520","3","800000"
"HISTORY","ORD001442","PENDING","1790298900000"
"ORDER","ORD001443","Tran Lan Chi","0920794380","720000","1790299800000","1","PROCESSING"
"ITEM","ORD001443","P316","Chuot gaming Razer - Mau 316","2","360000"
"HISTORY","ORD001443","PENDING","1790299800000"
"HISTORY","ORD001443","PROCESSING","1790303400000"
"ORDER","ORD001444","Vo Thu Ha","0941966927","22420000","1790300700000","1","PROCESSING"
"ITEM","ORD001444","P822","Ban phim Keychron - Mau 822","4","1140000"
"ITEM","ORD001444","P054","Gia do laptop Baseus - Mau 054","1","240000"
"ITEM","ORD001444","P062","Ban phim Keychron - Mau 062","4","3390000"
"ITEM","ORD001444","P559","May in Canon - Mau 559","1","4060000"
"HISTORY","ORD001444","PENDING","1790300700000"
"HISTORY","ORD001444","PROCESSING","1790304300000"
"ORDER","ORD001445","Vo Thu Ha","0943438052","23860000","1790301600000","1","SHIPPING"
"ITEM","ORD001445","P224","Tai nghe Sony - Mau 224","3","2540000"
"ITEM","ORD001445","P986","RAM Kingston - Mau 986","1","1660000"
"ITEM","ORD001445","P558","Microphone HyperX - Mau 558","3","3820000"
"ITEM","ORD001445","P106","RAM Kingston - Mau 106","2","1560000"
"HISTORY","ORD001445","PENDING","1790301600000"
"HISTORY","ORD001445","PROCESSING","1790305200000"
"HISTORY","ORD001445","SHIPPING","1790308800000"
"ORDER","ORD001446","Tran Huynh Khoa","0970516375","3840000","1790302500000","2","SHIPPING"
"ITEM","ORD001446","P966","RAM Kingston - Mau 966","2","760000"
"ITEM","ORD001446","P130","Sac du phong Anker - Mau 130","1","1480000"
"ITEM","ORD001446","P461","Chuot khong day Logitech - Mau 461","2","420000"
"HISTORY","ORD001446","PENDING","1790302500000"
"HISTORY","ORD001446","PROCESSING","1790306100000"
"HISTORY","ORD001446","SHIPPING","1790309700000"
"ORDER","ORD001447","Do Thanh Nam","0910756722","29920000","1790303400000","2","COMPLETED"
"ITEM","ORD001447","P411","Cap USB-C Ugreen - Mau 411","1","400000"
"ITEM","ORD001447","P526","RAM Kingston - Mau 526","3","2570000"
"ITEM","ORD001447","P364","Tai nghe Sony - Mau 364","3","5980000"
"ITEM","ORD001447","P534","Gia do laptop Baseus - Mau 534","3","790000"
"ITEM","ORD001447","P346","RAM Kingston - Mau 346","1","1500000"
"HISTORY","ORD001447","PENDING","1790303400000"
"HISTORY","ORD001447","PROCESSING","1790307000000"
"HISTORY","ORD001447","SHIPPING","1790310600000"
"HISTORY","ORD001447","COMPLETED","1790314200000"
"ORDER","ORD001448","Pham Quang Huy","0936102315","50330000","1790304300000","2","COMPLETED"
"ITEM","ORD001448","P719","May in Canon - Mau 719","3","7970000"
"ITEM","ORD001448","P762","Ban phim Keychron - Mau 762","3","1780000"
"ITEM","ORD001448","P897","Ban phim gaming Corsair - Mau 897","2","4480000"
"ITEM","ORD001448","P662","Ban phim Keychron - Mau 662","1","2480000"
"ITEM","ORD001448","P096","Chuot gaming Razer - Mau 096","4","2410000"
"HISTORY","ORD001448","PENDING","1790304300000"
"HISTORY","ORD001448","PROCESSING","1790307900000"
"HISTORY","ORD001448","SHIPPING","1790311500000"
"HISTORY","ORD001448","COMPLETED","1790315100000"
"ORDER","ORD001449","Tran Dinh Hai","0957290955","89700000","1790305200000","2","CANCELLED"
"ITEM","ORD001449","P777","Ban phim gaming Corsair - Mau 777","1","2940000"
"ITEM","ORD001449","P247","Laptop Asus - Mau 247","4","19920000"
"ITEM","ORD001449","P937","Ban phim gaming Corsair - Mau 937","3","2310000"
"ITEM","ORD001449","P814","Gia do laptop Baseus - Mau 814","1","150000"
"HISTORY","ORD001449","PENDING","1790305200000"
"HISTORY","ORD001449","PROCESSING","1790308800000"
"HISTORY","ORD001449","CANCELLED","1790312400000"
"ORDER","ORD001450","Hoang Minh An","0919761778","340000","1790306100000","2","CANCELLED"
"ITEM","ORD001450","P193","USB Sandisk - Mau 193","2","170000"
"HISTORY","ORD001450","PENDING","1790306100000"
"HISTORY","ORD001450","CANCELLED","1790309700000"
"ORDER","ORD001451","Bui Minh An","0961804054","28320000","1790307000000","3","PENDING"
"ITEM","ORD001451","P358","Microphone HyperX - Mau 358","3","2570000"
"ITEM","ORD001451","P849","Loa Bluetooth JBL - Mau 849","3","2280000"
"ITEM","ORD001451","P518","Microphone HyperX - Mau 518","2","930000"
"ITEM","ORD001451","P139","May in Canon - Mau 139","3","3970000"
"HISTORY","ORD001451","PENDING","1790307000000"
"ORDER","ORD001452","Do Tuan Kiet","0949631410","3888000","1790307900000","3","PENDING"
"ITEM","ORD001452","P726","RAM Kingston - Mau 726","2","1944000"
"HISTORY","ORD001452","PENDING","1790307900000"
"ORDER","ORD001453","Hoang Tuan Kiet","0990886467","20540000","1790308800000","3","PROCESSING"
"ITEM","ORD001453","P790","Sac du phong Anker - Mau 790","4","1530000"
"ITEM","ORD001453","P046","RAM Kingston - Mau 046","2","890000"
"ITEM","ORD001453","P270","Sac du phong Anker - Mau 270","4","800000"
"ITEM","ORD001453","P596","Chuot gaming Razer - Mau 596","2","1090000"
"ITEM","ORD001453","P312","Router WiFi TP-Link - Mau 312","3","2420000"
"HISTORY","ORD001453","PENDING","1790308800000"
"HISTORY","ORD001453","PROCESSING","1790312400000"
"ORDER","ORD001454","Le Dang Khoa","0958939463","18040000","1790309700000","3","PROCESSING"
"ITEM","ORD001454","P838","Microphone HyperX - Mau 838","4","710000"
"ITEM","ORD001454","P721","Chuot khong day Logitech - Mau 721","2","640000"
"ITEM","ORD001454","P475","O cung HDD Seagate - Mau 475","4","2280000"
"ITEM","ORD001454","P379","May in Canon - Mau 379","2","2400000"
"HISTORY","ORD001454","PENDING","1790309700000"
"HISTORY","ORD001454","PROCESSING","1790313300000"
"ORDER","ORD001455","Tran Bao Tran","0965750199","18600000","1790310600000","3","SHIPPING"
"ITEM","ORD001455","P822","Ban phim Keychron - Mau 822","3","1140000"
"ITEM","ORD001455","P982","Ban phim Keychron - Mau 982","3","2550000"
"ITEM","ORD001455","P359","May in Canon - Mau 359","3","2510000"
"HISTORY","ORD001455","PENDING","1790310600000"
"HISTORY","ORD001455","PROCESSING","1790314200000"
"HISTORY","ORD001455","SHIPPING","1790317800000"
"ORDER","ORD001456","Hoang Lan Chi","0957170670","77500000","1790311500000","1","SHIPPING"
"ITEM","ORD001456","P998","Microphone HyperX - Mau 998","1","2380000"
"ITEM","ORD001456","P347","Laptop Asus - Mau 347","4","17040000"
"ITEM","ORD001456","P230","Sac du phong Anker - Mau 230","3","700000"
"ITEM","ORD001456","P026","RAM Kingston - Mau 026","3","1620000"
"HISTORY","ORD001456","PENDING","1790311500000"
"HISTORY","ORD001456","PROCESSING","1790315100000"
"HISTORY","ORD001456","SHIPPING","1790318700000"
"ORDER","ORD001457","Dang Bao Tran","0974465575","22120000","1790312400000","1","COMPLETED"
"ITEM","ORD001457","P876","Chuot gaming Razer - Mau 876","4","2340000"
"ITEM","ORD001457","P359","May in Canon - Mau 359","4","2510000"
"ITEM","ORD001457","P064","Tai nghe Sony - Mau 064","4","680000"
"HISTORY","ORD001457","PENDING","1790312400000"
"HISTORY","ORD001457","PROCESSING","1790316000000"
"HISTORY","ORD001457","SHIPPING","1790319600000"
"HISTORY","ORD001457","COMPLETED","1790323200000"
"ORDER","ORD001458","Huynh Huynh Khoa","0944613756","6280000","1790313300000","1","COMPLETED"
"ITEM","ORD001458","P100","Bo chia HDMI Ugreen - Mau 100","2","220000"
"ITEM","ORD001458","P688","Webcam Logitech - Mau 688","2","970000"
"ITEM","ORD001458","P249","Loa Bluetooth JBL - Mau 249","1","3900000"
"HISTORY","ORD001458","PENDING","1790313300000"
"HISTORY","ORD001458","PROCESSING","1790316900000"
"HISTORY","ORD001458","SHIPPING","1790320500000"
"HISTORY","ORD001458","COMPLETED","1790324100000"
"ORDER","ORD001459","Le Thu Ha","0957122907","19520000","1790314200000","1","CANCELLED"
"ITEM","ORD001459","P141","Chuot khong day Logitech - Mau 141","3","400000"
"ITEM","ORD001459","P717","Ban phim gaming Corsair - Mau 717","4","2220000"
"ITEM","ORD001459","P782","Ban phim Keychron - Mau 782","4","2360000"
"HISTORY","ORD001459","PENDING","1790314200000"
"HISTORY","ORD001459","PROCESSING","1790317800000"
"HISTORY","ORD001459","CANCELLED","1790321400000"
"ORDER","ORD001460","Nguyen Minh An","0962935756","20950000","1790315100000","1","CANCELLED"
"ITEM","ORD001460","P373","USB Sandisk - Mau 373","3","600000"
"ITEM","ORD001460","P458","Microphone HyperX - Mau 458","1","2290000"
"ITEM","ORD001460","P777","Ban phim gaming Corsair - Mau 777","3","2940000"
"ITEM","ORD001460","P863","Man hinh Dell - Mau 863","2","4020000"
"HISTORY","ORD001460","PENDING","1790315100000"
"HISTORY","ORD001460","CANCELLED","1790318700000"
"ORDER","ORD001461","Hoang Thanh Nam","0999105122","2340000","1790316000000","2","PENDING"
"ITEM","ORD001461","P840","Bo chia HDMI Ugreen - Mau 840","1","330000"
"ITEM","ORD001461","P796","Chuot gaming Razer - Mau 796","3","670000"
"HISTORY","ORD001461","PENDING","1790316000000"
"ORDER","ORD001462","Vu Ngoc Anh","0970860225","4360000","1790316900000","2","PENDING"
"ITEM","ORD001462","P996","Chuot gaming Razer - Mau 996","4","880000"
"ITEM","ORD001462","P921","Chuot khong day Logitech - Mau 921","1","490000"
"ITEM","ORD001462","P993","USB Sandisk - Mau 993","1","350000"
"HISTORY","ORD001462","PENDING","1790316900000"
"ORDER","ORD001463","Vu Bao Tran","0986209086","8397000","1790317800000","2","PROCESSING"
"ITEM","ORD001463","P156","Chuot gaming Razer - Mau 156","4","351000"
"ITEM","ORD001463","P655","O cung HDD Seagate - Mau 655","1","2025000"
"ITEM","ORD001463","P523","Man hinh Dell - Mau 523","1","4968000"
"HISTORY","ORD001463","PENDING","1790317800000"
"HISTORY","ORD001463","PROCESSING","1790321400000"
"ORDER","ORD001464","Bui Tuan Kiet","0983424253","9860000","1790318700000","2","PROCESSING"
"ITEM","ORD001464","P490","Sac du phong Anker - Mau 490","1","850000"
"ITEM","ORD001464","P239","May in Canon - Mau 239","1","6670000"
"ITEM","ORD001464","P942","Ban phim Keychron - Mau 942","3","780000"
"HISTORY","ORD001464","PENDING","1790318700000"
"HISTORY","ORD001464","PROCESSING","1790322300000"
"ORDER","ORD001465","Hoang Thanh Nam","0959656806","11390000","1790319600000","2","SHIPPING"
"ITEM","ORD001465","P883","Man hinh Dell - Mau 883","1","2800000"
"ITEM","ORD001465","P998","Microphone HyperX - Mau 998","1","2380000"
"ITEM","ORD001465","P723","Man hinh Dell - Mau 723","1","1890000"
"ITEM","ORD001465","P140","Bo chia HDMI Ugreen - Mau 140","3","810000"
"ITEM","ORD001465","P330","Sac du phong Anker - Mau 330","3","630000"
"HISTORY","ORD001465","PENDING","1790319600000"
"HISTORY","ORD001465","PROCESSING","1790323200000"
"HISTORY","ORD001465","SHIPPING","1790326800000"
"ORDER","ORD001466","Pham Bao Tran","0919624670","19840000","1790320500000","3","SHIPPING"
"ITEM","ORD001466","P980","Bo chia HDMI Ugreen - Mau 980","3","480000"
"ITEM","ORD001466","P859","May in Canon - Mau 859","4","3810000"
"ITEM","ORD001466","P334","Gia do laptop Baseus - Mau 334","4","790000"
"HISTORY","ORD001466","PENDING","1790320500000"
"HISTORY","ORD001466","PROCESSING","1790324100000"
"HISTORY","ORD001466","SHIPPING","1790327700000"
"ORDER","ORD001467","Bui Bao Tran","0990309744","1600000","1790321400000","3","COMPLETED"
"ITEM","ORD001467","P813","USB Sandisk - Mau 813","4","400000"
"HISTORY","ORD001467","PENDING","1790321400000"
"HISTORY","ORD001467","PROCESSING","1790325000000"
"HISTORY","ORD001467","SHIPPING","1790328600000"
"HISTORY","ORD001467","COMPLETED","1790332200000"
"ORDER","ORD001468","Le Tuan Kiet","0925779513","2370000","1790322300000","3","COMPLETED"
"ITEM","ORD001468","P634","Gia do laptop Baseus - Mau 634","2","240000"
"ITEM","ORD001468","P150","Sac du phong Anker - Mau 150","1","1890000"
"HISTORY","ORD001468","PENDING","1790322300000"
"HISTORY","ORD001468","PROCESSING","1790325900000"
"HISTORY","ORD001468","SHIPPING","1790329500000"
"HISTORY","ORD001468","COMPLETED","1790333100000"
"ORDER","ORD001469","Bui Dinh Hai","0938947924","7610000","1790323200000","3","CANCELLED"
"ITEM","ORD001469","P377","Ban phim gaming Corsair - Mau 377","1","3810000"
"ITEM","ORD001469","P929","Loa Bluetooth JBL - Mau 929","4","550000"
"ITEM","ORD001469","P113","USB Sandisk - Mau 113","4","400000"
"HISTORY","ORD001469","PENDING","1790323200000"
"HISTORY","ORD001469","PROCESSING","1790326800000"
"HISTORY","ORD001469","CANCELLED","1790330400000"
"ORDER","ORD001470","Nguyen Dinh Hai","0984586946","11430000","1790324100000","3","CANCELLED"
"ITEM","ORD001470","P800","Bo chia HDMI Ugreen - Mau 800","1","250000"
"ITEM","ORD001470","P879","May in Canon - Mau 879","3","2300000"
"ITEM","ORD001470","P434","Gia do laptop Baseus - Mau 434","1","650000"
"ITEM","ORD001470","P386","RAM Kingston - Mau 386","3","1210000"
"HISTORY","ORD001470","PENDING","1790324100000"
"HISTORY","ORD001470","CANCELLED","1790327700000"
"ORDER","ORD001471","Bui Quang Huy","0922549781","41610000","1790325000000","1","PENDING"
"ITEM","ORD001471","P166","RAM Kingston - Mau 166","4","1060000"
"ITEM","ORD001471","P882","Ban phim Keychron - Mau 882","4","3030000"
"ITEM","ORD001471","P305","SSD Samsung - Mau 305","1","3690000"
"ITEM","ORD001471","P706","RAM Kingston - Mau 706","4","2520000"
"ITEM","ORD001471","P022","Ban phim Keychron - Mau 022","4","2870000"
"HISTORY","ORD001471","PENDING","1790325000000"
"ORDER","ORD001472","Pham Thanh Nam","0973186409","3240000","1790325900000","1","PENDING"
"ITEM","ORD001472","P065","SSD Samsung - Mau 065","1","3240000"
"HISTORY","ORD001472","PENDING","1790325900000"
"ORDER","ORD001473","Le Minh Duc","0982342573","8320000","1790326800000","1","PROCESSING"
"ITEM","ORD001473","P106","RAM Kingston - Mau 106","4","1560000"
"ITEM","ORD001473","P158","Microphone HyperX - Mau 158","2","1040000"
"HISTORY","ORD001473","PENDING","1790326800000"
"HISTORY","ORD001473","PROCESSING","1790330400000"
"ORDER","ORD001474","Tran Minh Duc","0913777159","7623000","1790327700000","1","PROCESSING"
"ITEM","ORD001474","P509","Loa Bluetooth JBL - Mau 509","3","1242000"
"ITEM","ORD001474","P933","USB Sandisk - Mau 933","4","153000"
"ITEM","ORD001474","P411","Cap USB-C Ugreen - Mau 411","2","360000"
"ITEM","ORD001474","P858","Microphone HyperX - Mau 858","1","2322000"
"ITEM","ORD001474","P021","Chuot khong day Logitech - Mau 021","1","243000"
"HISTORY","ORD001474","PENDING","1790327700000"
"HISTORY","ORD001474","PROCESSING","1790331300000"
"ORDER","ORD001475","Vo Minh An","0974561185","6930000","1790328600000","1","SHIPPING"
"ITEM","ORD001475","P986","RAM Kingston - Mau 986","1","1660000"
"ITEM","ORD001475","P200","Bo chia HDMI Ugreen - Mau 200","4","700000"
"ITEM","ORD001475","P453","USB Sandisk - Mau 453","2","300000"
"ITEM","ORD001475","P916","Chuot gaming Razer - Mau 916","1","390000"
"ITEM","ORD001475","P950","Sac du phong Anker - Mau 950","2","740000"
"HISTORY","ORD001475","PENDING","1790328600000"
"HISTORY","ORD001475","PROCESSING","1790332200000"
"HISTORY","ORD001475","SHIPPING","1790335800000"
"ORDER","ORD001476","Le Quang Huy","0952784259","12670000","1790329500000","2","SHIPPING"
"ITEM","ORD001476","P469","Loa Bluetooth JBL - Mau 469","1","1800000"
"ITEM","ORD001476","P813","USB Sandisk - Mau 813","1","400000"
"ITEM","ORD001476","P829","Loa Bluetooth JBL - Mau 829","3","3490000"
"HISTORY","ORD001476","PENDING","1790329500000"
"HISTORY","ORD001476","PROCESSING","1790333100000"
"HISTORY","ORD001476","SHIPPING","1790336700000"
"ORDER","ORD001477","Le Lan Chi","0920620423","3820000","1790330400000","2","COMPLETED"
"ITEM","ORD001477","P869","Loa Bluetooth JBL - Mau 869","1","1780000"
"ITEM","ORD001477","P854","Gia do laptop Baseus - Mau 854","3","680000"
"HISTORY","ORD001477","PENDING","1790330400000"
"HISTORY","ORD001477","PROCESSING","1790334000000"
"HISTORY","ORD001477","SHIPPING","1790337600000"
"HISTORY","ORD001477","COMPLETED","1790341200000"
"ORDER","ORD001478","Phan Ngoc Anh","0941826457","4520000","1790331300000","2","COMPLETED"
"ITEM","ORD001478","P401","Chuot khong day Logitech - Mau 401","3","140000"
"ITEM","ORD001478","P614","Gia do laptop Baseus - Mau 614","3","380000"
"ITEM","ORD001478","P288","Webcam Logitech - Mau 288","2","1480000"
"HISTORY","ORD001478","PENDING","1790331300000"
"HISTORY","ORD001478","PROCESSING","1790334900000"
"HISTORY","ORD001478","SHIPPING","1790338500000"
"HISTORY","ORD001478","COMPLETED","1790342100000"
"ORDER","ORD001479","Phan Quang Huy","0934681441","137360000","1790332200000","2","CANCELLED"
"ITEM","ORD001479","P916","Chuot gaming Razer - Mau 916","1","390000"
"ITEM","ORD001479","P586","RAM Kingston - Mau 586","3","360000"
"ITEM","ORD001479","P307","Laptop Asus - Mau 307","3","23260000"
"ITEM","ORD001479","P603","Man hinh Dell - Mau 603","1","11710000"
"ITEM","ORD001479","P903","Man hinh Dell - Mau 903","4","13600000"
"HISTORY","ORD001479","PENDING","1790332200000"
"HISTORY","ORD001479","PROCESSING","1790335800000"
"HISTORY","ORD001479","CANCELLED","1790339400000"
"ORDER","ORD001480","Huynh Lan Chi","0918343692","3750000","1790333100000","2","CANCELLED"
"ITEM","ORD001480","P029","Loa Bluetooth JBL - Mau 029","3","1250000"
"HISTORY","ORD001480","PENDING","1790333100000"
"HISTORY","ORD001480","CANCELLED","1790336700000"
"ORDER","ORD001481","Dang Bao Tran","0912929481","33860000","1790334000000","3","PENDING"
"ITEM","ORD001481","P064","Tai nghe Sony - Mau 064","2","680000"
"ITEM","ORD001481","P569","Loa Bluetooth JBL - Mau 569","3","3930000"
"ITEM","ORD001481","P289","Loa Bluetooth JBL - Mau 289","2","3350000"
"ITEM","ORD001481","P281","Chuot khong day Logitech - Mau 281","1","170000"
"ITEM","ORD001481","P884","Tai nghe Sony - Mau 884","2","6920000"
"HISTORY","ORD001481","PENDING","1790334000000"
"ORDER","ORD001482","Vu Huynh Khoa","0967933642","48970000","1790334900000","3","PENDING"
"ITEM","ORD001482","P508","Webcam Logitech - Mau 508","3","1950000"
"ITEM","ORD001482","P552","Router WiFi TP-Link - Mau 552","3","1320000"
"ITEM","ORD001482","P343","Man hinh Dell - Mau 343","3","11850000"
"ITEM","ORD001482","P731","Cap USB-C Ugreen - Mau 731","4","190000"
"ITEM","ORD001482","P610","Sac du phong Anker - Mau 610","3","950000"
"HISTORY","ORD001482","PENDING","1790334900000"
"ORDER","ORD001483","Le Bao Tran","0968661908","34130000","1790335800000","3","PROCESSING"
"ITEM","ORD001483","P847","Laptop Asus - Mau 847","1","25250000"
"ITEM","ORD001483","P029","Loa Bluetooth JBL - Mau 029","1","1250000"
"ITEM","ORD001483","P878","Microphone HyperX - Mau 878","3","2010000"
"ITEM","ORD001483","P737","Ban phim gaming Corsair - Mau 737","1","1600000"
"HISTORY","ORD001483","PENDING","1790335800000"
"HISTORY","ORD001483","PROCESSING","1790339400000"
"ORDER","ORD001484","Nguyen Minh An","0952805143","18040000","1790336700000","3","PROCESSING"
"ITEM","ORD001484","P292","Router WiFi TP-Link - Mau 292","2","2120000"
"ITEM","ORD001484","P172","Router WiFi TP-Link - Mau 172","4","3450000"
"HISTORY","ORD001484","PENDING","1790336700000"
"HISTORY","ORD001484","PROCESSING","1790340300000"
"ORDER","ORD001485","Vo Ngoc Anh","0950798716","18657000","1790337600000","3","SHIPPING"
"ITEM","ORD001485","P878","Microphone HyperX - Mau 878","1","1809000"
"ITEM","ORD001485","P938","Microphone HyperX - Mau 938","4","3591000"
"ITEM","ORD001485","P509","Loa Bluetooth JBL - Mau 509","2","1242000"
"HISTORY","ORD001485","PENDING","1790337600000"
"HISTORY","ORD001485","PROCESSING","1790341200000"
"HISTORY","ORD001485","SHIPPING","1790344800000"
"ORDER","ORD001486","Phan Huynh Khoa","0923601553","10480000","1790338500000","1","SHIPPING"
"ITEM","ORD001486","P162","Ban phim Keychron - Mau 162","2","510000"
"ITEM","ORD001486","P401","Chuot khong day Logitech - Mau 401","4","140000"
"ITEM","ORD001486","P605","SSD Samsung - Mau 605","2","1170000"
"ITEM","ORD001486","P570","Sac du phong Anker - Mau 570","2","390000"
"ITEM","ORD001486","P704","Tai nghe Sony - Mau 704","1","5780000"
"HISTORY","ORD001486","PENDING","1790338500000"
"HISTORY","ORD001486","PROCESSING","1790342100000"
"HISTORY","ORD001486","SHIPPING","1790345700000"
"ORDER","ORD001487","Pham Ngoc Anh","0990564710","7600000","1790339400000","1","COMPLETED"
"ITEM","ORD001487","P390","Sac du phong Anker - Mau 390","4","1900000"
"HISTORY","ORD001487","PENDING","1790339400000"
"HISTORY","ORD001487","PROCESSING","1790343000000"
"HISTORY","ORD001487","SHIPPING","1790346600000"
"HISTORY","ORD001487","COMPLETED","1790350200000"
"ORDER","ORD001488","Huynh Minh Duc","0932694111","3240000","1790340300000","1","COMPLETED"
"ITEM","ORD001488","P756","Chuot gaming Razer - Mau 756","4","810000"
"HISTORY","ORD001488","PENDING","1790340300000"
"HISTORY","ORD001488","PROCESSING","1790343900000"
"HISTORY","ORD001488","SHIPPING","1790347500000"
"HISTORY","ORD001488","COMPLETED","1790351100000"
"ORDER","ORD001489","Le Ngoc Anh","0938062687","31320000","1790341200000","1","CANCELLED"
"ITEM","ORD001489","P887","Laptop Asus - Mau 887","2","14650000"
"ITEM","ORD001489","P461","Chuot khong day Logitech - Mau 461","1","420000"
"ITEM","ORD001489","P520","Bo chia HDMI Ugreen - Mau 520","2","800000"
"HISTORY","ORD001489","PENDING","1790341200000"
"HISTORY","ORD001489","PROCESSING","1790344800000"
"HISTORY","ORD001489","CANCELLED","1790348400000"
"ORDER","ORD001490","Vo Tuan Kiet","0989224402","43970000","1790342100000","1","CANCELLED"
"ITEM","ORD001490","P983","Man hinh Dell - Mau 983","2","10310000"
"ITEM","ORD001490","P879","May in Canon - Mau 879","4","2300000"
"ITEM","ORD001490","P945","SSD Samsung - Mau 945","3","4430000"
"ITEM","ORD001490","P791","Cap USB-C Ugreen - Mau 791","2","430000"
"HISTORY","ORD001490","PENDING","1790342100000"
"HISTORY","ORD001490","CANCELLED","1790345700000"
"ORDER","ORD001491","Hoang Dang Khoa","0972021385","37250000","1790343000000","2","PENDING"
"ITEM","ORD001491","P572","Router WiFi TP-Link - Mau 572","3","2680000"
"ITEM","ORD001491","P269","Loa Bluetooth JBL - Mau 269","4","2300000"
"ITEM","ORD001491","P335","O cung HDD Seagate - Mau 335","3","1330000"
"ITEM","ORD001491","P814","Gia do laptop Baseus - Mau 814","3","150000"
"ITEM","ORD001491","P529","Loa Bluetooth JBL - Mau 529","3","5190000"
"HISTORY","ORD001491","PENDING","1790343000000"
"ORDER","ORD001492","Phan Minh Duc","0978286018","32500000","1790343900000","2","PENDING"
"ITEM","ORD001492","P379","May in Canon - Mau 379","3","2400000"
"ITEM","ORD001492","P744","Tai nghe Sony - Mau 744","2","4440000"
"ITEM","ORD001492","P362","Ban phim Keychron - Mau 362","2","2790000"
"ITEM","ORD001492","P125","SSD Samsung - Mau 125","4","2710000"
"HISTORY","ORD001492","PENDING","1790343900000"
"ORDER","ORD001493","Dang Tuan Kiet","0968237149","46870000","1790344800000","2","PROCESSING"
"ITEM","ORD001493","P697","Ban phim gaming Corsair - Mau 697","2","800000"
"ITEM","ORD001493","P130","Sac du phong Anker - Mau 130","3","1480000"
"ITEM","ORD001493","P935","O cung HDD Seagate - Mau 935","4","940000"
"ITEM","ORD001493","P332","Router WiFi TP-Link - Mau 332","3","1540000"
"ITEM","ORD001493","P527","Laptop Asus - Mau 527","1","32450000"
"HISTORY","ORD001493","PENDING","1790344800000"
"HISTORY","ORD001493","PROCESSING","1790348400000"
"ORDER","ORD001494","Vo Bao Tran","0972445745","25680000","1790345700000","2","PROCESSING"
"ITEM","ORD001494","P648","Webcam Logitech - Mau 648","3","1560000"
"ITEM","ORD001494","P888","Webcam Logitech - Mau 888","4","1700000"
"ITEM","ORD001494","P018","Microphone HyperX - Mau 018","2","3780000"
"ITEM","ORD001494","P448","Webcam Logitech - Mau 448","4","1590000"
"ITEM","ORD001494","P911","Cap USB-C Ugreen - Mau 911","2","140000"
"HISTORY","ORD001494","PENDING","1790345700000"
"HISTORY","ORD001494","PROCESSING","1790349300000"
"ORDER","ORD001495","Vu Thanh Nam","0979053556","29240000","1790346600000","2","SHIPPING"
"ITEM","ORD001495","P479","May in Canon - Mau 479","4","5780000"
"ITEM","ORD001495","P823","Man hinh Dell - Mau 823","3","2040000"
"HISTORY","ORD001495","PENDING","1790346600000"
"HISTORY","ORD001495","PROCESSING","1790350200000"
"HISTORY","ORD001495","SHIPPING","1790353800000"
"ORDER","ORD001496","Le Minh Duc","0981393946","3699000","1790347500000","3","SHIPPING"
"ITEM","ORD001496","P004","Tai nghe Sony - Mau 004","1","3699000"
"HISTORY","ORD001496","PENDING","1790347500000"
"HISTORY","ORD001496","PROCESSING","1790351100000"
"HISTORY","ORD001496","SHIPPING","1790354700000"
"ORDER","ORD001497","Vu Dang Khoa","0925723327","71390000","1790348400000","3","COMPLETED"
"ITEM","ORD001497","P066","RAM Kingston - Mau 066","3","2220000"
"ITEM","ORD001497","P077","Ban phim gaming Corsair - Mau 077","1","4260000"
"ITEM","ORD001497","P524","Tai nghe Sony - Mau 524","3","6550000"
"ITEM","ORD001497","P491","Cap USB-C Ugreen - Mau 491","2","220000"
"ITEM","ORD001497","P667","Laptop Asus - Mau 667","2","20190000"
"HISTORY","ORD001497","PENDING","1790348400000"
"HISTORY","ORD001497","PROCESSING","1790352000000"
"HISTORY","ORD001497","SHIPPING","1790355600000"
"HISTORY","ORD001497","COMPLETED","1790359200000"
"ORDER","ORD001498","Phan Minh An","0987868742","18730000","1790349300000","3","COMPLETED"
"ITEM","ORD001498","P379","May in Canon - Mau 379","3","2400000"
"ITEM","ORD001498","P982","Ban phim Keychron - Mau 982","3","2550000"
"ITEM","ORD001498","P112","Router WiFi TP-Link - Mau 112","1","640000"
"ITEM","ORD001498","P398","Microphone HyperX - Mau 398","1","3240000"
"HISTORY","ORD001498","PENDING","1790349300000"
"HISTORY","ORD001498","PROCESSING","1790352900000"
"HISTORY","ORD001498","SHIPPING","1790356500000"
"HISTORY","ORD001498","COMPLETED","1790360100000"
"ORDER","ORD001499","Vo Ngoc Anh","0962824799","8900000","1790350200000","3","CANCELLED"
"ITEM","ORD001499","P488","Webcam Logitech - Mau 488","1","1620000"
"ITEM","ORD001499","P890","Sac du phong Anker - Mau 890","4","1780000"
"ITEM","ORD001499","P511","Cap USB-C Ugreen - Mau 511","1","160000"
"HISTORY","ORD001499","PENDING","1790350200000"
"HISTORY","ORD001499","PROCESSING","1790353800000"
"HISTORY","ORD001499","CANCELLED","1790357400000"
"ORDER","ORD001500","Bui Lan Chi","0957687854","1500000","1790351100000","3","CANCELLED"
"ITEM","ORD001500","P001","Chuot khong day Logitech M185","3","500000"
"HISTORY","ORD001500","PENDING","1790351100000"
"HISTORY","ORD001500","CANCELLED","1790354700000"
"ORDER","ORD001501","Phan Huynh Khoa","0926087435","50470000","1790352000000","1","PENDING"
"ITEM","ORD001501","P683","Man hinh Dell - Mau 683","3","13710000"
"ITEM","ORD001501","P350","Sac du phong Anker - Mau 350","3","1410000"
"ITEM","ORD001501","P184","Tai nghe Sony - Mau 184","1","4450000"
"ITEM","ORD001501","P494","Gia do laptop Baseus - Mau 494","3","220000"
"HISTORY","ORD001501","PENDING","1790352000000"
"ORDER","ORD001502","Pham Tuan Kiet","0914948692","11070000","1790352900000","1","PENDING"
"ITEM","ORD001502","P691","Cap USB-C Ugreen - Mau 691","1","190000"
"ITEM","ORD001502","P715","O cung HDD Seagate - Mau 715","4","2720000"
"HISTORY","ORD001502","PENDING","1790352900000"
"ORDER","ORD001503","Vo Dinh Hai","0941884971","2750000","1790353800000","1","PROCESSING"
"ITEM","ORD001503","P397","Ban phim gaming Corsair - Mau 397","1","1710000"
"ITEM","ORD001503","P990","Sac du phong Anker - Mau 990","4","260000"
"HISTORY","ORD001503","PENDING","1790353800000"
"HISTORY","ORD001503","PROCESSING","1790357400000"
"ORDER","ORD001504","Bui Tuan Kiet","0931917386","74210000","1790354700000","1","PROCESSING"
"ITEM","ORD001504","P288","Webcam Logitech - Mau 288","2","1480000"
"ITEM","ORD001504","P347","Laptop Asus - Mau 347","4","17040000"
"ITEM","ORD001504","P341","Chuot khong day Logitech - Mau 341","3","440000"
"ITEM","ORD001504","P313","USB Sandisk - Mau 313","3","590000"
"HISTORY","ORD001504","PENDING","1790354700000"
"HISTORY","ORD001504","PROCESSING","1790358300000"
"ORDER","ORD001505","Vo Ngoc Anh","0939988666","19260000","1790355600000","1","SHIPPING"
"ITEM","ORD001505","P876","Chuot gaming Razer - Mau 876","3","2340000"
"ITEM","ORD001505","P129","Loa Bluetooth JBL - Mau 129","3","4080000"
"HISTORY","ORD001505","PENDING","1790355600000"
"HISTORY","ORD001505","PROCESSING","1790359200000"
"HISTORY","ORD001505","SHIPPING","1790362800000"
"ORDER","ORD001506","Nguyen Bao Tran","0921677502","1880000","1790356500000","2","SHIPPING"
"ITEM","ORD001506","P442","Ban phim Keychron - Mau 442","4","470000"
"HISTORY","ORD001506","PENDING","1790356500000"
"HISTORY","ORD001506","PROCESSING","1790360100000"
"HISTORY","ORD001506","SHIPPING","1790363700000"
"ORDER","ORD001507","Tran Minh Duc","0935761216","68724000","1790357400000","2","COMPLETED"
"ITEM","ORD001507","P692","Router WiFi TP-Link - Mau 692","2","2916000"
"ITEM","ORD001507","P592","Router WiFi TP-Link - Mau 592","3","2358000"
"ITEM","ORD001507","P483","Man hinh Dell - Mau 483","4","9486000"
"ITEM","ORD001507","P957","Ban phim gaming Corsair - Mau 957","3","540000"
"ITEM","ORD001507","P804","Tai nghe Sony - Mau 804","3","5418000"
"HISTORY","ORD001507","PENDING","1790357400000"
"HISTORY","ORD001507","PROCESSING","1790361000000"
"HISTORY","ORD001507","SHIPPING","1790364600000"
"HISTORY","ORD001507","COMPLETED","1790368200000"
"ORDER","ORD001508","Bui Dinh Hai","0939917942","22540000","1790358300000","2","COMPLETED"
"ITEM","ORD001508","P271","Cap USB-C Ugreen - Mau 271","4","440000"
"ITEM","ORD001508","P363","Man hinh Dell - Mau 363","2","10390000"
"HISTORY","ORD001508","PENDING","1790358300000"
"HISTORY","ORD001508","PROCESSING","1790361900000"
"HISTORY","ORD001508","SHIPPING","1790365500000"
"HISTORY","ORD001508","COMPLETED","1790369100000"
"ORDER","ORD001509","Hoang Huynh Khoa","0968413291","52250000","1790359200000","2","CANCELLED"
"ITEM","ORD001509","P943","Man hinh Dell - Mau 943","4","11780000"
"ITEM","ORD001509","P397","Ban phim gaming Corsair - Mau 397","3","1710000"
"HISTORY","ORD001509","PENDING","1790359200000"
"HISTORY","ORD001509","PROCESSING","1790362800000"
"HISTORY","ORD001509","CANCELLED","1790366400000"
"ORDER","ORD001510","Phan Thu Ha","0962296329","780000","1790360100000","2","CANCELLED"
"ITEM","ORD001510","P916","Chuot gaming Razer - Mau 916","2","390000"
"HISTORY","ORD001510","PENDING","1790360100000"
"HISTORY","ORD001510","CANCELLED","1790363700000"
"ORDER","ORD001511","Do Bao Tran","0926698140","103540000","1790361000000","3","PENDING"
"ITEM","ORD001511","P095","O cung HDD Seagate - Mau 095","3","1090000"
"ITEM","ORD001511","P967","Laptop Asus - Mau 967","3","30150000"
"ITEM","ORD001511","P102","Ban phim Keychron - Mau 102","3","2680000"
"ITEM","ORD001511","P712","Router WiFi TP-Link - Mau 712","2","890000"
"HISTORY","ORD001511","PENDING","1790361000000"
"ORDER","ORD001512","Hoang Bao Tran","0914640117","1450000","1790361900000","3","PENDING"
"ITEM","ORD001512","P440","Bo chia HDMI Ugreen - Mau 440","4","290000"
"ITEM","ORD001512","P590","Sac du phong Anker - Mau 590","1","290000"
"HISTORY","ORD001512","PENDING","1790361900000"
"ORDER","ORD001513","Vu Tuan Kiet","0948820870","51770000","1790362800000","3","PROCESSING"
"ITEM","ORD001513","P465","SSD Samsung - Mau 465","4","4210000"
"ITEM","ORD001513","P957","Ban phim gaming Corsair - Mau 957","2","600000"
"ITEM","ORD001513","P817","Ban phim gaming Corsair - Mau 817","2","2930000"
"ITEM","ORD001513","P201","Chuot khong day Logitech - Mau 201","4","760000"
"ITEM","ORD001513","P947","Laptop Asus - Mau 947","1","24830000"
"HISTORY","ORD001513","PENDING","1790362800000"
"HISTORY","ORD001513","PROCESSING","1790366400000"
"ORDER","ORD001514","Nguyen Thanh Nam","0975749458","26090000","1790363700000","3","PROCESSING"
"ITEM","ORD001514","P742","Ban phim Keychron - Mau 742","2","2820000"
"ITEM","ORD001514","P784","Tai nghe Sony - Mau 784","3","5780000"
"ITEM","ORD001514","P792","Router WiFi TP-Link - Mau 792","1","1160000"
"ITEM","ORD001514","P978","Microphone HyperX - Mau 978","1","1950000"
"HISTORY","ORD001514","PENDING","1790363700000"
"HISTORY","ORD001514","PROCESSING","1790367300000"
"ORDER","ORD001515","Phan Huynh Khoa","0974451480","7000000","1790364600000","3","SHIPPING"
"ITEM","ORD001515","P654","Gia do laptop Baseus - Mau 654","4","490000"
"ITEM","ORD001515","P515","O cung HDD Seagate - Mau 515","4","1260000"
"HISTORY","ORD001515","PENDING","1790364600000"
"HISTORY","ORD001515","PROCESSING","1790368200000"
"HISTORY","ORD001515","SHIPPING","1790371800000"
"ORDER","ORD001516","Bui Thu Ha","0910125679","14380000","1790365500000","1","SHIPPING"
"ITEM","ORD001516","P341","Chuot khong day Logitech - Mau 341","4","440000"
"ITEM","ORD001516","P330","Sac du phong Anker - Mau 330","4","630000"
"ITEM","ORD001516","P590","Sac du phong Anker - Mau 590","2","290000"
"ITEM","ORD001516","P426","RAM Kingston - Mau 426","4","1880000"
"ITEM","ORD001516","P045","SSD Samsung - Mau 045","4","500000"
"HISTORY","ORD001516","PENDING","1790365500000"
"HISTORY","ORD001516","PROCESSING","1790369100000"
"HISTORY","ORD001516","SHIPPING","1790372700000"
"ORDER","ORD001517","Bui Tuan Kiet","0933549048","1740000","1790366400000","1","COMPLETED"
"ITEM","ORD001517","P866","RAM Kingston - Mau 866","3","580000"
"HISTORY","ORD001517","PENDING","1790366400000"
"HISTORY","ORD001517","PROCESSING","1790370000000"
"HISTORY","ORD001517","SHIPPING","1790373600000"
"HISTORY","ORD001517","COMPLETED","1790377200000"
"ORDER","ORD001518","Dang Lan Chi","0910809377","27216000","1790367300000","1","COMPLETED"
"ITEM","ORD001518","P171","Cap USB-C Ugreen - Mau 171","1","369000"
"ITEM","ORD001518","P284","Tai nghe Sony - Mau 284","3","5148000"
"ITEM","ORD001518","P789","Loa Bluetooth JBL - Mau 789","3","801000"
"ITEM","ORD001518","P222","Ban phim Keychron - Mau 222","4","2250000"
"HISTORY","ORD001518","PENDING","1790367300000"
"HISTORY","ORD001518","PROCESSING","1790370900000"
"HISTORY","ORD001518","SHIPPING","1790374500000"
"HISTORY","ORD001518","COMPLETED","1790378100000"
"ORDER","ORD001519","Vu Ngoc Anh","0953987832","29800000","1790368200000","1","CANCELLED"
"ITEM","ORD001519","P475","O cung HDD Seagate - Mau 475","3","2280000"
"ITEM","ORD001519","P925","SSD Samsung - Mau 925","4","3080000"
"ITEM","ORD001519","P508","Webcam Logitech - Mau 508","4","1950000"
"ITEM","ORD001519","P408","Webcam Logitech - Mau 408","4","710000"
"HISTORY","ORD001519","PENDING","1790368200000"
"HISTORY","ORD001519","PROCESSING","1790371800000"
"HISTORY","ORD001519","CANCELLED","1790375400000"
"ORDER","ORD001520","Le Ngoc Anh","0915878785","2450000","1790369100000","1","CANCELLED"
"ITEM","ORD001520","P400","Bo chia HDMI Ugreen - Mau 400","3","560000"
"ITEM","ORD001520","P406","RAM Kingston - Mau 406","1","770000"
"HISTORY","ORD001520","PENDING","1790369100000"
"HISTORY","ORD001520","CANCELLED","1790372700000"
"ORDER","ORD001521","Do Minh Duc","0974385629","17030000","1790370000000","2","PENDING"
"ITEM","ORD001521","P541","Chuot khong day Logitech - Mau 541","2","120000"
"ITEM","ORD001521","P957","Ban phim gaming Corsair - Mau 957","2","600000"
"ITEM","ORD001521","P115","O cung HDD Seagate - Mau 115","3","2600000"
"ITEM","ORD001521","P248","Webcam Logitech - Mau 248","1","1070000"
"ITEM","ORD001521","P418","Microphone HyperX - Mau 418","4","1680000"
"HISTORY","ORD001521","PENDING","1790370000000"
"ORDER","ORD001522","Nguyen Quang Huy","0973040392","900000","1790370900000","2","PENDING"
"ITEM","ORD001522","P551","Cap USB-C Ugreen - Mau 551","2","450000"
"HISTORY","ORD001522","PENDING","1790370900000"
"ORDER","ORD001523","Nguyen Quang Huy","0996008063","4370000","1790371800000","2","PROCESSING"
"ITEM","ORD001523","P333","USB Sandisk - Mau 333","1","620000"
"ITEM","ORD001523","P540","Bo chia HDMI Ugreen - Mau 540","4","810000"
"ITEM","ORD001523","P841","Chuot khong day Logitech - Mau 841","1","510000"
"HISTORY","ORD001523","PENDING","1790371800000"
"HISTORY","ORD001523","PROCESSING","1790375400000"
"ORDER","ORD001524","Do Thanh Nam","0918587040","39950000","1790372700000","2","PROCESSING"
"ITEM","ORD001524","P383","Man hinh Dell - Mau 383","3","8900000"
"ITEM","ORD001524","P825","SSD Samsung - Mau 825","3","1850000"
"ITEM","ORD001524","P975","O cung HDD Seagate - Mau 975","4","1290000"
"ITEM","ORD001524","P224","Tai nghe Sony - Mau 224","1","2540000"
"HISTORY","ORD001524","PENDING","1790372700000"
"HISTORY","ORD001524","PROCESSING","1790376300000"
"ORDER","ORD001525","Bui Dinh Hai","0941560502","32920000","1790373600000","2","SHIPPING"
"ITEM","ORD001525","P366","RAM Kingston - Mau 366","4","2320000"
"ITEM","ORD001525","P283","Man hinh Dell - Mau 283","2","9220000"
"ITEM","ORD001525","P964","Tai nghe Sony - Mau 964","1","4070000"
"ITEM","ORD001525","P653","USB Sandisk - Mau 653","1","570000"
"ITEM","ORD001525","P513","USB Sandisk - Mau 513","2","280000"
"HISTORY","ORD001525","PENDING","1790373600000"
"HISTORY","ORD001525","PROCESSING","1790377200000"
"HISTORY","ORD001525","SHIPPING","1790380800000"
"ORDER","ORD001526","Huynh Thu Ha","0935085946","5710000","1790374500000","3","SHIPPING"
"ITEM","ORD001526","P970","Sac du phong Anker - Mau 970","3","1340000"
"ITEM","ORD001526","P601","Chuot khong day Logitech - Mau 601","1","670000"
"ITEM","ORD001526","P014","Gia do laptop Baseus - Mau 014","3","340000"
"HISTORY","ORD001526","PENDING","1790374500000"
"HISTORY","ORD001526","PROCESSING","1790378100000"
"HISTORY","ORD001526","SHIPPING","1790381700000"
"ORDER","ORD001527","Tran Lan Chi","0948965466","960000","1790375400000","3","COMPLETED"
"ITEM","ORD001527","P353","USB Sandisk - Mau 353","3","320000"
"HISTORY","ORD001527","PENDING","1790375400000"
"HISTORY","ORD001527","PROCESSING","1790379000000"
"HISTORY","ORD001527","SHIPPING","1790382600000"
"HISTORY","ORD001527","COMPLETED","1790386200000"
"ORDER","ORD001528","Huynh Dang Khoa","0919899599","320000","1790376300000","3","COMPLETED"
"ITEM","ORD001528","P340","Bo chia HDMI Ugreen - Mau 340","1","320000"
"HISTORY","ORD001528","PENDING","1790376300000"
"HISTORY","ORD001528","PROCESSING","1790379900000"
"HISTORY","ORD001528","SHIPPING","1790383500000"
"HISTORY","ORD001528","COMPLETED","1790387100000"
"ORDER","ORD001529","Hoang Bao Tran","0912518853","26280000","1790377200000","3","CANCELLED"
"ITEM","ORD001529","P694","Gia do laptop Baseus - Mau 694","3","720000"
"ITEM","ORD001529","P079","May in Canon - Mau 079","3","2529000"
"ITEM","ORD001529","P169","Loa Bluetooth JBL - Mau 169","3","5211000"
"ITEM","ORD001529","P617","Ban phim gaming Corsair - Mau 617","2","450000"
"HISTORY","ORD001529","PENDING","1790377200000"
"HISTORY","ORD001529","PROCESSING","1790380800000"
"HISTORY","ORD001529","CANCELLED","1790384400000"
"ORDER","ORD001530","Hoang Dinh Hai","0998484575","2130000","1790378100000","3","CANCELLED"
"ITEM","ORD001530","P335","O cung HDD Seagate - Mau 335","1","1330000"
"ITEM","ORD001530","P581","Chuot khong day Logitech - Mau 581","2","190000"
"ITEM","ORD001530","P291","Cap USB-C Ugreen - Mau 291","3","140000"
"HISTORY","ORD001530","PENDING","1790378100000"
"HISTORY","ORD001530","CANCELLED","1790381700000"
"ORDER","ORD001531","Vo Dinh Hai","0969683219","3090000","1790379000000","1","PENDING"
"ITEM","ORD001531","P921","Chuot khong day Logitech - Mau 921","1","490000"
"ITEM","ORD001531","P115","O cung HDD Seagate - Mau 115","1","2600000"
"HISTORY","ORD001531","PENDING","1790379000000"
"ORDER","ORD001532","Hoang Dang Khoa","0995391688","1640000","1790379900000","1","PENDING"
"ITEM","ORD001532","P450","Sac du phong Anker - Mau 450","1","260000"
"ITEM","ORD001532","P864","Tai nghe Sony - Mau 864","3","460000"
"HISTORY","ORD001532","PENDING","1790379900000"
"ORDER","ORD001533","Hoang Dinh Hai","0948383222","8320000","1790380800000","1","PROCESSING"
"ITEM","ORD001533","P462","Ban phim Keychron - Mau 462","4","1630000"
"ITEM","ORD001533","P957","Ban phim gaming Corsair - Mau 957","3","600000"
"HISTORY","ORD001533","PENDING","1790380800000"
"HISTORY","ORD001533","PROCESSING","1790384400000"
"ORDER","ORD001534","Hoang Dinh Hai","0946154892","80840000","1790381700000","1","PROCESSING"
"ITEM","ORD001534","P627","Laptop Asus - Mau 627","4","20210000"
"HISTORY","ORD001534","PENDING","1790381700000"
"HISTORY","ORD001534","PROCESSING","1790385300000"
"ORDER","ORD001535","Vo Thanh Nam","0996646802","12340000","1790382600000","1","SHIPPING"
"ITEM","ORD001535","P614","Gia do laptop Baseus - Mau 614","1","380000"
"ITEM","ORD001535","P364","Tai nghe Sony - Mau 364","2","5980000"
"HISTORY","ORD001535","PENDING","1790382600000"
"HISTORY","ORD001535","PROCESSING","1790386200000"
"HISTORY","ORD001535","SHIPPING","1790389800000"
"ORDER","ORD001536","Do Huynh Khoa","0965092795","27480000","1790383500000","2","SHIPPING"
"ITEM","ORD001536","P372","Router WiFi TP-Link - Mau 372","3","2980000"
"ITEM","ORD001536","P897","Ban phim gaming Corsair - Mau 897","3","4480000"
"ITEM","ORD001536","P290","Sac du phong Anker - Mau 290","2","1910000"
"ITEM","ORD001536","P794","Gia do laptop Baseus - Mau 794","2","640000"
"HISTORY","ORD001536","PENDING","1790383500000"
"HISTORY","ORD001536","PROCESSING","1790387100000"
"HISTORY","ORD001536","SHIPPING","1790390700000"
"ORDER","ORD001537","Pham Dinh Hai","0971696318","28190000","1790384400000","2","COMPLETED"
"ITEM","ORD001537","P091","Cap USB-C Ugreen - Mau 091","1","70000"
"ITEM","ORD001537","P850","Sac du phong Anker - Mau 850","2","620000"
"ITEM","ORD001537","P771","Cap USB-C Ugreen - Mau 771","1","300000"
"ITEM","ORD001537","P539","May in Canon - Mau 539","3","8330000"
"ITEM","ORD001537","P134","Gia do laptop Baseus - Mau 134","3","530000"
"HISTORY","ORD001537","PENDING","1790384400000"
"HISTORY","ORD001537","PROCESSING","1790388000000"
"HISTORY","ORD001537","SHIPPING","1790391600000"
"HISTORY","ORD001537","COMPLETED","1790395200000"
"ORDER","ORD001538","Pham Thanh Nam","0910228156","20110000","1790385300000","2","COMPLETED"
"ITEM","ORD001538","P150","Sac du phong Anker - Mau 150","4","1890000"
"ITEM","ORD001538","P011","Cap USB-C Ugreen - Mau 011","1","70000"
"ITEM","ORD001538","P691","Cap USB-C Ugreen - Mau 691","3","190000"
"ITEM","ORD001538","P139","May in Canon - Mau 139","3","3970000"
"HISTORY","ORD001538","PENDING","1790385300000"
"HISTORY","ORD001538","PROCESSING","1790388900000"
"HISTORY","ORD001538","SHIPPING","1790392500000"
"HISTORY","ORD001538","COMPLETED","1790396100000"
"ORDER","ORD001539","Huynh Thu Ha","0936619311","2380000","1790386200000","2","CANCELLED"
"ITEM","ORD001539","P650","Sac du phong Anker - Mau 650","2","1190000"
"HISTORY","ORD001539","PENDING","1790386200000"
"HISTORY","ORD001539","PROCESSING","1790389800000"
"HISTORY","ORD001539","CANCELLED","1790393400000"
"ORDER","ORD001540","Tran Minh Duc","0940378778","1764000","1790387100000","2","CANCELLED"
"ITEM","ORD001540","P934","Gia do laptop Baseus - Mau 934","4","441000"
"HISTORY","ORD001540","PENDING","1790387100000"
"HISTORY","ORD001540","CANCELLED","1790390700000"
"ORDER","ORD001541","Do Tuan Kiet","0992838282","2960000","1790388000000","3","PENDING"
"ITEM","ORD001541","P420","Bo chia HDMI Ugreen - Mau 420","4","740000"
"HISTORY","ORD001541","PENDING","1790388000000"
"ORDER","ORD001542","Pham Lan Chi","0931628472","3550000","1790388900000","3","PENDING"
"ITEM","ORD001542","P525","SSD Samsung - Mau 525","1","3550000"
"HISTORY","ORD001542","PENDING","1790388900000"
"ORDER","ORD001543","Le Quang Huy","0958533385","5180000","1790389800000","3","PROCESSING"
"ITEM","ORD001543","P261","Chuot khong day Logitech - Mau 261","4","850000"
"ITEM","ORD001543","P394","Gia do laptop Baseus - Mau 394","1","120000"
"ITEM","ORD001543","P452","Router WiFi TP-Link - Mau 452","1","1660000"
"HISTORY","ORD001543","PENDING","1790389800000"
"HISTORY","ORD001543","PROCESSING","1790393400000"
"ORDER","ORD001544","Dang Dang Khoa","0915189928","3750000","1790390700000","3","PROCESSING"
"ITEM","ORD001544","P029","Loa Bluetooth JBL - Mau 029","3","1250000"
"HISTORY","ORD001544","PENDING","1790390700000"
"HISTORY","ORD001544","PROCESSING","1790394300000"
"ORDER","ORD001545","Dang Dinh Hai","0916432453","7140000","1790391600000","3","SHIPPING"
"ITEM","ORD001545","P724","Tai nghe Sony - Mau 724","2","3570000"
"HISTORY","ORD001545","PENDING","1790391600000"
"HISTORY","ORD001545","PROCESSING","1790395200000"
"HISTORY","ORD001545","SHIPPING","1790398800000"
"ORDER","ORD001546","Vo Minh Duc","0936200692","106110000","1790392500000","1","SHIPPING"
"ITEM","ORD001546","P437","Ban phim gaming Corsair - Mau 437","3","1350000"
"ITEM","ORD001546","P947","Laptop Asus - Mau 947","4","24830000"
"ITEM","ORD001546","P482","Ban phim Keychron - Mau 482","1","2740000"
"HISTORY","ORD001546","PENDING","1790392500000"
"HISTORY","ORD001546","PROCESSING","1790396100000"
"HISTORY","ORD001546","SHIPPING","1790399700000"
"ORDER","ORD001547","Vu Ngoc Anh","0937082601","9800000","1790393400000","1","COMPLETED"
"ITEM","ORD001547","P054","Gia do laptop Baseus - Mau 054","2","240000"
"ITEM","ORD001547","P868","Webcam Logitech - Mau 868","4","2330000"
"HISTORY","ORD001547","PENDING","1790393400000"
"HISTORY","ORD001547","PROCESSING","1790397000000"
"HISTORY","ORD001547","SHIPPING","1790400600000"
"HISTORY","ORD001547","COMPLETED","1790404200000"
"ORDER","ORD001548","Dang Quang Huy","0973796272","1950000","1790394300000","1","COMPLETED"
"ITEM","ORD001548","P508","Webcam Logitech - Mau 508","1","1950000"
"HISTORY","ORD001548","PENDING","1790394300000"
"HISTORY","ORD001548","PROCESSING","1790397900000"
"HISTORY","ORD001548","SHIPPING","1790401500000"
"HISTORY","ORD001548","COMPLETED","1790405100000"
"ORDER","ORD001549","Pham Tuan Kiet","0942375881","1500000","1790395200000","1","CANCELLED"
"ITEM","ORD001549","P277","Ban phim gaming Corsair - Mau 277","3","500000"
"HISTORY","ORD001549","PENDING","1790395200000"
"HISTORY","ORD001549","PROCESSING","1790398800000"
"HISTORY","ORD001549","CANCELLED","1790402400000"
"ORDER","ORD001550","Hoang Dang Khoa","0919211687","11240000","1790396100000","1","CANCELLED"
"ITEM","ORD001550","P051","Cap USB-C Ugreen - Mau 051","3","330000"
"ITEM","ORD001550","P682","Ban phim Keychron - Mau 682","4","1680000"
"ITEM","ORD001550","P621","Chuot khong day Logitech - Mau 621","3","810000"
"ITEM","ORD001550","P221","Chuot khong day Logitech - Mau 221","2","550000"
"HISTORY","ORD001550","PENDING","1790396100000"
"HISTORY","ORD001550","CANCELLED","1790399700000"
"ORDER","ORD001551","Phan Huynh Khoa","0913831774","34704000","1790397000000","2","PENDING"
"ITEM","ORD001551","P601","Chuot khong day Logitech - Mau 601","4","603000"
"ITEM","ORD001551","P240","Bo chia HDMI Ugreen - Mau 240","4","756000"
"ITEM","ORD001551","P283","Man hinh Dell - Mau 283","3","8298000"
"ITEM","ORD001551","P570","Sac du phong Anker - Mau 570","2","351000"
"ITEM","ORD001551","P129","Loa Bluetooth JBL - Mau 129","1","3672000"
"HISTORY","ORD001551","PENDING","1790397000000"
"ORDER","ORD001552","Vu Dinh Hai","0913352010","42560000","1790397900000","2","PENDING"
"ITEM","ORD001552","P273","USB Sandisk - Mau 273","1","510000"
"ITEM","ORD001552","P983","Man hinh Dell - Mau 983","4","10310000"
"ITEM","ORD001552","P632","Router WiFi TP-Link - Mau 632","1","810000"
"HISTORY","ORD001552","PENDING","1790397900000"
"ORDER","ORD001553","Phan Huynh Khoa","0934477209","14070000","1790398800000","2","PROCESSING"
"ITEM","ORD001553","P049","Loa Bluetooth JBL - Mau 049","3","1730000"
"ITEM","ORD001553","P066","RAM Kingston - Mau 066","4","2220000"
"HISTORY","ORD001553","PENDING","1790398800000"
"HISTORY","ORD001553","PROCESSING","1790402400000"
"ORDER","ORD001554","Do Lan Chi","0986829038","22210000","1790399700000","2","PROCESSING"
"ITEM","ORD001554","P445","SSD Samsung - Mau 445","1","4280000"
"ITEM","ORD001554","P150","Sac du phong Anker - Mau 150","1","1890000"
"ITEM","ORD001554","P095","O cung HDD Seagate - Mau 095","1","1090000"
"ITEM","ORD001554","P123","Man hinh Dell - Mau 123","1","14950000"
"HISTORY","ORD001554","PENDING","1790399700000"
"HISTORY","ORD001554","PROCESSING","1790403300000"
"ORDER","ORD001555","Nguyen Thu Ha","0954970573","12170000","1790400600000","2","SHIPPING"
"ITEM","ORD001555","P198","Microphone HyperX - Mau 198","3","3480000"
"ITEM","ORD001555","P055","O cung HDD Seagate - Mau 055","1","1730000"
"HISTORY","ORD001555","PENDING","1790400600000"
"HISTORY","ORD001555","PROCESSING","1790404200000"
"HISTORY","ORD001555","SHIPPING","1790407800000"
"ORDER","ORD001556","Dang Quang Huy","0985376058","7710000","1790401500000","3","SHIPPING"
"ITEM","ORD001556","P358","Microphone HyperX - Mau 358","3","2570000"
"HISTORY","ORD001556","PENDING","1790401500000"
"HISTORY","ORD001556","PROCESSING","1790405100000"
"HISTORY","ORD001556","SHIPPING","1790408700000"
"ORDER","ORD001557","Phan Dinh Hai","0937194086","11840000","1790402400000","3","COMPLETED"
"ITEM","ORD001557","P405","SSD Samsung - Mau 405","3","3090000"
"ITEM","ORD001557","P358","Microphone HyperX - Mau 358","1","2570000"
"HISTORY","ORD001557","PENDING","1790402400000"
"HISTORY","ORD001557","PROCESSING","1790406000000"
"HISTORY","ORD001557","SHIPPING","1790409600000"
"HISTORY","ORD001557","COMPLETED","1790413200000"
"ORDER","ORD001558","Hoang Ngoc Anh","0971751146","26650000","1790403300000","3","COMPLETED"
"ITEM","ORD001558","P464","Tai nghe Sony - Mau 464","2","1500000"
"ITEM","ORD001558","P383","Man hinh Dell - Mau 383","2","8900000"
"ITEM","ORD001558","P215","O cung HDD Seagate - Mau 215","3","1950000"
"HISTORY","ORD001558","PENDING","1790403300000"
"HISTORY","ORD001558","PROCESSING","1790406900000"
"HISTORY","ORD001558","SHIPPING","1790410500000"
"HISTORY","ORD001558","COMPLETED","1790414100000"
"ORDER","ORD001559","Tran Dinh Hai","0973207900","42180000","1790404200000","3","CANCELLED"
"ITEM","ORD001559","P689","Loa Bluetooth JBL - Mau 689","4","5060000"
"ITEM","ORD001559","P199","May in Canon - Mau 199","3","4280000"
"ITEM","ORD001559","P275","O cung HDD Seagate - Mau 275","2","980000"
"ITEM","ORD001559","P336","Chuot gaming Razer - Mau 336","3","380000"
"ITEM","ORD001559","P456","Chuot gaming Razer - Mau 456","3","2000000"
"HISTORY","ORD001559","PENDING","1790404200000"
"HISTORY","ORD001559","PROCESSING","1790407800000"
"HISTORY","ORD001559","CANCELLED","1790411400000"
"ORDER","ORD001560","Nguyen Bao Tran","0997007237","4510000","1790405100000","3","CANCELLED"
"ITEM","ORD001560","P866","RAM Kingston - Mau 866","4","580000"
"ITEM","ORD001560","P865","SSD Samsung - Mau 865","1","2190000"
"HISTORY","ORD001560","PENDING","1790405100000"
"HISTORY","ORD001560","CANCELLED","1790408700000"
"ORDER","ORD001561","Vu Ngoc Anh","0971808577","26020000","1790406000000","1","PENDING"
"ITEM","ORD001561","P774","Gia do laptop Baseus - Mau 774","4","110000"
"ITEM","ORD001561","P126","RAM Kingston - Mau 126","1","2300000"
"ITEM","ORD001561","P264","Tai nghe Sony - Mau 264","4","5820000"
"HISTORY","ORD001561","PENDING","1790406000000"
"ORDER","ORD001562","Dang Quang Huy","0994804273","756000","1790406900000","1","PENDING"
"ITEM","ORD001562","P121","Chuot khong day Logitech - Mau 121","4","189000"
"HISTORY","ORD001562","PENDING","1790406900000"
"ORDER","ORD001563","Vo Minh Duc","0937093571","107260000","1790407800000","1","PROCESSING"
"ITEM","ORD001563","P647","Laptop Asus - Mau 647","4","26570000"
"ITEM","ORD001563","P060","Bo chia HDMI Ugreen - Mau 060","2","490000"
"HISTORY","ORD001563","PENDING","1790407800000"
"HISTORY","ORD001563","PROCESSING","1790411400000"
"ORDER","ORD001564","Phan Tuan Kiet","0996887187","2520000","1790408700000","1","PROCESSING"
"ITEM","ORD001564","P438","Microphone HyperX - Mau 438","1","2520000"
"HISTORY","ORD001564","PENDING","1790408700000"
"HISTORY","ORD001564","PROCESSING","1790412300000"
"ORDER","ORD001565","Pham Tuan Kiet","0963199271","14120000","1790409600000","1","SHIPPING"
"ITEM","ORD001565","P006","RAM Kingston - Mau 006","4","2370000"
"ITEM","ORD001565","P160","Bo chia HDMI Ugreen - Mau 160","4","680000"
"ITEM","ORD001565","P754","Gia do laptop Baseus - Mau 754","2","740000"
"ITEM","ORD001565","P341","Chuot khong day Logitech - Mau 341","1","440000"
"HISTORY","ORD001565","PENDING","1790409600000"
"HISTORY","ORD001565","PROCESSING","1790413200000"
"HISTORY","ORD001565","SHIPPING","1790416800000"
"ORDER","ORD001566","Vu Bao Tran","0912082953","8830000","1790410500000","2","SHIPPING"
"ITEM","ORD001566","P008","Webcam Logitech - Mau 008","2","1630000"
"ITEM","ORD001566","P220","Bo chia HDMI Ugreen - Mau 220","3","490000"
"ITEM","ORD001566","P610","Sac du phong Anker - Mau 610","4","950000"
"ITEM","ORD001566","P771","Cap USB-C Ugreen - Mau 771","1","300000"
"HISTORY","ORD001566","PENDING","1790410500000"
"HISTORY","ORD001566","PROCESSING","1790414100000"
"HISTORY","ORD001566","SHIPPING","1790417700000"
"ORDER","ORD001567","Pham Quang Huy","0951009850","18790000","1790411400000","2","COMPLETED"
"ITEM","ORD001567","P893","USB Sandisk - Mau 893","1","210000"
"ITEM","ORD001567","P677","Ban phim gaming Corsair - Mau 677","3","2400000"
"ITEM","ORD001567","P192","Router WiFi TP-Link - Mau 192","3","2770000"
"ITEM","ORD001567","P218","Microphone HyperX - Mau 218","1","1430000"
"ITEM","ORD001567","P020","Bo chia HDMI Ugreen - Mau 020","4","410000"
"HISTORY","ORD001567","PENDING","1790411400000"
"HISTORY","ORD001567","PROCESSING","1790415000000"
"HISTORY","ORD001567","SHIPPING","1790418600000"
"HISTORY","ORD001567","COMPLETED","1790422200000"
"ORDER","ORD001568","Hoang Dang Khoa","0914227654","1960000","1790412300000","2","COMPLETED"
"ITEM","ORD001568","P275","O cung HDD Seagate - Mau 275","2","980000"
"HISTORY","ORD001568","PENDING","1790412300000"
"HISTORY","ORD001568","PROCESSING","1790415900000"
"HISTORY","ORD001568","SHIPPING","1790419500000"
"HISTORY","ORD001568","COMPLETED","1790423100000"
"ORDER","ORD001569","Nguyen Minh Duc","0942216736","6980000","1790413200000","2","CANCELLED"
"ITEM","ORD001569","P789","Loa Bluetooth JBL - Mau 789","3","890000"
"ITEM","ORD001569","P496","Chuot gaming Razer - Mau 496","3","1150000"
"ITEM","ORD001569","P380","Bo chia HDMI Ugreen - Mau 380","2","430000"
"HISTORY","ORD001569","PENDING","1790413200000"
"HISTORY","ORD001569","PROCESSING","1790416800000"
"HISTORY","ORD001569","CANCELLED","1790420400000"
"ORDER","ORD001570","Tran Minh An","0989534772","7620000","1790414100000","2","CANCELLED"
"ITEM","ORD001570","P202","Ban phim Keychron - Mau 202","2","3090000"
"ITEM","ORD001570","P013","USB Sandisk - Mau 013","4","360000"
"HISTORY","ORD001570","PENDING","1790414100000"
"HISTORY","ORD001570","CANCELLED","1790417700000"
"ORDER","ORD001571","Vu Dang Khoa","0996908577","24820000","1790415000000","3","PENDING"
"ITEM","ORD001571","P841","Chuot khong day Logitech - Mau 841","3","510000"
"ITEM","ORD001571","P202","Ban phim Keychron - Mau 202","3","3090000"
"ITEM","ORD001571","P390","Sac du phong Anker - Mau 390","4","1900000"
"ITEM","ORD001571","P595","O cung HDD Seagate - Mau 595","2","2530000"
"ITEM","ORD001571","P854","Gia do laptop Baseus - Mau 854","2","680000"
"HISTORY","ORD001571","PENDING","1790415000000"
"ORDER","ORD001572","Huynh Bao Tran","0964192175","7500000","1790415900000","3","PENDING"
"ITEM","ORD001572","P797","Ban phim gaming Corsair - Mau 797","2","860000"
"ITEM","ORD001572","P704","Tai nghe Sony - Mau 704","1","5780000"
"HISTORY","ORD001572","PENDING","1790415900000"
"ORDER","ORD001573","Huynh Quang Huy","0913370274","36171000","1790416800000","3","PROCESSING"
"ITEM","ORD001573","P283","Man hinh Dell - Mau 283","4","8298000"
"ITEM","ORD001573","P933","USB Sandisk - Mau 933","4","153000"
"ITEM","ORD001573","P046","RAM Kingston - Mau 046","2","801000"
"ITEM","ORD001573","P490","Sac du phong Anker - Mau 490","1","765000"
"HISTORY","ORD001573","PENDING","1790416800000"
"HISTORY","ORD001573","PROCESSING","1790420400000"
"ORDER","ORD001574","Hoang Bao Tran","0940044032","30280000","1790417700000","3","PROCESSING"
"ITEM","ORD001574","P609","Loa Bluetooth JBL - Mau 609","4","5150000"
"ITEM","ORD001574","P491","Cap USB-C Ugreen - Mau 491","4","220000"
"ITEM","ORD001574","P722","Ban phim Keychron - Mau 722","4","2200000"
"HISTORY","ORD001574","PENDING","1790417700000"
"HISTORY","ORD001574","PROCESSING","1790421300000"
"ORDER","ORD001575","Pham Dang Khoa","0960400629","60390000","1790418600000","3","SHIPPING"
"ITEM","ORD001575","P527","Laptop Asus - Mau 527","1","32450000"
"ITEM","ORD001575","P979","May in Canon - Mau 979","3","4200000"
"ITEM","ORD001575","P524","Tai nghe Sony - Mau 524","1","6550000"
"ITEM","ORD001575","P817","Ban phim gaming Corsair - Mau 817","3","2930000"
"HISTORY","ORD001575","PENDING","1790418600000"
"HISTORY","ORD001575","PROCESSING","1790422200000"
"HISTORY","ORD001575","SHIPPING","1790425800000"
"ORDER","ORD001576","Bui Minh Duc","0970321983","49110000","1790419500000","1","SHIPPING"
"ITEM","ORD001576","P099","May in Canon - Mau 099","4","3680000"
"ITEM","ORD001576","P854","Gia do laptop Baseus - Mau 854","3","680000"
"ITEM","ORD001576","P441","Chuot khong day Logitech - Mau 441","1","820000"
"ITEM","ORD001576","P007","Laptop Asus - Mau 007","2","14700000"
"ITEM","ORD001576","P408","Webcam Logitech - Mau 408","3","710000"
"HISTORY","ORD001576","PENDING","1790419500000"
"HISTORY","ORD001576","PROCESSING","1790423100000"
"HISTORY","ORD001576","SHIPPING","1790426700000"
"ORDER","ORD001577","Phan Minh Duc","0915938826","50530000","1790420400000","1","COMPLETED"
"ITEM","ORD001577","P839","May in Canon - Mau 839","4","6480000"
"ITEM","ORD001577","P403","Man hinh Dell - Mau 403","3","5070000"
"ITEM","ORD001577","P869","Loa Bluetooth JBL - Mau 869","1","1780000"
"ITEM","ORD001577","P859","May in Canon - Mau 859","2","3810000"
"HISTORY","ORD001577","PENDING","1790420400000"
"HISTORY","ORD001577","PROCESSING","1790424000000"
"HISTORY","ORD001577","SHIPPING","1790427600000"
"HISTORY","ORD001577","COMPLETED","1790431200000"
"ORDER","ORD001578","Pham Lan Chi","0959483019","8000000","1790421300000","1","COMPLETED"
"ITEM","ORD001578","P456","Chuot gaming Razer - Mau 456","4","2000000"
"HISTORY","ORD001578","PENDING","1790421300000"
"HISTORY","ORD001578","PROCESSING","1790424900000"
"HISTORY","ORD001578","SHIPPING","1790428500000"
"HISTORY","ORD001578","COMPLETED","1790432100000"
"ORDER","ORD001579","Huynh Thanh Nam","0919892542","10200000","1790422200000","1","CANCELLED"
"ITEM","ORD001579","P430","Sac du phong Anker - Mau 430","1","830000"
"ITEM","ORD001579","P015","O cung HDD Seagate - Mau 015","3","2310000"
"ITEM","ORD001579","P196","Chuot gaming Razer - Mau 196","1","2440000"
"HISTORY","ORD001579","PENDING","1790422200000"
"HISTORY","ORD001579","PROCESSING","1790425800000"
"HISTORY","ORD001579","CANCELLED","1790429400000"
"ORDER","ORD001580","Nguyen Huynh Khoa","0910346210","390000","1790423100000","1","CANCELLED"
"ITEM","ORD001580","P741","Chuot khong day Logitech - Mau 741","1","390000"
"HISTORY","ORD001580","PENDING","1790423100000"
"HISTORY","ORD001580","CANCELLED","1790426700000"
"ORDER","ORD001581","Do Ngoc Anh","0937068788","78190000","1790424000000","2","PENDING"
"ITEM","ORD001581","P154","Gia do laptop Baseus - Mau 154","1","790000"
"ITEM","ORD001581","P447","Laptop Asus - Mau 447","4","19350000"
"HISTORY","ORD001581","PENDING","1790424000000"
"ORDER","ORD001582","Vu Minh An","0983278512","15180000","1790424900000","2","PENDING"
"ITEM","ORD001582","P494","Gia do laptop Baseus - Mau 494","4","220000"
"ITEM","ORD001582","P610","Sac du phong Anker - Mau 610","2","950000"
"ITEM","ORD001582","P578","Microphone HyperX - Mau 578","4","3100000"
"HISTORY","ORD001582","PENDING","1790424900000"
"ORDER","ORD001583","Vo Tuan Kiet","0925134973","780000","1790425800000","2","PROCESSING"
"ITEM","ORD001583","P331","Cap USB-C Ugreen - Mau 331","2","390000"
"HISTORY","ORD001583","PENDING","1790425800000"
"HISTORY","ORD001583","PROCESSING","1790429400000"
"ORDER","ORD001584","Phan Lan Chi","0964831408","2304000","1790426700000","2","PROCESSING"
"ITEM","ORD001584","P794","Gia do laptop Baseus - Mau 794","4","576000"
"HISTORY","ORD001584","PENDING","1790426700000"
"HISTORY","ORD001584","PROCESSING","1790430300000"
"ORDER","ORD001585","Phan Ngoc Anh","0929018056","7620000","1790427600000","2","SHIPPING"
"ITEM","ORD001585","P859","May in Canon - Mau 859","2","3810000"
"HISTORY","ORD001585","PENDING","1790427600000"
"HISTORY","ORD001585","PROCESSING","1790431200000"
"HISTORY","ORD001585","SHIPPING","1790434800000"
"ORDER","ORD001586","Huynh Thanh Nam","0926033210","44030000","1790428500000","3","SHIPPING"
"ITEM","ORD001586","P222","Ban phim Keychron - Mau 222","4","2500000"
"ITEM","ORD001586","P102","Ban phim Keychron - Mau 102","4","2680000"
"ITEM","ORD001586","P015","O cung HDD Seagate - Mau 015","4","2310000"
"ITEM","ORD001586","P169","Loa Bluetooth JBL - Mau 169","1","5790000"
"ITEM","ORD001586","P349","Loa Bluetooth JBL - Mau 349","3","2760000"
"HISTORY","ORD001586","PENDING","1790428500000"
"HISTORY","ORD001586","PROCESSING","1790432100000"
"HISTORY","ORD001586","SHIPPING","1790435700000"
"ORDER","ORD001587","Do Dang Khoa","0966931103","35130000","1790429400000","3","COMPLETED"
"ITEM","ORD001587","P603","Man hinh Dell - Mau 603","3","11710000"
"HISTORY","ORD001587","PENDING","1790429400000"
"HISTORY","ORD001587","PROCESSING","1790433000000"
"HISTORY","ORD001587","SHIPPING","1790436600000"
"HISTORY","ORD001587","COMPLETED","1790440200000"
"ORDER","ORD001588","Le Minh An","0933537969","5340000","1790430300000","3","COMPLETED"
"ITEM","ORD001588","P509","Loa Bluetooth JBL - Mau 509","2","1380000"
"ITEM","ORD001588","P980","Bo chia HDMI Ugreen - Mau 980","2","480000"
"ITEM","ORD001588","P621","Chuot khong day Logitech - Mau 621","2","810000"
"HISTORY","ORD001588","PENDING","1790430300000"
"HISTORY","ORD001588","PROCESSING","1790433900000"
"HISTORY","ORD001588","SHIPPING","1790437500000"
"HISTORY","ORD001588","COMPLETED","1790441100000"
"ORDER","ORD001589","Tran Quang Huy","0978998438","12120000","1790431200000","3","CANCELLED"
"ITEM","ORD001589","P696","Chuot gaming Razer - Mau 696","3","2440000"
"ITEM","ORD001589","P838","Microphone HyperX - Mau 838","4","710000"
"ITEM","ORD001589","P654","Gia do laptop Baseus - Mau 654","4","490000"
"HISTORY","ORD001589","PENDING","1790431200000"
"HISTORY","ORD001589","PROCESSING","1790434800000"
"HISTORY","ORD001589","CANCELLED","1790438400000"
"ORDER","ORD001590","Le Quang Huy","0986850402","18690000","1790432100000","3","CANCELLED"
"ITEM","ORD001590","P970","Sac du phong Anker - Mau 970","4","1340000"
"ITEM","ORD001590","P756","Chuot gaming Razer - Mau 756","2","810000"
"ITEM","ORD001590","P603","Man hinh Dell - Mau 603","1","11710000"
"HISTORY","ORD001590","PENDING","1790432100000"
"HISTORY","ORD001590","CANCELLED","1790435700000"
"ORDER","ORD001591","Vo Thanh Nam","0938518492","90320000","1790433000000","1","PENDING"
"ITEM","ORD001591","P785","SSD Samsung - Mau 785","3","1920000"
"ITEM","ORD001591","P563","Man hinh Dell - Mau 563","4","10850000"
"ITEM","ORD001591","P875","O cung HDD Seagate - Mau 875","3","1120000"
"ITEM","ORD001591","P567","Laptop Asus - Mau 567","2","13950000"
"ITEM","ORD001591","P207","Laptop Asus - Mau 207","1","9900000"
"HISTORY","ORD001591","PENDING","1790433000000"
"ORDER","ORD001592","Pham Lan Chi","0936745351","520000","1790433900000","1","PENDING"
"ITEM","ORD001592","P231","Cap USB-C Ugreen - Mau 231","4","130000"
"HISTORY","ORD001592","PENDING","1790433900000"
"ORDER","ORD001593","Hoang Dinh Hai","0930950091","7120000","1790434800000","1","PROCESSING"
"ITEM","ORD001593","P351","Cap USB-C Ugreen - Mau 351","3","290000"
"ITEM","ORD001593","P138","Microphone HyperX - Mau 138","4","910000"
"ITEM","ORD001593","P030","Sac du phong Anker - Mau 030","1","1030000"
"ITEM","ORD001593","P154","Gia do laptop Baseus - Mau 154","2","790000"
"HISTORY","ORD001593","PENDING","1790434800000"
"HISTORY","ORD001593","PROCESSING","1790438400000"
"ORDER","ORD001594","Vu Dang Khoa","0917937296","5720000","1790435700000","1","PROCESSING"
"ITEM","ORD001594","P277","Ban phim gaming Corsair - Mau 277","1","500000"
"ITEM","ORD001594","P249","Loa Bluetooth JBL - Mau 249","1","3900000"
"ITEM","ORD001594","P613","USB Sandisk - Mau 613","3","440000"
"HISTORY","ORD001594","PENDING","1790435700000"
"HISTORY","ORD001594","PROCESSING","1790439300000"
"ORDER","ORD001595","Tran Huynh Khoa","0940128880","4536000","1790436600000","1","SHIPPING"
"ITEM","ORD001595","P515","O cung HDD Seagate - Mau 515","4","1134000"
"HISTORY","ORD001595","PENDING","1790436600000"
"HISTORY","ORD001595","PROCESSING","1790440200000"
"HISTORY","ORD001595","SHIPPING","1790443800000"
"ORDER","ORD001596","Pham Thanh Nam","0919956756","8950000","1790437500000","2","SHIPPING"
"ITEM","ORD001596","P655","O cung HDD Seagate - Mau 655","3","2250000"
"ITEM","ORD001596","P750","Sac du phong Anker - Mau 750","4","550000"
"HISTORY","ORD001596","PENDING","1790437500000"
"HISTORY","ORD001596","PROCESSING","1790441100000"
"HISTORY","ORD001596","SHIPPING","1790444700000"
"ORDER","ORD001597","Nguyen Thu Ha","0940051892","16010000","1790438400000","2","COMPLETED"
"ITEM","ORD001597","P423","Man hinh Dell - Mau 423","1","13700000"
"ITEM","ORD001597","P937","Ban phim gaming Corsair - Mau 937","1","2310000"
"HISTORY","ORD001597","PENDING","1790438400000"
"HISTORY","ORD001597","PROCESSING","1790442000000"
"HISTORY","ORD001597","SHIPPING","1790445600000"
"HISTORY","ORD001597","COMPLETED","1790449200000"
"ORDER","ORD001598","Phan Ngoc Anh","0987444399","19630000","1790439300000","2","COMPLETED"
"ITEM","ORD001598","P283","Man hinh Dell - Mau 283","2","9220000"
"ITEM","ORD001598","P380","Bo chia HDMI Ugreen - Mau 380","1","430000"
"ITEM","ORD001598","P336","Chuot gaming Razer - Mau 336","2","380000"
"HISTORY","ORD001598","PENDING","1790439300000"
"HISTORY","ORD001598","PROCESSING","1790442900000"
"HISTORY","ORD001598","SHIPPING","1790446500000"
"HISTORY","ORD001598","COMPLETED","1790450100000"
"ORDER","ORD001599","Huynh Huynh Khoa","0998405591","6510000","1790440200000","2","CANCELLED"
"ITEM","ORD001599","P930","Sac du phong Anker - Mau 930","3","1650000"
"ITEM","ORD001599","P600","Bo chia HDMI Ugreen - Mau 600","2","780000"
"HISTORY","ORD001599","PENDING","1790440200000"
"HISTORY","ORD001599","PROCESSING","1790443800000"
"HISTORY","ORD001599","CANCELLED","1790447400000"
"ORDER","ORD001600","Pham Quang Huy","0933990755","2930000","1790441100000","2","CANCELLED"
"ITEM","ORD001600","P817","Ban phim gaming Corsair - Mau 817","1","2930000"
"HISTORY","ORD001600","PENDING","1790441100000"
"HISTORY","ORD001600","CANCELLED","1790444700000"
"ORDER","ORD001601","Pham Minh An","0930854704","8770000","1790442000000","3","PENDING"
"ITEM","ORD001601","P453","USB Sandisk - Mau 453","3","300000"
"ITEM","ORD001601","P501","Chuot khong day Logitech - Mau 501","1","850000"
"ITEM","ORD001601","P926","RAM Kingston - Mau 926","3","2340000"
"HISTORY","ORD001601","PENDING","1790442000000"
"ORDER","ORD001602","Pham Huynh Khoa","0924731292","19230000","1790442900000","3","PENDING"
"ITEM","ORD001602","P379","May in Canon - Mau 379","3","2400000"
"ITEM","ORD001602","P229","Loa Bluetooth JBL - Mau 229","3","4010000"
"HISTORY","ORD001602","PENDING","1790442900000"
"ORDER","ORD001603","Vu Thu Ha","0990557286","2270000","1790443800000","3","PROCESSING"
"ITEM","ORD001603","P326","RAM Kingston - Mau 326","1","2270000"
"HISTORY","ORD001603","PENDING","1790443800000"
"HISTORY","ORD001603","PROCESSING","1790447400000"
"ORDER","ORD001604","Nguyen Huynh Khoa","0911844857","5190000","1790444700000","3","PROCESSING"
"ITEM","ORD001604","P502","Ban phim Keychron - Mau 502","3","1730000"
"HISTORY","ORD001604","PENDING","1790444700000"
"HISTORY","ORD001604","PROCESSING","1790448300000"
"ORDER","ORD001605","Pham Bao Tran","0955027421","22110000","1790445600000","3","SHIPPING"
"ITEM","ORD001605","P701","Chuot khong day Logitech - Mau 701","3","810000"
"ITEM","ORD001605","P268","Webcam Logitech - Mau 268","4","340000"
"ITEM","ORD001605","P126","RAM Kingston - Mau 126","4","2300000"
"ITEM","ORD001605","P849","Loa Bluetooth JBL - Mau 849","4","2280000"
"HISTORY","ORD001605","PENDING","1790445600000"
"HISTORY","ORD001605","PROCESSING","1790449200000"
"HISTORY","ORD001605","SHIPPING","1790452800000"
"ORDER","ORD001606","Phan Tuan Kiet","0934632349","5616000","1790446500000","1","SHIPPING"
"ITEM","ORD001606","P805","SSD Samsung - Mau 805","4","1404000"
"HISTORY","ORD001606","PENDING","1790446500000"
"HISTORY","ORD001606","PROCESSING","1790450100000"
"HISTORY","ORD001606","SHIPPING","1790453700000"
"ORDER","ORD001607","Huynh Bao Tran","0958284601","3390000","1790447400000","1","COMPLETED"
"ITEM","ORD001607","P882","Ban phim Keychron - Mau 882","1","3030000"
"ITEM","ORD001607","P080","Bo chia HDMI Ugreen - Mau 080","1","360000"
"HISTORY","ORD001607","PENDING","1790447400000"
"HISTORY","ORD001607","PROCESSING","1790451000000"
"HISTORY","ORD001607","SHIPPING","1790454600000"
"HISTORY","ORD001607","COMPLETED","1790458200000"
"ORDER","ORD001608","Phan Thu Ha","0985585511","4260000","1790448300000","1","COMPLETED"
"ITEM","ORD001608","P953","USB Sandisk - Mau 953","4","190000"
"ITEM","ORD001608","P480","Bo chia HDMI Ugreen - Mau 480","3","620000"
"ITEM","ORD001608","P212","Router WiFi TP-Link - Mau 212","1","1430000"
"ITEM","ORD001608","P708","Webcam Logitech - Mau 708","1","210000"
"HISTORY","ORD001608","PENDING","1790448300000"
"HISTORY","ORD001608","PROCESSING","1790451900000"
"HISTORY","ORD001608","SHIPPING","1790455500000"
"HISTORY","ORD001608","COMPLETED","1790459100000"
"ORDER","ORD001609","Dang Thanh Nam","0947718510","25000000","1790449200000","1","CANCELLED"
"ITEM","ORD001609","P474","Gia do laptop Baseus - Mau 474","2","640000"
"ITEM","ORD001609","P291","Cap USB-C Ugreen - Mau 291","1","140000"
"ITEM","ORD001609","P257","Ban phim gaming Corsair - Mau 257","3","2180000"
"ITEM","ORD001609","P077","Ban phim gaming Corsair - Mau 077","4","4260000"
"HISTORY","ORD001609","PENDING","1790449200000"
"HISTORY","ORD001609","PROCESSING","1790452800000"
"HISTORY","ORD001609","CANCELLED","1790456400000"
"ORDER","ORD001610","Pham Ngoc Anh","0970418031","16550000","1790450100000","1","CANCELLED"
"ITEM","ORD001610","P595","O cung HDD Seagate - Mau 595","4","2530000"
"ITEM","ORD001610","P002","Ban phim Keychron K2","1","750000"
"ITEM","ORD001610","P493","USB Sandisk - Mau 493","2","300000"
"ITEM","ORD001610","P422","Ban phim Keychron - Mau 422","2","2050000"
"ITEM","ORD001610","P921","Chuot khong day Logitech - Mau 921","2","490000"
"HISTORY","ORD001610","PENDING","1790450100000"
"HISTORY","ORD001610","CANCELLED","1790453700000"
"ORDER","ORD001611","Le Huynh Khoa","0972777443","29040000","1790451000000","2","PENDING"
"ITEM","ORD001611","P268","Webcam Logitech - Mau 268","2","340000"
"ITEM","ORD001611","P723","Man hinh Dell - Mau 723","4","1890000"
"ITEM","ORD001611","P919","May in Canon - Mau 919","4","5200000"
"HISTORY","ORD001611","PENDING","1790451000000"
"ORDER","ORD001612","Nguyen Huynh Khoa","0975662305","9440000","1790451900000","2","PENDING"
"ITEM","ORD001612","P782","Ban phim Keychron - Mau 782","4","2360000"
"HISTORY","ORD001612","PENDING","1790451900000"
"ORDER","ORD001613","Pham Thanh Nam","0911700732","46400000","1790452800000","2","PROCESSING"
"ITEM","ORD001613","P143","Man hinh Dell - Mau 143","4","4540000"
"ITEM","ORD001613","P486","RAM Kingston - Mau 486","4","370000"
"ITEM","ORD001613","P578","Microphone HyperX - Mau 578","1","3100000"
"ITEM","ORD001613","P424","Tai nghe Sony - Mau 424","4","5130000"
"ITEM","ORD001613","P056","Chuot gaming Razer - Mau 056","2","1570000"
"HISTORY","ORD001613","PENDING","1790452800000"
"HISTORY","ORD001613","PROCESSING","1790456400000"
"ORDER","ORD001614","Nguyen Thu Ha","0955155634","7220000","1790453700000","2","PROCESSING"
"ITEM","ORD001614","P676","Chuot gaming Razer - Mau 676","4","890000"
"ITEM","ORD001614","P642","Ban phim Keychron - Mau 642","2","1830000"
"HISTORY","ORD001614","PENDING","1790453700000"
"HISTORY","ORD001614","PROCESSING","1790457300000"
"ORDER","ORD001615","Hoang Tuan Kiet","0932869257","10500000","1790454600000","2","SHIPPING"
"ITEM","ORD001615","P291","Cap USB-C Ugreen - Mau 291","1","140000"
"ITEM","ORD001615","P688","Webcam Logitech - Mau 688","1","970000"
"ITEM","ORD001615","P350","Sac du phong Anker - Mau 350","3","1410000"
"ITEM","ORD001615","P975","O cung HDD Seagate - Mau 975","4","1290000"
"HISTORY","ORD001615","PENDING","1790454600000"
"HISTORY","ORD001615","PROCESSING","1790458200000"
"HISTORY","ORD001615","SHIPPING","1790461800000"
"ORDER","ORD001616","Tran Thu Ha","0944301268","39680000","1790455500000","3","SHIPPING"
"ITEM","ORD001616","P319","May in Canon - Mau 319","2","3690000"
"ITEM","ORD001616","P616","Chuot gaming Razer - Mau 616","2","1270000"
"ITEM","ORD001616","P897","Ban phim gaming Corsair - Mau 897","3","4480000"
"ITEM","ORD001616","P985","SSD Samsung - Mau 985","4","4050000"
"ITEM","ORD001616","P081","Chuot khong day Logitech - Mau 081","1","120000"
"HISTORY","ORD001616","PENDING","1790455500000"
"HISTORY","ORD001616","PROCESSING","1790459100000"
"HISTORY","ORD001616","SHIPPING","1790462700000"
"ORDER","ORD001617","Vu Dang Khoa","0970270339","8100000","1790456400000","3","COMPLETED"
"ITEM","ORD001617","P628","Webcam Logitech - Mau 628","4","1269000"
"ITEM","ORD001617","P418","Microphone HyperX - Mau 418","2","1512000"
"HISTORY","ORD001617","PENDING","1790456400000"
"HISTORY","ORD001617","PROCESSING","1790460000000"
"HISTORY","ORD001617","SHIPPING","1790463600000"
"HISTORY","ORD001617","COMPLETED","1790467200000"
"ORDER","ORD001618","Tran Bao Tran","0983563204","6540000","1790457300000","3","COMPLETED"
"ITEM","ORD001618","P768","Webcam Logitech - Mau 768","2","2020000"
"ITEM","ORD001618","P442","Ban phim Keychron - Mau 442","4","470000"
"ITEM","ORD001618","P553","USB Sandisk - Mau 553","2","310000"
"HISTORY","ORD001618","PENDING","1790457300000"
"HISTORY","ORD001618","PROCESSING","1790460900000"
"HISTORY","ORD001618","SHIPPING","1790464500000"
"HISTORY","ORD001618","COMPLETED","1790468100000"
"ORDER","ORD001619","Pham Tuan Kiet","0923715222","42330000","1790458200000","3","CANCELLED"
"ITEM","ORD001619","P152","Router WiFi TP-Link - Mau 152","3","2580000"
"ITEM","ORD001619","P560","Bo chia HDMI Ugreen - Mau 560","1","870000"
"ITEM","ORD001619","P479","May in Canon - Mau 479","3","5780000"
"ITEM","ORD001619","P077","Ban phim gaming Corsair - Mau 077","3","4260000"
"ITEM","ORD001619","P645","SSD Samsung - Mau 645","2","1800000"
"HISTORY","ORD001619","PENDING","1790458200000"
"HISTORY","ORD001619","PROCESSING","1790461800000"
"HISTORY","ORD001619","CANCELLED","1790465400000"
"ORDER","ORD001620","Dang Thu Ha","0942054357","22130000","1790459100000","3","CANCELLED"
"ITEM","ORD001620","P794","Gia do laptop Baseus - Mau 794","4","640000"
"ITEM","ORD001620","P101","Chuot khong day Logitech - Mau 101","4","730000"
"ITEM","ORD001620","P903","Man hinh Dell - Mau 903","1","13600000"
"ITEM","ORD001620","P500","Bo chia HDMI Ugreen - Mau 500","3","820000"
"ITEM","ORD001620","P873","USB Sandisk - Mau 873","1","590000"
"HISTORY","ORD001620","PENDING","1790459100000"
"HISTORY","ORD001620","CANCELLED","1790462700000"
"ORDER","ORD001621","Dang Dang Khoa","0940156482","4560000","1790460000000","1","PENDING"
"ITEM","ORD001621","P155","O cung HDD Seagate - Mau 155","2","1140000"
"ITEM","ORD001621","P849","Loa Bluetooth JBL - Mau 849","1","2280000"
"HISTORY","ORD001621","PENDING","1790460000000"
"ORDER","ORD001622","Do Minh An","0928837409","15210000","1790460900000","1","PENDING"
"ITEM","ORD001622","P022","Ban phim Keychron - Mau 022","1","2870000"
"ITEM","ORD001622","P749","Loa Bluetooth JBL - Mau 749","1","3180000"
"ITEM","ORD001622","P750","Sac du phong Anker - Mau 750","4","550000"
"ITEM","ORD001622","P645","SSD Samsung - Mau 645","3","1800000"
"ITEM","ORD001622","P044","Tai nghe Sony - Mau 044","4","390000"
"HISTORY","ORD001622","PENDING","1790460900000"
"ORDER","ORD001623","Nguyen Dinh Hai","0990130427","15480000","1790461800000","1","PROCESSING"
"ITEM","ORD001623","P924","Tai nghe Sony - Mau 924","4","3870000"
"HISTORY","ORD001623","PENDING","1790461800000"
"HISTORY","ORD001623","PROCESSING","1790465400000"
"ORDER","ORD001624","Nguyen Bao Tran","0950776032","5760000","1790462700000","1","PROCESSING"
"ITEM","ORD001624","P392","Router WiFi TP-Link - Mau 392","4","1440000"
"HISTORY","ORD001624","PENDING","1790462700000"
"HISTORY","ORD001624","PROCESSING","1790466300000"
"ORDER","ORD001625","Nguyen Huynh Khoa","0939096489","20770000","1790463600000","1","SHIPPING"
"ITEM","ORD001625","P973","USB Sandisk - Mau 973","4","400000"
"ITEM","ORD001625","P040","Bo chia HDMI Ugreen - Mau 040","1","550000"
"ITEM","ORD001625","P184","Tai nghe Sony - Mau 184","4","4450000"
"ITEM","ORD001625","P816","Chuot gaming Razer - Mau 816","2","410000"
"HISTORY","ORD001625","PENDING","1790463600000"
"HISTORY","ORD001625","PROCESSING","1790467200000"
"HISTORY","ORD001625","SHIPPING","1790470800000"
"ORDER","ORD001626","Nguyen Bao Tran","0916575420","1320000","1790464500000","2","SHIPPING"
"ITEM","ORD001626","P254","Gia do laptop Baseus - Mau 254","4","330000"
"HISTORY","ORD001626","PENDING","1790464500000"
"HISTORY","ORD001626","PROCESSING","1790468100000"
"HISTORY","ORD001626","SHIPPING","1790471700000"
"ORDER","ORD001627","Phan Minh Duc","0922443634","980000","1790465400000","2","COMPLETED"
"ITEM","ORD001627","P433","USB Sandisk - Mau 433","2","490000"
"HISTORY","ORD001627","PENDING","1790465400000"
"HISTORY","ORD001627","PROCESSING","1790469000000"
"HISTORY","ORD001627","SHIPPING","1790472600000"
"HISTORY","ORD001627","COMPLETED","1790476200000"
"ORDER","ORD001628","Huynh Huynh Khoa","0967501780","16641000","1790466300000","2","COMPLETED"
"ITEM","ORD001628","P517","Ban phim gaming Corsair - Mau 517","4","1818000"
"ITEM","ORD001628","P452","Router WiFi TP-Link - Mau 452","2","1494000"
"ITEM","ORD001628","P022","Ban phim Keychron - Mau 022","1","2583000"
"ITEM","ORD001628","P711","Cap USB-C Ugreen - Mau 711","4","288000"
"ITEM","ORD001628","P375","O cung HDD Seagate - Mau 375","3","882000"
"HISTORY","ORD001628","PENDING","1790466300000"
"HISTORY","ORD001628","PROCESSING","1790469900000"
"HISTORY","ORD001628","SHIPPING","1790473500000"
"HISTORY","ORD001628","COMPLETED","1790477100000"
"ORDER","ORD001629","Bui Minh Duc","0965703723","131300000","1790467200000","2","CANCELLED"
"ITEM","ORD001629","P278","Microphone HyperX - Mau 278","3","610000"
"ITEM","ORD001629","P387","Laptop Asus - Mau 387","3","33030000"
"ITEM","ORD001629","P509","Loa Bluetooth JBL - Mau 509","3","1380000"
"ITEM","ORD001629","P618","Microphone HyperX - Mau 618","3","470000"
"ITEM","ORD001629","P947","Laptop Asus - Mau 947","1","24830000"
"HISTORY","ORD001629","PENDING","1790467200000"
"HISTORY","ORD001629","PROCESSING","1790470800000"
"HISTORY","ORD001629","CANCELLED","1790474400000"
"ORDER","ORD001630","Le Thanh Nam","0935174430","4140000","1790468100000","2","CANCELLED"
"ITEM","ORD001630","P965","SSD Samsung - Mau 965","3","1380000"
"HISTORY","ORD001630","PENDING","1790468100000"
"HISTORY","ORD001630","CANCELLED","1790471700000"
"ORDER","ORD001631","Le Bao Tran","0953306012","3600000","1790469000000","3","PENDING"
"ITEM","ORD001631","P469","Loa Bluetooth JBL - Mau 469","2","1800000"
"HISTORY","ORD001631","PENDING","1790469000000"
"ORDER","ORD001632","Tran Thanh Nam","0999443443","143480000","1790469900000","3","PENDING"
"ITEM","ORD001632","P277","Ban phim gaming Corsair - Mau 277","2","500000"
"ITEM","ORD001632","P850","Sac du phong Anker - Mau 850","2","620000"
"ITEM","ORD001632","P808","Webcam Logitech - Mau 808","4","2250000"
"ITEM","ORD001632","P264","Tai nghe Sony - Mau 264","2","5820000"
"ITEM","ORD001632","P967","Laptop Asus - Mau 967","4","30150000"
"HISTORY","ORD001632","PENDING","1790469900000"
"ORDER","ORD001633","Vo Minh An","0958192460","5100000","1790470800000","3","PROCESSING"
"ITEM","ORD001633","P761","Chuot khong day Logitech - Mau 761","2","370000"
"ITEM","ORD001633","P536","Chuot gaming Razer - Mau 536","4","1090000"
"HISTORY","ORD001633","PENDING","1790470800000"
"HISTORY","ORD001633","PROCESSING","1790474400000"
"ORDER","ORD001634","Vu Bao Tran","0915677173","34690000","1790471700000","3","PROCESSING"
"ITEM","ORD001634","P733","USB Sandisk - Mau 733","2","190000"
"ITEM","ORD001634","P665","SSD Samsung - Mau 665","3","1800000"
"ITEM","ORD001634","P518","Microphone HyperX - Mau 518","4","930000"
"ITEM","ORD001634","P055","O cung HDD Seagate - Mau 055","4","1730000"
"ITEM","ORD001634","P344","Tai nghe Sony - Mau 344","3","6090000"
"HISTORY","ORD001634","PENDING","1790471700000"
"HISTORY","ORD001634","PROCESSING","1790475300000"
"ORDER","ORD001635","Vu Thu Ha","0923934083","900000","1790472600000","3","SHIPPING"
"ITEM","ORD001635","P074","Gia do laptop Baseus - Mau 074","2","450000"
"HISTORY","ORD001635","PENDING","1790472600000"
"HISTORY","ORD001635","PROCESSING","1790476200000"
"HISTORY","ORD001635","SHIPPING","1790479800000"
"ORDER","ORD001636","Vo Quang Huy","0947697284","6860000","1790473500000","1","SHIPPING"
"ITEM","ORD001636","P832","Router WiFi TP-Link - Mau 832","2","3430000"
"HISTORY","ORD001636","PENDING","1790473500000"
"HISTORY","ORD001636","PROCESSING","1790477100000"
"HISTORY","ORD001636","SHIPPING","1790480700000"
"ORDER","ORD001637","Bui Tuan Kiet","0928696339","23560000","1790474400000","1","COMPLETED"
"ITEM","ORD001637","P164","Tai nghe Sony - Mau 164","4","5850000"
"ITEM","ORD001637","P833","USB Sandisk - Mau 833","2","80000"
"HISTORY","ORD001637","PENDING","1790474400000"
"HISTORY","ORD001637","PROCESSING","1790478000000"
"HISTORY","ORD001637","SHIPPING","1790481600000"
"HISTORY","ORD001637","COMPLETED","1790485200000"
"ORDER","ORD001638","Phan Bao Tran","0947200006","19750000","1790475300000","1","COMPLETED"
"ITEM","ORD001638","P859","May in Canon - Mau 859","3","3810000"
"ITEM","ORD001638","P755","O cung HDD Seagate - Mau 755","4","2080000"
"HISTORY","ORD001638","PENDING","1790475300000"
"HISTORY","ORD001638","PROCESSING","1790478900000"
"HISTORY","ORD001638","SHIPPING","1790482500000"
"HISTORY","ORD001638","COMPLETED","1790486100000"
"ORDER","ORD001639","Nguyen Thanh Nam","0927547089","12168000","1790476200000","1","CANCELLED"
"ITEM","ORD001639","P282","Ban phim Keychron - Mau 282","1","2835000"
"ITEM","ORD001639","P675","O cung HDD Seagate - Mau 675","3","1377000"
"ITEM","ORD001639","P492","Router WiFi TP-Link - Mau 492","2","2601000"
"HISTORY","ORD001639","PENDING","1790476200000"
"HISTORY","ORD001639","PROCESSING","1790479800000"
"HISTORY","ORD001639","CANCELLED","1790483400000"
"ORDER","ORD001640","Bui Thanh Nam","0963544863","48480000","1790477100000","1","CANCELLED"
"ITEM","ORD001640","P535","O cung HDD Seagate - Mau 535","3","2440000"
"ITEM","ORD001640","P679","May in Canon - Mau 679","4","1690000"
"ITEM","ORD001640","P346","RAM Kingston - Mau 346","3","1500000"
"ITEM","ORD001640","P123","Man hinh Dell - Mau 123","2","14950000"
"HISTORY","ORD001640","PENDING","1790477100000"
"HISTORY","ORD001640","CANCELLED","1790480700000"
"ORDER","ORD001641","Phan Huynh Khoa","0945867901","9930000","1790478000000","2","PENDING"
"ITEM","ORD001641","P056","Chuot gaming Razer - Mau 056","3","1570000"
"ITEM","ORD001641","P692","Router WiFi TP-Link - Mau 692","1","3240000"
"ITEM","ORD001641","P268","Webcam Logitech - Mau 268","4","340000"
"ITEM","ORD001641","P881","Chuot khong day Logitech - Mau 881","2","310000"
"HISTORY","ORD001641","PENDING","1790478000000"
"ORDER","ORD001642","Vu Ngoc Anh","0999947061","9080000","1790478900000","2","PENDING"
"ITEM","ORD001642","P110","Sac du phong Anker - Mau 110","1","390000"
"ITEM","ORD001642","P534","Gia do laptop Baseus - Mau 534","1","790000"
"ITEM","ORD001642","P709","Loa Bluetooth JBL - Mau 709","2","3950000"
"HISTORY","ORD001642","PENDING","1790478900000"
"ORDER","ORD001643","Le Huynh Khoa","0985346153","11070000","1790479800000","2","PROCESSING"
"ITEM","ORD001643","P219","May in Canon - Mau 219","3","2080000"
"ITEM","ORD001643","P712","Router WiFi TP-Link - Mau 712","1","890000"
"ITEM","ORD001643","P935","O cung HDD Seagate - Mau 935","1","940000"
"ITEM","ORD001643","P960","Bo chia HDMI Ugreen - Mau 960","4","750000"
"HISTORY","ORD001643","PENDING","1790479800000"
"HISTORY","ORD001643","PROCESSING","1790483400000"
"ORDER","ORD001644","Do Thu Ha","0984723292","20010000","1790480700000","2","PROCESSING"
"ITEM","ORD001644","P409","Loa Bluetooth JBL - Mau 409","3","5980000"
"ITEM","ORD001644","P357","Ban phim gaming Corsair - Mau 357","3","690000"
"HISTORY","ORD001644","PENDING","1790480700000"
"HISTORY","ORD001644","PROCESSING","1790484300000"
"ORDER","ORD001645","Pham Ngoc Anh","0934079464","10880000","1790481600000","2","SHIPPING"
"ITEM","ORD001645","P678","Microphone HyperX - Mau 678","1","2580000"
"ITEM","ORD001645","P096","Chuot gaming Razer - Mau 096","2","2410000"
"ITEM","ORD001645","P686","RAM Kingston - Mau 686","3","1160000"
"HISTORY","ORD001645","PENDING","1790481600000"
"HISTORY","ORD001645","PROCESSING","1790485200000"
"HISTORY","ORD001645","SHIPPING","1790488800000"
"ORDER","ORD001646","Dang Huynh Khoa","0999256290","8510000","1790482500000","3","SHIPPING"
"ITEM","ORD001646","P870","Sac du phong Anker - Mau 870","2","1180000"
"ITEM","ORD001646","P684","Tai nghe Sony - Mau 684","3","2050000"
"HISTORY","ORD001646","PENDING","1790482500000"
"HISTORY","ORD001646","PROCESSING","1790486100000"
"HISTORY","ORD001646","SHIPPING","1790489700000"
"ORDER","ORD001647","Tran Dang Khoa","0948197595","42000000","1790483400000","3","COMPLETED"
"ITEM","ORD001647","P083","Man hinh Dell - Mau 083","3","5500000"
"ITEM","ORD001647","P847","Laptop Asus - Mau 847","1","25250000"
"ITEM","ORD001647","P611","Cap USB-C Ugreen - Mau 611","1","250000"
"HISTORY","ORD001647","PENDING","1790483400000"
"HISTORY","ORD001647","PROCESSING","1790487000000"
"HISTORY","ORD001647","SHIPPING","1790490600000"
"HISTORY","ORD001647","COMPLETED","1790494200000"
"ORDER","ORD001648","Le Huynh Khoa","0938805558","33270000","1790484300000","3","COMPLETED"
"ITEM","ORD001648","P371","Cap USB-C Ugreen - Mau 371","2","430000"
"ITEM","ORD001648","P323","Man hinh Dell - Mau 323","3","6380000"
"ITEM","ORD001648","P633","USB Sandisk - Mau 633","4","590000"
"ITEM","ORD001648","P456","Chuot gaming Razer - Mau 456","4","2000000"
"ITEM","ORD001648","P688","Webcam Logitech - Mau 688","3","970000"
"HISTORY","ORD001648","PENDING","1790484300000"
"HISTORY","ORD001648","PROCESSING","1790487900000"
"HISTORY","ORD001648","SHIPPING","1790491500000"
"HISTORY","ORD001648","COMPLETED","1790495100000"
"ORDER","ORD001649","Vu Thanh Nam","0980584629","9720000","1790485200000","3","CANCELLED"
"ITEM","ORD001649","P065","SSD Samsung - Mau 065","3","3240000"
"HISTORY","ORD001649","PENDING","1790485200000"
"HISTORY","ORD001649","PROCESSING","1790488800000"
"HISTORY","ORD001649","CANCELLED","1790492400000"
"ORDER","ORD001650","Vo Minh An","0978030665","92079000","1790486100000","3","CANCELLED"
"ITEM","ORD001650","P262","Ban phim Keychron - Mau 262","2","513000"
"ITEM","ORD001650","P407","Laptop Asus - Mau 407","3","28701000"
"ITEM","ORD001650","P253","USB Sandisk - Mau 253","4","252000"
"ITEM","ORD001650","P802","Ban phim Keychron - Mau 802","2","1971000"
"HISTORY","ORD001650","PENDING","1790486100000"
"HISTORY","ORD001650","CANCELLED","1790489700000"
"ORDER","ORD001651","Huynh Lan Chi","0925214872","19160000","1790487000000","1","PENDING"
"ITEM","ORD001651","P558","Microphone HyperX - Mau 558","4","3820000"
"ITEM","ORD001651","P340","Bo chia HDMI Ugreen - Mau 340","3","320000"
"ITEM","ORD001651","P968","Webcam Logitech - Mau 968","2","480000"
"ITEM","ORD001651","P048","Webcam Logitech - Mau 048","2","980000"
"HISTORY","ORD001651","PENDING","1790487000000"
"ORDER","ORD001652","Huynh Thanh Nam","0954936142","3130000","1790487900000","1","PENDING"
"ITEM","ORD001652","P751","Cap USB-C Ugreen - Mau 751","2","70000"
"ITEM","ORD001652","P834","Gia do laptop Baseus - Mau 834","4","610000"
"ITEM","ORD001652","P040","Bo chia HDMI Ugreen - Mau 040","1","550000"
"HISTORY","ORD001652","PENDING","1790487900000"
"ORDER","ORD001653","Vu Huynh Khoa","0991385972","5640000","1790488800000","1","PROCESSING"
"ITEM","ORD001653","P455","O cung HDD Seagate - Mau 455","3","1880000"
"HISTORY","ORD001653","PENDING","1790488800000"
"HISTORY","ORD001653","PROCESSING","1790492400000"
"ORDER","ORD001654","Phan Thu Ha","0997858300","24220000","1790489700000","1","PROCESSING"
"ITEM","ORD001654","P682","Ban phim Keychron - Mau 682","2","1680000"
"ITEM","ORD001654","P885","SSD Samsung - Mau 885","2","4200000"
"ITEM","ORD001654","P950","Sac du phong Anker - Mau 950","1","740000"
"ITEM","ORD001654","P817","Ban phim gaming Corsair - Mau 817","4","2930000"
"HISTORY","ORD001654","PENDING","1790489700000"
"HISTORY","ORD001654","PROCESSING","1790493300000"
"ORDER","ORD001655","Le Minh An","0981198042","33540000","1790490600000","1","SHIPPING"
"ITEM","ORD001655","P560","Bo chia HDMI Ugreen - Mau 560","1","870000"
"ITEM","ORD001655","P569","Loa Bluetooth JBL - Mau 569","4","3930000"
"ITEM","ORD001655","P985","SSD Samsung - Mau 985","3","4050000"
"ITEM","ORD001655","P082","Ban phim Keychron - Mau 082","4","1200000"
"HISTORY","ORD001655","PENDING","1790490600000"
"HISTORY","ORD001655","PROCESSING","1790494200000"
"HISTORY","ORD001655","SHIPPING","1790497800000"
"ORDER","ORD001656","Dang Minh An","0950872188","7020000","1790491500000","2","SHIPPING"
"ITEM","ORD001656","P822","Ban phim Keychron - Mau 822","1","1140000"
"ITEM","ORD001656","P085","SSD Samsung - Mau 085","4","1470000"
"HISTORY","ORD001656","PENDING","1790491500000"
"HISTORY","ORD001656","PROCESSING","1790495100000"
"HISTORY","ORD001656","SHIPPING","1790498700000"
"ORDER","ORD001657","Hoang Quang Huy","0970465665","23290000","1790492400000","2","COMPLETED"
"ITEM","ORD001657","P821","Chuot khong day Logitech - Mau 821","1","370000"
"ITEM","ORD001657","P449","Loa Bluetooth JBL - Mau 449","4","5730000"
"HISTORY","ORD001657","PENDING","1790492400000"
"HISTORY","ORD001657","PROCESSING","1790496000000"
"HISTORY","ORD001657","SHIPPING","1790499600000"
"HISTORY","ORD001657","COMPLETED","1790503200000"
"ORDER","ORD001658","Hoang Lan Chi","0920311973","174360000","1790493300000","2","COMPLETED"
"ITEM","ORD001658","P985","SSD Samsung - Mau 985","2","4050000"
"ITEM","ORD001658","P484","Tai nghe Sony - Mau 484","3","5550000"
"ITEM","ORD001658","P927","Laptop Asus - Mau 927","4","34890000"
"ITEM","ORD001658","P948","Webcam Logitech - Mau 948","3","1870000"
"ITEM","ORD001658","P130","Sac du phong Anker - Mau 130","3","1480000"
"HISTORY","ORD001658","PENDING","1790493300000"
"HISTORY","ORD001658","PROCESSING","1790496900000"
"HISTORY","ORD001658","SHIPPING","1790500500000"
"HISTORY","ORD001658","COMPLETED","1790504100000"
"ORDER","ORD001659","Huynh Minh Duc","0986295135","50850000","1790494200000","2","CANCELLED"
"ITEM","ORD001659","P587","Laptop Asus - Mau 587","3","16950000"
"HISTORY","ORD001659","PENDING","1790494200000"
"HISTORY","ORD001659","PROCESSING","1790497800000"
"HISTORY","ORD001659","CANCELLED","1790501400000"
"ORDER","ORD001660","Hoang Huynh Khoa","0976120224","440000","1790495100000","2","CANCELLED"
"ITEM","ORD001660","P811","Cap USB-C Ugreen - Mau 811","1","440000"
"HISTORY","ORD001660","PENDING","1790495100000"
"HISTORY","ORD001660","CANCELLED","1790498700000"
"ORDER","ORD001661","Tran Dang Khoa","0970030309","16110000","1790496000000","3","PENDING"
"ITEM","ORD001661","P013","USB Sandisk - Mau 013","3","324000"
"ITEM","ORD001661","P868","Webcam Logitech - Mau 868","4","2097000"
"ITEM","ORD001661","P437","Ban phim gaming Corsair - Mau 437","4","1215000"
"ITEM","ORD001661","P274","Gia do laptop Baseus - Mau 274","4","360000"
"ITEM","ORD001661","P920","Bo chia HDMI Ugreen - Mau 920","2","225000"
"HISTORY","ORD001661","PENDING","1790496000000"
"ORDER","ORD001662","Vu Dinh Hai","0930676098","2240000","1790496900000","3","PENDING"
"ITEM","ORD001662","P228","Webcam Logitech - Mau 228","1","2240000"
"HISTORY","ORD001662","PENDING","1790496900000"
"ORDER","ORD001663","Do Ngoc Anh","0963879499","10370000","1790497800000","3","PROCESSING"
"ITEM","ORD001663","P426","RAM Kingston - Mau 426","4","1880000"
"ITEM","ORD001663","P273","USB Sandisk - Mau 273","3","510000"
"ITEM","ORD001663","P416","Chuot gaming Razer - Mau 416","3","440000"
"HISTORY","ORD001663","PENDING","1790497800000"
"HISTORY","ORD001663","PROCESSING","1790501400000"
"ORDER","ORD001664","Nguyen Dang Khoa","0918457619","15010000","1790498700000","3","PROCESSING"
"ITEM","ORD001664","P666","RAM Kingston - Mau 666","4","1600000"
"ITEM","ORD001664","P022","Ban phim Keychron - Mau 022","3","2870000"
"HISTORY","ORD001664","PENDING","1790498700000"
"HISTORY","ORD001664","PROCESSING","1790502300000"
"ORDER","ORD001665","Tran Thu Ha","0949463794","5160000","1790499600000","3","SHIPPING"
"ITEM","ORD001665","P801","Chuot khong day Logitech - Mau 801","1","880000"
"ITEM","ORD001665","P775","O cung HDD Seagate - Mau 775","2","2140000"
"HISTORY","ORD001665","PENDING","1790499600000"
"HISTORY","ORD001665","PROCESSING","1790503200000"
"HISTORY","ORD001665","SHIPPING","1790506800000"
"ORDER","ORD001666","Vo Quang Huy","0923748669","10920000","1790500500000","1","SHIPPING"
"ITEM","ORD001666","P706","RAM Kingston - Mau 706","4","2520000"
"ITEM","ORD001666","P181","Chuot khong day Logitech - Mau 181","1","450000"
"ITEM","ORD001666","P916","Chuot gaming Razer - Mau 916","1","390000"
"HISTORY","ORD001666","PENDING","1790500500000"
"HISTORY","ORD001666","PROCESSING","1790504100000"
"HISTORY","ORD001666","SHIPPING","1790507700000"
"ORDER","ORD001667","Bui Dinh Hai","0911932753","26850000","1790501400000","1","COMPLETED"
"ITEM","ORD001667","P239","May in Canon - Mau 239","3","6670000"
"ITEM","ORD001667","P849","Loa Bluetooth JBL - Mau 849","3","2280000"
"HISTORY","ORD001667","PENDING","1790501400000"
"HISTORY","ORD001667","PROCESSING","1790505000000"
"HISTORY","ORD001667","SHIPPING","1790508600000"
"HISTORY","ORD001667","COMPLETED","1790512200000"
"ORDER","ORD001668","Vu Minh An","0910290901","81240000","1790502300000","1","COMPLETED"
"ITEM","ORD001668","P215","O cung HDD Seagate - Mau 215","4","1950000"
"ITEM","ORD001668","P644","Tai nghe Sony - Mau 644","4","5030000"
"ITEM","ORD001668","P585","SSD Samsung - Mau 585","1","3430000"
"ITEM","ORD001668","P307","Laptop Asus - Mau 307","2","23260000"
"ITEM","ORD001668","P543","Man hinh Dell - Mau 543","1","3370000"
"HISTORY","ORD001668","PENDING","1790502300000"
"HISTORY","ORD001668","PROCESSING","1790505900000"
"HISTORY","ORD001668","SHIPPING","1790509500000"
"HISTORY","ORD001668","COMPLETED","1790513100000"
"ORDER","ORD001669","Bui Ngoc Anh","0976727916","35870000","1790503200000","1","CANCELLED"
"ITEM","ORD001669","P228","Webcam Logitech - Mau 228","4","2240000"
"ITEM","ORD001669","P717","Ban phim gaming Corsair - Mau 717","1","2220000"
"ITEM","ORD001669","P307","Laptop Asus - Mau 307","1","23260000"
"ITEM","ORD001669","P195","O cung HDD Seagate - Mau 195","1","1430000"
"HISTORY","ORD001669","PENDING","1790503200000"
"HISTORY","ORD001669","PROCESSING","1790506800000"
"HISTORY","ORD001669","CANCELLED","1790510400000"
"ORDER","ORD001670","Phan Minh An","0999605317","29280000","1790504100000","1","CANCELLED"
"ITEM","ORD001670","P356","Chuot gaming Razer - Mau 356","1","2210000"
"ITEM","ORD001670","P950","Sac du phong Anker - Mau 950","1","740000"
"ITEM","ORD001670","P367","Laptop Asus - Mau 367","1","22210000"
"ITEM","ORD001670","P128","Webcam Logitech - Mau 128","2","1340000"
"ITEM","ORD001670","P900","Bo chia HDMI Ugreen - Mau 900","2","720000"
"HISTORY","ORD001670","PENDING","1790504100000"
"HISTORY","ORD001670","CANCELLED","1790507700000"
"ORDER","ORD001671","Huynh Tuan Kiet","0958623583","41230000","1790505000000","2","PENDING"
"ITEM","ORD001671","P021","Chuot khong day Logitech - Mau 021","3","270000"
"ITEM","ORD001671","P627","Laptop Asus - Mau 627","2","20210000"
"HISTORY","ORD001671","PENDING","1790505000000"
"ORDER","ORD001672","Hoang Huynh Khoa","0989183087","50283000","1790505900000","2","PENDING"
"ITEM","ORD001672","P114","Gia do laptop Baseus - Mau 114","4","477000"
"ITEM","ORD001672","P343","Man hinh Dell - Mau 343","4","10665000"
"ITEM","ORD001672","P461","Chuot khong day Logitech - Mau 461","4","378000"
"ITEM","ORD001672","P490","Sac du phong Anker - Mau 490","3","765000"
"ITEM","ORD001672","P134","Gia do laptop Baseus - Mau 134","4","477000"
"HISTORY","ORD001672","PENDING","1790505900000"
"ORDER","ORD001673","Dang Minh An","0981406277","6840000","1790506800000","2","PROCESSING"
"ITEM","ORD001673","P860","Bo chia HDMI Ugreen - Mau 860","4","720000"
"ITEM","ORD001673","P513","USB Sandisk - Mau 513","1","280000"
"ITEM","ORD001673","P149","Loa Bluetooth JBL - Mau 149","2","1840000"
"HISTORY","ORD001673","PENDING","1790506800000"
"HISTORY","ORD001673","PROCESSING","1790510400000"
"ORDER","ORD001674","Pham Ngoc Anh","0935333842","56760000","1790507700000","2","PROCESSING"
"ITEM","ORD001674","P603","Man hinh Dell - Mau 603","4","11710000"
"ITEM","ORD001674","P084","Tai nghe Sony - Mau 084","1","700000"
"ITEM","ORD001674","P164","Tai nghe Sony - Mau 164","1","5850000"
"ITEM","ORD001674","P543","Man hinh Dell - Mau 543","1","3370000"
"HISTORY","ORD001674","PENDING","1790507700000"
"HISTORY","ORD001674","PROCESSING","1790511300000"
"ORDER","ORD001675","Le Tuan Kiet","0939048617","2130000","1790508600000","2","SHIPPING"
"ITEM","ORD001675","P408","Webcam Logitech - Mau 408","3","710000"
"HISTORY","ORD001675","PENDING","1790508600000"
"HISTORY","ORD001675","PROCESSING","1790512200000"
"HISTORY","ORD001675","SHIPPING","1790515800000"
"ORDER","ORD001676","Phan Bao Tran","0938545814","25960000","1790509500000","3","SHIPPING"
"ITEM","ORD001676","P820","Bo chia HDMI Ugreen - Mau 820","4","780000"
"ITEM","ORD001676","P297","Ban phim gaming Corsair - Mau 297","4","4210000"
"ITEM","ORD001676","P346","RAM Kingston - Mau 346","4","1500000"
"HISTORY","ORD001676","PENDING","1790509500000"
"HISTORY","ORD001676","PROCESSING","1790513100000"
"HISTORY","ORD001676","SHIPPING","1790516700000"
"ORDER","ORD001677","Pham Tuan Kiet","0915707977","22090000","1790510400000","3","COMPLETED"
"ITEM","ORD001677","P974","Gia do laptop Baseus - Mau 974","4","450000"
"ITEM","ORD001677","P340","Bo chia HDMI Ugreen - Mau 340","2","320000"
"ITEM","ORD001677","P524","Tai nghe Sony - Mau 524","3","6550000"
"HISTORY","ORD001677","PENDING","1790510400000"
"HISTORY","ORD001677","PROCESSING","1790514000000"
"HISTORY","ORD001677","SHIPPING","1790517600000"
"HISTORY","ORD001677","COMPLETED","1790521200000"
"ORDER","ORD001678","Le Dinh Hai","0922240097","57170000","1790511300000","3","COMPLETED"
"ITEM","ORD001678","P587","Laptop Asus - Mau 587","3","16950000"
"ITEM","ORD001678","P341","Chuot khong day Logitech - Mau 341","2","440000"
"ITEM","ORD001678","P990","Sac du phong Anker - Mau 990","2","260000"
"ITEM","ORD001678","P656","Chuot gaming Razer - Mau 656","3","1640000"
"HISTORY","ORD001678","PENDING","1790511300000"
"HISTORY","ORD001678","PROCESSING","1790514900000"
"HISTORY","ORD001678","SHIPPING","1790518500000"
"HISTORY","ORD001678","COMPLETED","1790522100000"
"ORDER","ORD001679","Huynh Lan Chi","0985451760","15940000","1790512200000","3","CANCELLED"
"ITEM","ORD001679","P128","Webcam Logitech - Mau 128","3","1340000"
"ITEM","ORD001679","P089","Loa Bluetooth JBL - Mau 089","2","5960000"
"HISTORY","ORD001679","PENDING","1790512200000"
"HISTORY","ORD001679","PROCESSING","1790515800000"
"HISTORY","ORD001679","CANCELLED","1790519400000"
"ORDER","ORD001680","Vo Quang Huy","0972638742","10960000","1790513100000","3","CANCELLED"
"ITEM","ORD001680","P482","Ban phim Keychron - Mau 482","4","2740000"
"HISTORY","ORD001680","PENDING","1790513100000"
"HISTORY","ORD001680","CANCELLED","1790516700000"
"ORDER","ORD001681","Vu Tuan Kiet","0998646559","8310000","1790514000000","1","PENDING"
"ITEM","ORD001681","P076","Chuot gaming Razer - Mau 076","1","700000"
"ITEM","ORD001681","P575","O cung HDD Seagate - Mau 575","3","2010000"
"ITEM","ORD001681","P716","Chuot gaming Razer - Mau 716","1","1580000"
"HISTORY","ORD001681","PENDING","1790514000000"
"ORDER","ORD001682","Pham Tuan Kiet","0950301757","270000","1790514900000","1","PENDING"
"ITEM","ORD001682","P021","Chuot khong day Logitech - Mau 021","1","270000"
"HISTORY","ORD001682","PENDING","1790514900000"
"ORDER","ORD001683","Vo Bao Tran","0957892533","10035000","1790515800000","1","PROCESSING"
"ITEM","ORD001683","P895","O cung HDD Seagate - Mau 895","2","1854000"
"ITEM","ORD001683","P644","Tai nghe Sony - Mau 644","1","4527000"
"ITEM","ORD001683","P698","Microphone HyperX - Mau 698","4","450000"
"HISTORY","ORD001683","PENDING","1790515800000"
"HISTORY","ORD001683","PROCESSING","1790519400000"
"ORDER","ORD001684","Pham Lan Chi","0978392638","54960000","1790516700000","1","PROCESSING"
"ITEM","ORD001684","P858","Microphone HyperX - Mau 858","2","2580000"
"ITEM","ORD001684","P405","SSD Samsung - Mau 405","4","3090000"
"ITEM","ORD001684","P287","Laptop Asus - Mau 287","2","18720000"
"HISTORY","ORD001684","PENDING","1790516700000"
"HISTORY","ORD001684","PROCESSING","1790520300000"
"ORDER","ORD001685","Dang Minh Duc","0995083080","7740000","1790517600000","1","SHIPPING"
"ITEM","ORD001685","P236","Chuot gaming Razer - Mau 236","4","930000"
"ITEM","ORD001685","P863","Man hinh Dell - Mau 863","1","4020000"
"HISTORY","ORD001685","PENDING","1790517600000"
"HISTORY","ORD001685","PROCESSING","1790521200000"
"HISTORY","ORD001685","SHIPPING","1790524800000"
"ORDER","ORD001686","Vo Thanh Nam","0990394182","96480000","1790518500000","2","SHIPPING"
"ITEM","ORD001686","P043","Man hinh Dell - Mau 043","3","4760000"
"ITEM","ORD001686","P047","Laptop Asus - Mau 047","4","11470000"
"ITEM","ORD001686","P855","O cung HDD Seagate - Mau 855","2","1690000"
"ITEM","ORD001686","P586","RAM Kingston - Mau 586","2","360000"
"ITEM","ORD001686","P063","Man hinh Dell - Mau 063","3","10740000"
"HISTORY","ORD001686","PENDING","1790518500000"
"HISTORY","ORD001686","PROCESSING","1790522100000"
"HISTORY","ORD001686","SHIPPING","1790525700000"
"ORDER","ORD001687","Tran Dinh Hai","0964352280","23900000","1790519400000","2","COMPLETED"
"ITEM","ORD001687","P328","Webcam Logitech - Mau 328","4","1910000"
"ITEM","ORD001687","P579","May in Canon - Mau 579","4","2140000"
"ITEM","ORD001687","P044","Tai nghe Sony - Mau 044","4","390000"
"ITEM","ORD001687","P759","May in Canon - Mau 759","1","4180000"
"ITEM","ORD001687","P556","Chuot gaming Razer - Mau 556","2","980000"
"HISTORY","ORD001687","PENDING","1790519400000"
"HISTORY","ORD001687","PROCESSING","1790523000000"
"HISTORY","ORD001687","SHIPPING","1790526600000"
"HISTORY","ORD001687","COMPLETED","1790530200000"
"ORDER","ORD001688","Do Tuan Kiet","0956083978","18840000","1790520300000","2","COMPLETED"
"ITEM","ORD001688","P276","Chuot gaming Razer - Mau 276","4","2350000"
"ITEM","ORD001688","P385","SSD Samsung - Mau 385","1","4110000"
"ITEM","ORD001688","P993","USB Sandisk - Mau 993","3","350000"
"ITEM","ORD001688","P579","May in Canon - Mau 579","2","2140000"
"HISTORY","ORD001688","PENDING","1790520300000"
"HISTORY","ORD001688","PROCESSING","1790523900000"
"HISTORY","ORD001688","SHIPPING","1790527500000"
"HISTORY","ORD001688","COMPLETED","1790531100000"
"ORDER","ORD001689","Tran Huynh Khoa","0969134204","11700000","1790521200000","2","CANCELLED"
"ITEM","ORD001689","P375","O cung HDD Seagate - Mau 375","2","980000"
"ITEM","ORD001689","P035","O cung HDD Seagate - Mau 035","2","1870000"
"ITEM","ORD001689","P215","O cung HDD Seagate - Mau 215","3","1950000"
"ITEM","ORD001689","P814","Gia do laptop Baseus - Mau 814","1","150000"
"HISTORY","ORD001689","PENDING","1790521200000"
"HISTORY","ORD001689","PROCESSING","1790524800000"
"HISTORY","ORD001689","CANCELLED","1790528400000"
"ORDER","ORD001690","Nguyen Dang Khoa","0917362316","13590000","1790522100000","2","CANCELLED"
"ITEM","ORD001690","P699","May in Canon - Mau 699","3","1890000"
"ITEM","ORD001690","P142","Ban phim Keychron - Mau 142","4","1980000"
"HISTORY","ORD001690","PENDING","1790522100000"
"HISTORY","ORD001690","CANCELLED","1790525700000"
"ORDER","ORD001691","Vu Huynh Khoa","0992692057","7160000","1790523000000","3","PENDING"
"ITEM","ORD001691","P506","RAM Kingston - Mau 506","2","1550000"
"ITEM","ORD001691","P591","Cap USB-C Ugreen - Mau 591","2","70000"
"ITEM","ORD001691","P433","USB Sandisk - Mau 433","2","490000"
"ITEM","ORD001691","P930","Sac du phong Anker - Mau 930","1","1650000"
"ITEM","ORD001691","P660","Bo chia HDMI Ugreen - Mau 660","3","430000"
"HISTORY","ORD001691","PENDING","1790523000000"
"ORDER","ORD001692","Bui Thu Ha","0945967296","35460000","1790523900000","3","PENDING"
"ITEM","ORD001692","P876","Chuot gaming Razer - Mau 876","4","2340000"
"ITEM","ORD001692","P137","Ban phim gaming Corsair - Mau 137","2","2950000"
"ITEM","ORD001692","P298","Microphone HyperX - Mau 298","4","3390000"
"ITEM","ORD001692","P770","Sac du phong Anker - Mau 770","4","1660000"
"HISTORY","ORD001692","PENDING","1790523900000"
"ORDER","ORD001693","Tran Dang Khoa","0956775867","26400000","1790524800000","3","PROCESSING"
"ITEM","ORD001693","P172","Router WiFi TP-Link - Mau 172","4","3450000"
"ITEM","ORD001693","P924","Tai nghe Sony - Mau 924","2","3870000"
"ITEM","ORD001693","P026","RAM Kingston - Mau 026","3","1620000"
"HISTORY","ORD001693","PENDING","1790524800000"
"HISTORY","ORD001693","PROCESSING","1790528400000"
"ORDER","ORD001694","Tran Ngoc Anh","0937248699","24111000","1790525700000","3","PROCESSING"
"ITEM","ORD001694","P048","Webcam Logitech - Mau 048","3","882000"
"ITEM","ORD001694","P240","Bo chia HDMI Ugreen - Mau 240","2","756000"
"ITEM","ORD001694","P803","Man hinh Dell - Mau 803","3","6651000"
"HISTORY","ORD001694","PENDING","1790525700000"
"HISTORY","ORD001694","PROCESSING","1790529300000"
"ORDER","ORD001695","Vo Dinh Hai","0917141090","66630000","1790526600000","3","SHIPPING"
"ITEM","ORD001695","P367","Laptop Asus - Mau 367","3","22210000"
"HISTORY","ORD001695","PENDING","1790526600000"
"HISTORY","ORD001695","PROCESSING","1790530200000"
"HISTORY","ORD001695","SHIPPING","1790533800000"
"ORDER","ORD001696","Huynh Dinh Hai","0974503785","16520000","1790527500000","1","SHIPPING"
"ITEM","ORD001696","P111","Cap USB-C Ugreen - Mau 111","2","240000"
"ITEM","ORD001696","P229","Loa Bluetooth JBL - Mau 229","4","4010000"
"HISTORY","ORD001696","PENDING","1790527500000"
"HISTORY","ORD001696","PROCESSING","1790531100000"
"HISTORY","ORD001696","SHIPPING","1790534700000"
"ORDER","ORD001697","Do Thanh Nam","0952397479","23810000","1790528400000","1","COMPLETED"
"ITEM","ORD001697","P225","SSD Samsung - Mau 225","4","2970000"
"ITEM","ORD001697","P159","May in Canon - Mau 159","2","1970000"
"ITEM","ORD001697","P356","Chuot gaming Razer - Mau 356","1","2210000"
"ITEM","ORD001697","P784","Tai nghe Sony - Mau 784","1","5780000"
"HISTORY","ORD001697","PENDING","1790528400000"
"HISTORY","ORD001697","PROCESSING","1790532000000"
"HISTORY","ORD001697","SHIPPING","1790535600000"
"HISTORY","ORD001697","COMPLETED","1790539200000"
"ORDER","ORD001698","Huynh Minh Duc","0926538359","12580000","1790529300000","1","COMPLETED"
"ITEM","ORD001698","P336","Chuot gaming Razer - Mau 336","1","380000"
"ITEM","ORD001698","P620","Bo chia HDMI Ugreen - Mau 620","2","600000"
"ITEM","ORD001698","P316","Chuot gaming Razer - Mau 316","3","360000"
"ITEM","ORD001698","P662","Ban phim Keychron - Mau 662","4","2480000"
"HISTORY","ORD001698","PENDING","1790529300000"
"HISTORY","ORD001698","PROCESSING","1790532900000"
"HISTORY","ORD001698","SHIPPING","1790536500000"
"HISTORY","ORD001698","COMPLETED","1790540100000"
"ORDER","ORD001699","Vu Dinh Hai","0938142663","17010000","1790530200000","1","CANCELLED"
"ITEM","ORD001699","P564","Tai nghe Sony - Mau 564","3","5670000"
"HISTORY","ORD001699","PENDING","1790530200000"
"HISTORY","ORD001699","PROCESSING","1790533800000"
"HISTORY","ORD001699","CANCELLED","1790537400000"
"ORDER","ORD001700","Vu Huynh Khoa","0962156238","1170000","1790531100000","1","CANCELLED"
"ITEM","ORD001700","P301","Chuot khong day Logitech - Mau 301","1","1170000"
"HISTORY","ORD001700","PENDING","1790531100000"
"HISTORY","ORD001700","CANCELLED","1790534700000"
"ORDER","ORD001701","Phan Tuan Kiet","0972012935","6900000","1790532000000","2","PENDING"
"ITEM","ORD001701","P485","SSD Samsung - Mau 485","2","3450000"
"HISTORY","ORD001701","PENDING","1790532000000"
"ORDER","ORD001702","Pham Lan Chi","0975980962","18890000","1790532900000","2","PENDING"
"ITEM","ORD001702","P836","Chuot gaming Razer - Mau 836","2","790000"
"ITEM","ORD001702","P010","Sac du phong Anker - Mau 010","3","1850000"
"ITEM","ORD001702","P381","Chuot khong day Logitech - Mau 381","1","410000"
"ITEM","ORD001702","P345","SSD Samsung - Mau 345","3","3620000"
"ITEM","ORD001702","P921","Chuot khong day Logitech - Mau 921","1","490000"
"HISTORY","ORD001702","PENDING","1790532900000"
"ORDER","ORD001703","Pham Thu Ha","0960892305","8140000","1790533800000","2","PROCESSING"
"ITEM","ORD001703","P602","Ban phim Keychron - Mau 602","3","1870000"
"ITEM","ORD001703","P595","O cung HDD Seagate - Mau 595","1","2530000"
"HISTORY","ORD001703","PENDING","1790533800000"
"HISTORY","ORD001703","PROCESSING","1790537400000"
"ORDER","ORD001704","Pham Huynh Khoa","0955759173","92600000","1790534700000","2","PROCESSING"
"ITEM","ORD001704","P547","Laptop Asus - Mau 547","4","23150000"
"HISTORY","ORD001704","PENDING","1790534700000"
"HISTORY","ORD001704","PROCESSING","1790538300000"
"ORDER","ORD001705","Tran Minh Duc","0944325479","8208000","1790535600000","2","SHIPPING"
"ITEM","ORD001705","P475","O cung HDD Seagate - Mau 475","4","2052000"
"HISTORY","ORD001705","PENDING","1790535600000"
"HISTORY","ORD001705","PROCESSING","1790539200000"
"HISTORY","ORD001705","SHIPPING","1790542800000"
"ORDER","ORD001706","Le Tuan Kiet","0949950976","1910000","1790536500000","3","SHIPPING"
"ITEM","ORD001706","P290","Sac du phong Anker - Mau 290","1","1910000"
"HISTORY","ORD001706","PENDING","1790536500000"
"HISTORY","ORD001706","PROCESSING","1790540100000"
"HISTORY","ORD001706","SHIPPING","1790543700000"
"ORDER","ORD001707","Vo Tuan Kiet","0930475867","94940000","1790537400000","3","COMPLETED"
"ITEM","ORD001707","P812","Router WiFi TP-Link - Mau 812","2","2930000"
"ITEM","ORD001707","P354","Gia do laptop Baseus - Mau 354","4","760000"
"ITEM","ORD001707","P127","Laptop Asus - Mau 127","4","21510000"
"HISTORY","ORD001707","PENDING","1790537400000"
"HISTORY","ORD001707","PROCESSING","1790541000000"
"HISTORY","ORD001707","SHIPPING","1790544600000"
"HISTORY","ORD001707","COMPLETED","1790548200000"
"ORDER","ORD001708","Do Lan Chi","0927582374","22160000","1790538300000","3","COMPLETED"
"ITEM","ORD001708","P420","Bo chia HDMI Ugreen - Mau 420","2","740000"
"ITEM","ORD001708","P696","Chuot gaming Razer - Mau 696","1","2440000"
"ITEM","ORD001708","P558","Microphone HyperX - Mau 558","2","3820000"
"ITEM","ORD001708","P989","Loa Bluetooth JBL - Mau 989","4","2650000"
"HISTORY","ORD001708","PENDING","1790538300000"
"HISTORY","ORD001708","PROCESSING","1790541900000"
"HISTORY","ORD001708","SHIPPING","1790545500000"
"HISTORY","ORD001708","COMPLETED","1790549100000"
"ORDER","ORD001709","Bui Minh Duc","0945498891","32530000","1790539200000","3","CANCELLED"
"ITEM","ORD001709","P156","Chuot gaming Razer - Mau 156","2","390000"
"ITEM","ORD001709","P653","USB Sandisk - Mau 653","1","570000"
"ITEM","ORD001709","P859","May in Canon - Mau 859","2","3810000"
"ITEM","ORD001709","P943","Man hinh Dell - Mau 943","2","11780000"
"HISTORY","ORD001709","PENDING","1790539200000"
"HISTORY","ORD001709","PROCESSING","1790542800000"
"HISTORY","ORD001709","CANCELLED","1790546400000"
"ORDER","ORD001710","Le Minh Duc","0929953550","4530000","1790540100000","3","CANCELLED"
"ITEM","ORD001710","P058","Microphone HyperX - Mau 058","1","2290000"
"ITEM","ORD001710","P400","Bo chia HDMI Ugreen - Mau 400","4","560000"
"HISTORY","ORD001710","PENDING","1790540100000"
"HISTORY","ORD001710","CANCELLED","1790543700000"
"ORDER","ORD001711","Huynh Thu Ha","0963217507","5240000","1790541000000","1","PENDING"
"ITEM","ORD001711","P592","Router WiFi TP-Link - Mau 592","2","2620000"
"HISTORY","ORD001711","PENDING","1790541000000"
"ORDER","ORD001712","Vo Thu Ha","0943305627","115470000","1790541900000","1","PENDING"
"ITEM","ORD001712","P195","O cung HDD Seagate - Mau 195","4","1430000"
"ITEM","ORD001712","P708","Webcam Logitech - Mau 708","1","210000"
"ITEM","ORD001712","P267","Laptop Asus - Mau 267","4","20290000"
"ITEM","ORD001712","P843","Man hinh Dell - Mau 843","3","8620000"
"ITEM","ORD001712","P880","Bo chia HDMI Ugreen - Mau 880","3","840000"
"HISTORY","ORD001712","PENDING","1790541900000"
"ORDER","ORD001713","Vo Quang Huy","0985863930","13820000","1790542800000","1","PROCESSING"
"ITEM","ORD001713","P733","USB Sandisk - Mau 733","4","190000"
"ITEM","ORD001713","P917","Ban phim gaming Corsair - Mau 917","2","1860000"
"ITEM","ORD001713","P131","Cap USB-C Ugreen - Mau 131","2","290000"
"ITEM","ORD001713","P099","May in Canon - Mau 099","2","3680000"
"ITEM","ORD001713","P076","Chuot gaming Razer - Mau 076","2","700000"
"HISTORY","ORD001713","PENDING","1790542800000"
"HISTORY","ORD001713","PROCESSING","1790546400000"
"ORDER","ORD001714","Dang Quang Huy","0913927779","13020000","1790543700000","1","PROCESSING"
"ITEM","ORD001714","P243","Man hinh Dell - Mau 243","1","13020000"
"HISTORY","ORD001714","PENDING","1790543700000"
"HISTORY","ORD001714","PROCESSING","1790547300000"
"ORDER","ORD001715","Dang Quang Huy","0924568713","80260000","1790544600000","1","SHIPPING"
"ITEM","ORD001715","P048","Webcam Logitech - Mau 048","2","980000"
"ITEM","ORD001715","P478","Microphone HyperX - Mau 478","1","470000"
"ITEM","ORD001715","P119","May in Canon - Mau 119","3","8100000"
"ITEM","ORD001715","P647","Laptop Asus - Mau 647","2","26570000"
"ITEM","ORD001715","P741","Chuot khong day Logitech - Mau 741","1","390000"
"HISTORY","ORD001715","PENDING","1790544600000"
"HISTORY","ORD001715","PROCESSING","1790548200000"
"HISTORY","ORD001715","SHIPPING","1790551800000"
"ORDER","ORD001716","Bui Quang Huy","0968338494","1179000","1790545500000","2","SHIPPING"
"ITEM","ORD001716","P974","Gia do laptop Baseus - Mau 974","1","405000"
"ITEM","ORD001716","P640","Bo chia HDMI Ugreen - Mau 640","1","774000"
"HISTORY","ORD001716","PENDING","1790545500000"
"HISTORY","ORD001716","PROCESSING","1790549100000"
"HISTORY","ORD001716","SHIPPING","1790552700000"
"ORDER","ORD001717","Dang Thu Ha","0968297620","15110000","1790546400000","2","COMPLETED"
"ITEM","ORD001717","P820","Bo chia HDMI Ugreen - Mau 820","3","780000"
"ITEM","ORD001717","P219","May in Canon - Mau 219","1","2080000"
"ITEM","ORD001717","P028","Webcam Logitech - Mau 028","4","1040000"
"ITEM","ORD001717","P037","Ban phim gaming Corsair - Mau 037","2","3170000"
"ITEM","ORD001717","P691","Cap USB-C Ugreen - Mau 691","1","190000"
"HISTORY","ORD001717","PENDING","1790546400000"
"HISTORY","ORD001717","PROCESSING","1790550000000"
"HISTORY","ORD001717","SHIPPING","1790553600000"
"HISTORY","ORD001717","COMPLETED","1790557200000"
"ORDER","ORD001718","Pham Bao Tran","0957479925","12960000","1790547300000","2","COMPLETED"
"ITEM","ORD001718","P489","Loa Bluetooth JBL - Mau 489","3","1000000"
"ITEM","ORD001718","P548","Webcam Logitech - Mau 548","4","2490000"
"HISTORY","ORD001718","PENDING","1790547300000"
"HISTORY","ORD001718","PROCESSING","1790550900000"
"HISTORY","ORD001718","SHIPPING","1790554500000"
"HISTORY","ORD001718","COMPLETED","1790558100000"
"ORDER","ORD001719","Huynh Minh Duc","0943157897","39170000","1790548200000","2","CANCELLED"
"ITEM","ORD001719","P030","Sac du phong Anker - Mau 030","3","1030000"
"ITEM","ORD001719","P145","SSD Samsung - Mau 145","3","890000"
"ITEM","ORD001719","P426","RAM Kingston - Mau 426","1","1880000"
"ITEM","ORD001719","P824","Tai nghe Sony - Mau 824","3","5060000"
"ITEM","ORD001719","P384","Tai nghe Sony - Mau 384","3","5450000"
"HISTORY","ORD001719","PENDING","1790548200000"
"HISTORY","ORD001719","PROCESSING","1790551800000"
"HISTORY","ORD001719","CANCELLED","1790555400000"
"ORDER","ORD001720","Vu Ngoc Anh","0923148982","2250000","1790549100000","2","CANCELLED"
"ITEM","ORD001720","P960","Bo chia HDMI Ugreen - Mau 960","3","750000"
"HISTORY","ORD001720","PENDING","1790549100000"
"HISTORY","ORD001720","CANCELLED","1790552700000"
"ORDER","ORD001721","Bui Huynh Khoa","0982294702","101690000","1790550000000","3","PENDING"
"ITEM","ORD001721","P642","Ban phim Keychron - Mau 642","4","1830000"
"ITEM","ORD001721","P480","Bo chia HDMI Ugreen - Mau 480","2","620000"
"ITEM","ORD001721","P667","Laptop Asus - Mau 667","3","20190000"
"ITEM","ORD001721","P803","Man hinh Dell - Mau 803","4","7390000"
"ITEM","ORD001721","P652","Router WiFi TP-Link - Mau 652","2","1500000"
"HISTORY","ORD001721","PENDING","1790550000000"
"ORDER","ORD001722","Nguyen Huynh Khoa","0958727987","8330000","1790550900000","3","PENDING"
"ITEM","ORD001722","P576","Chuot gaming Razer - Mau 576","1","1610000"
"ITEM","ORD001722","P864","Tai nghe Sony - Mau 864","3","460000"
"ITEM","ORD001722","P414","Gia do laptop Baseus - Mau 414","1","470000"
"ITEM","ORD001722","P294","Gia do laptop Baseus - Mau 294","1","360000"
"ITEM","ORD001722","P279","May in Canon - Mau 279","1","4510000"
"HISTORY","ORD001722","PENDING","1790550900000"
"ORDER","ORD001723","Le Tuan Kiet","0927245812","15840000","1790551800000","3","PROCESSING"
"ITEM","ORD001723","P008","Webcam Logitech - Mau 008","2","1630000"
"ITEM","ORD001723","P138","Microphone HyperX - Mau 138","2","910000"
"ITEM","ORD001723","P556","Chuot gaming Razer - Mau 556","2","980000"
"ITEM","ORD001723","P250","Sac du phong Anker - Mau 250","2","650000"
"ITEM","ORD001723","P205","SSD Samsung - Mau 205","2","3750000"
"HISTORY","ORD001723","PENDING","1790551800000"
"HISTORY","ORD001723","PROCESSING","1790555400000"
"ORDER","ORD001724","Hoang Huynh Khoa","0963982598","30070000","1790552700000","3","PROCESSING"
"ITEM","ORD001724","P381","Chuot khong day Logitech - Mau 381","1","410000"
"ITEM","ORD001724","P164","Tai nghe Sony - Mau 164","4","5850000"
"ITEM","ORD001724","P604","Tai nghe Sony - Mau 604","1","6260000"
"HISTORY","ORD001724","PENDING","1790552700000"
"HISTORY","ORD001724","PROCESSING","1790556300000"
"ORDER","ORD001725","Do Huynh Khoa","0957989347","17180000","1790553600000","3","SHIPPING"
"ITEM","ORD001725","P035","O cung HDD Seagate - Mau 035","3","1870000"
"ITEM","ORD001725","P674","Gia do laptop Baseus - Mau 674","2","390000"
"ITEM","ORD001725","P882","Ban phim Keychron - Mau 882","3","3030000"
"ITEM","ORD001725","P888","Webcam Logitech - Mau 888","1","1700000"
"HISTORY","ORD001725","PENDING","1790553600000"
"HISTORY","ORD001725","PROCESSING","1790557200000"
"HISTORY","ORD001725","SHIPPING","1790560800000"
"ORDER","ORD001726","Phan Minh An","0978111912","13650000","1790554500000","1","SHIPPING"
"ITEM","ORD001726","P284","Tai nghe Sony - Mau 284","2","5720000"
"ITEM","ORD001726","P356","Chuot gaming Razer - Mau 356","1","2210000"
"HISTORY","ORD001726","PENDING","1790554500000"
"HISTORY","ORD001726","PROCESSING","1790558100000"
"HISTORY","ORD001726","SHIPPING","1790561700000"
"ORDER","ORD001727","Do Huynh Khoa","0933053955","68526000","1790555400000","1","COMPLETED"
"ITEM","ORD001727","P458","Microphone HyperX - Mau 458","4","2061000"
"ITEM","ORD001727","P239","May in Canon - Mau 239","2","6003000"
"ITEM","ORD001727","P167","Laptop Asus - Mau 167","2","24138000"
"HISTORY","ORD001727","PENDING","1790555400000"
"HISTORY","ORD001727","PROCESSING","1790559000000"
"HISTORY","ORD001727","SHIPPING","1790562600000"
"HISTORY","ORD001727","COMPLETED","1790566200000"
"ORDER","ORD001728","Do Dang Khoa","0957258871","53530000","1790556300000","1","COMPLETED"
"ITEM","ORD001728","P869","Loa Bluetooth JBL - Mau 869","1","1780000"
"ITEM","ORD001728","P487","Laptop Asus - Mau 487","3","17250000"
"HISTORY","ORD001728","PENDING","1790556300000"
"HISTORY","ORD001728","PROCESSING","1790559900000"
"HISTORY","ORD001728","SHIPPING","1790563500000"
"HISTORY","ORD001728","COMPLETED","1790567100000"
"ORDER","ORD001729","Phan Quang Huy","0994260164","5270000","1790557200000","1","CANCELLED"
"ITEM","ORD001729","P193","USB Sandisk - Mau 193","3","170000"
"ITEM","ORD001729","P675","O cung HDD Seagate - Mau 675","2","1530000"
"ITEM","ORD001729","P042","Ban phim Keychron - Mau 042","1","1700000"
"HISTORY","ORD001729","PENDING","1790557200000"
"HISTORY","ORD001729","PROCESSING","1790560800000"
"HISTORY","ORD001729","CANCELLED","1790564400000"
"ORDER","ORD001730","Tran Tuan Kiet","0910876715","5030000","1790558100000","1","CANCELLED"
"ITEM","ORD001730","P644","Tai nghe Sony - Mau 644","1","5030000"
"HISTORY","ORD001730","PENDING","1790558100000"
"HISTORY","ORD001730","CANCELLED","1790561700000"
"ORDER","ORD001731","Nguyen Thu Ha","0979995410","29690000","1790559000000","2","PENDING"
"ITEM","ORD001731","P449","Loa Bluetooth JBL - Mau 449","3","5730000"
"ITEM","ORD001731","P352","Router WiFi TP-Link - Mau 352","3","3140000"
"ITEM","ORD001731","P272","Router WiFi TP-Link - Mau 272","2","1060000"
"ITEM","ORD001731","P340","Bo chia HDMI Ugreen - Mau 340","3","320000"
"HISTORY","ORD001731","PENDING","1790559000000"
"ORDER","ORD001732","Bui Minh An","0971408685","9940000","1790559900000","2","PENDING"
"ITEM","ORD001732","P801","Chuot khong day Logitech - Mau 801","2","880000"
"ITEM","ORD001732","P523","Man hinh Dell - Mau 523","1","5520000"
"ITEM","ORD001732","P633","USB Sandisk - Mau 633","4","590000"
"ITEM","ORD001732","P631","Cap USB-C Ugreen - Mau 631","1","300000"
"HISTORY","ORD001732","PENDING","1790559900000"
"ORDER","ORD001733","Huynh Thu Ha","0961910929","45750000","1790560800000","2","PROCESSING"
"ITEM","ORD001733","P162","Ban phim Keychron - Mau 162","1","510000"
"ITEM","ORD001733","P289","Loa Bluetooth JBL - Mau 289","4","3350000"
"ITEM","ORD001733","P297","Ban phim gaming Corsair - Mau 297","4","4210000"
"ITEM","ORD001733","P365","SSD Samsung - Mau 365","3","3340000"
"ITEM","ORD001733","P389","Loa Bluetooth JBL - Mau 389","3","1660000"
"HISTORY","ORD001733","PENDING","1790560800000"
"HISTORY","ORD001733","PROCESSING","1790564400000"
"ORDER","ORD001734","Tran Huynh Khoa","0934815697","11660000","1790561700000","2","PROCESSING"
"ITEM","ORD001734","P648","Webcam Logitech - Mau 648","3","1560000"
"ITEM","ORD001734","P829","Loa Bluetooth JBL - Mau 829","2","3490000"
"HISTORY","ORD001734","PENDING","1790561700000"
"HISTORY","ORD001734","PROCESSING","1790565300000"
"ORDER","ORD001735","Phan Thanh Nam","0967627402","480000","1790562600000","2","SHIPPING"
"ITEM","ORD001735","P968","Webcam Logitech - Mau 968","1","480000"
"HISTORY","ORD001735","PENDING","1790562600000"
"HISTORY","ORD001735","PROCESSING","1790566200000"
"HISTORY","ORD001735","SHIPPING","1790569800000"
"ORDER","ORD001736","Tran Ngoc Anh","0928235354","14880000","1790563500000","3","SHIPPING"
"ITEM","ORD001736","P897","Ban phim gaming Corsair - Mau 897","1","4480000"
"ITEM","ORD001736","P146","RAM Kingston - Mau 146","2","1160000"
"ITEM","ORD001736","P768","Webcam Logitech - Mau 768","4","2020000"
"HISTORY","ORD001736","PENDING","1790563500000"
"HISTORY","ORD001736","PROCESSING","1790567100000"
"HISTORY","ORD001736","SHIPPING","1790570700000"
"ORDER","ORD001737","Pham Tuan Kiet","0954275737","16370000","1790564400000","3","COMPLETED"
"ITEM","ORD001737","P849","Loa Bluetooth JBL - Mau 849","1","2280000"
"ITEM","ORD001737","P752","Router WiFi TP-Link - Mau 752","3","2230000"
"ITEM","ORD001737","P956","Chuot gaming Razer - Mau 956","3","1270000"
"ITEM","ORD001737","P959","May in Canon - Mau 959","1","2470000"
"ITEM","ORD001737","P151","Cap USB-C Ugreen - Mau 151","4","280000"
"HISTORY","ORD001737","PENDING","1790564400000"
"HISTORY","ORD001737","PROCESSING","1790568000000"
"HISTORY","ORD001737","SHIPPING","1790571600000"
"HISTORY","ORD001737","COMPLETED","1790575200000"
"ORDER","ORD001738","Vo Dang Khoa","0982809332","34794000","1790565300000","3","COMPLETED"
"ITEM","ORD001738","P783","Man hinh Dell - Mau 783","4","8649000"
"ITEM","ORD001738","P673","USB Sandisk - Mau 673","2","99000"
"HISTORY","ORD001738","PENDING","1790565300000"
"HISTORY","ORD001738","PROCESSING","1790568900000"
"HISTORY","ORD001738","SHIPPING","1790572500000"
"HISTORY","ORD001738","COMPLETED","1790576100000"
"ORDER","ORD001739","Phan Lan Chi","0948736127","4440000","1790566200000","3","CANCELLED"
"ITEM","ORD001739","P130","Sac du phong Anker - Mau 130","3","1480000"
"HISTORY","ORD001739","PENDING","1790566200000"
"HISTORY","ORD001739","PROCESSING","1790569800000"
"HISTORY","ORD001739","CANCELLED","1790573400000"
"ORDER","ORD001740","Vo Thu Ha","0987175187","5720000","1790567100000","3","CANCELLED"
"ITEM","ORD001740","P028","Webcam Logitech - Mau 028","1","1040000"
"ITEM","ORD001740","P876","Chuot gaming Razer - Mau 876","2","2340000"
"HISTORY","ORD001740","PENDING","1790567100000"
"HISTORY","ORD001740","CANCELLED","1790570700000"
"ORDER","ORD001741","Pham Thu Ha","0954921852","25800000","1790568000000","1","PENDING"
"ITEM","ORD001741","P752","Router WiFi TP-Link - Mau 752","2","2230000"
"ITEM","ORD001741","P604","Tai nghe Sony - Mau 604","3","6260000"
"ITEM","ORD001741","P474","Gia do laptop Baseus - Mau 474","4","640000"
"HISTORY","ORD001741","PENDING","1790568000000"
"ORDER","ORD001742","Bui Bao Tran","0935504071","34630000","1790568900000","1","PENDING"
"ITEM","ORD001742","P388","Webcam Logitech - Mau 388","3","230000"
"ITEM","ORD001742","P153","USB Sandisk - Mau 153","1","280000"
"ITEM","ORD001742","P887","Laptop Asus - Mau 887","2","14650000"
"ITEM","ORD001742","P695","O cung HDD Seagate - Mau 695","2","2180000"
"HISTORY","ORD001742","PENDING","1790568900000"
"ORDER","ORD001743","Nguyen Minh An","0951820384","4740000","1790569800000","1","PROCESSING"
"ITEM","ORD001743","P910","Sac du phong Anker - Mau 910","3","1580000"
"HISTORY","ORD001743","PENDING","1790569800000"
"HISTORY","ORD001743","PROCESSING","1790573400000"
"ORDER","ORD001744","Vo Minh An","0970097020","91150000","1790570700000","1","PROCESSING"
"ITEM","ORD001744","P507","Laptop Asus - Mau 507","4","15320000"
"ITEM","ORD001744","P632","Router WiFi TP-Link - Mau 632","1","810000"
"ITEM","ORD001744","P959","May in Canon - Mau 959","2","2470000"
"ITEM","ORD001744","P038","Microphone HyperX - Mau 038","4","1420000"
"ITEM","ORD001744","P283","Man hinh Dell - Mau 283","2","9220000"
"HISTORY","ORD001744","PENDING","1790570700000"
"HISTORY","ORD001744","PROCESSING","1790574300000"
"ORDER","ORD001745","Huynh Minh Duc","0998106489","14950000","1790571600000","1","SHIPPING"
"ITEM","ORD001745","P123","Man hinh Dell - Mau 123","1","14950000"
"HISTORY","ORD001745","PENDING","1790571600000"
"HISTORY","ORD001745","PROCESSING","1790575200000"
"HISTORY","ORD001745","SHIPPING","1790578800000"
"ORDER","ORD001746","Nguyen Thu Ha","0988900069","14030000","1790572500000","2","SHIPPING"
"ITEM","ORD001746","P816","Chuot gaming Razer - Mau 816","4","410000"
"ITEM","ORD001746","P437","Ban phim gaming Corsair - Mau 437","4","1350000"
"ITEM","ORD001746","P708","Webcam Logitech - Mau 708","2","210000"
"ITEM","ORD001746","P568","Webcam Logitech - Mau 568","2","1210000"
"ITEM","ORD001746","P177","Ban phim gaming Corsair - Mau 177","1","4150000"
"HISTORY","ORD001746","PENDING","1790572500000"
"HISTORY","ORD001746","PROCESSING","1790576100000"
"HISTORY","ORD001746","SHIPPING","1790579700000"
"ORDER","ORD001747","Pham Dang Khoa","0989227258","23010000","1790573400000","2","COMPLETED"
"ITEM","ORD001747","P403","Man hinh Dell - Mau 403","1","5070000"
"ITEM","ORD001747","P745","SSD Samsung - Mau 745","3","4090000"
"ITEM","ORD001747","P150","Sac du phong Anker - Mau 150","3","1890000"
"HISTORY","ORD001747","PENDING","1790573400000"
"HISTORY","ORD001747","PROCESSING","1790577000000"
"HISTORY","ORD001747","SHIPPING","1790580600000"
"HISTORY","ORD001747","COMPLETED","1790584200000"
"ORDER","ORD001748","Do Tuan Kiet","0973403357","21020000","1790574300000","2","COMPLETED"
"ITEM","ORD001748","P426","RAM Kingston - Mau 426","1","1880000"
"ITEM","ORD001748","P006","RAM Kingston - Mau 006","3","2370000"
"ITEM","ORD001748","P229","Loa Bluetooth JBL - Mau 229","3","4010000"
"HISTORY","ORD001748","PENDING","1790574300000"
"HISTORY","ORD001748","PROCESSING","1790577900000"
"HISTORY","ORD001748","SHIPPING","1790581500000"
"HISTORY","ORD001748","COMPLETED","1790585100000"
"ORDER","ORD001749","Hoang Dang Khoa","0995686405","7254000","1790575200000","2","CANCELLED"
"ITEM","ORD001749","P091","Cap USB-C Ugreen - Mau 091","2","63000"
"ITEM","ORD001749","P432","Router WiFi TP-Link - Mau 432","2","2322000"
"ITEM","ORD001749","P258","Microphone HyperX - Mau 258","4","621000"
"HISTORY","ORD001749","PENDING","1790575200000"
"HISTORY","ORD001749","PROCESSING","1790578800000"
"HISTORY","ORD001749","CANCELLED","1790582400000"
"ORDER","ORD001750","Bui Thanh Nam","0991979821","32620000","1790576100000","2","CANCELLED"
"ITEM","ORD001750","P444","Tai nghe Sony - Mau 444","2","6530000"
"ITEM","ORD001750","P100","Bo chia HDMI Ugreen - Mau 100","3","220000"
"ITEM","ORD001750","P106","RAM Kingston - Mau 106","3","1560000"
"ITEM","ORD001750","P405","SSD Samsung - Mau 405","4","3090000"
"ITEM","ORD001750","P518","Microphone HyperX - Mau 518","2","930000"
"HISTORY","ORD001750","PENDING","1790576100000"
"HISTORY","ORD001750","CANCELLED","1790579700000"
"ORDER","ORD001751","Vu Tuan Kiet","0995542147","19130000","1790577000000","3","PENDING"
"ITEM","ORD001751","P024","Tai nghe Sony - Mau 024","4","2460000"
"ITEM","ORD001751","P082","Ban phim Keychron - Mau 082","3","1200000"
"ITEM","ORD001751","P651","Cap USB-C Ugreen - Mau 651","1","370000"
"ITEM","ORD001751","P395","O cung HDD Seagate - Mau 395","4","1330000"
"HISTORY","ORD001751","PENDING","1790577000000"
"ORDER","ORD001752","Huynh Thu Ha","0969980684","10980000","1790577900000","3","PENDING"
"ITEM","ORD001752","P757","Ban phim gaming Corsair - Mau 757","3","3460000"
"ITEM","ORD001752","P521","Chuot khong day Logitech - Mau 521","2","120000"
"ITEM","ORD001752","P148","Webcam Logitech - Mau 148","1","360000"
"HISTORY","ORD001752","PENDING","1790577900000"
"ORDER","ORD001753","Do Ngoc Anh","0942011972","10490000","1790578800000","3","PROCESSING"
"ITEM","ORD001753","P781","Chuot khong day Logitech - Mau 781","4","990000"
"ITEM","ORD001753","P443","Man hinh Dell - Mau 443","1","5790000"
"ITEM","ORD001753","P954","Gia do laptop Baseus - Mau 954","2","370000"
"HISTORY","ORD001753","PENDING","1790578800000"
"HISTORY","ORD001753","PROCESSING","1790582400000"
"ORDER","ORD001754","Le Huynh Khoa","0999378130","19320000","1790579700000","3","PROCESSING"
"ITEM","ORD001754","P826","RAM Kingston - Mau 826","2","1690000"
"ITEM","ORD001754","P719","May in Canon - Mau 719","2","7970000"
"HISTORY","ORD001754","PENDING","1790579700000"
"HISTORY","ORD001754","PROCESSING","1790583300000"
"ORDER","ORD001755","Huynh Thu Ha","0991316401","21520000","1790580600000","3","SHIPPING"
"ITEM","ORD001755","P715","O cung HDD Seagate - Mau 715","3","2720000"
"ITEM","ORD001755","P020","Bo chia HDMI Ugreen - Mau 020","4","410000"
"ITEM","ORD001755","P817","Ban phim gaming Corsair - Mau 817","4","2930000"
"HISTORY","ORD001755","PENDING","1790580600000"
"HISTORY","ORD001755","PROCESSING","1790584200000"
"HISTORY","ORD001755","SHIPPING","1790587800000"
"ORDER","ORD001756","Dang Ngoc Anh","0933998131","27260000","1790581500000","1","SHIPPING"
"ITEM","ORD001756","P530","Sac du phong Anker - Mau 530","1","860000"
"ITEM","ORD001756","P782","Ban phim Keychron - Mau 782","1","2360000"
"ITEM","ORD001756","P063","Man hinh Dell - Mau 063","2","10740000"
"ITEM","ORD001756","P794","Gia do laptop Baseus - Mau 794","4","640000"
"HISTORY","ORD001756","PENDING","1790581500000"
"HISTORY","ORD001756","PROCESSING","1790585100000"
"HISTORY","ORD001756","SHIPPING","1790588700000"
"ORDER","ORD001757","Vu Thu Ha","0993563627","7560000","1790582400000","1","COMPLETED"
"ITEM","ORD001757","P976","Chuot gaming Razer - Mau 976","2","2200000"
"ITEM","ORD001757","P534","Gia do laptop Baseus - Mau 534","4","790000"
"HISTORY","ORD001757","PENDING","1790582400000"
"HISTORY","ORD001757","PROCESSING","1790586000000"
"HISTORY","ORD001757","SHIPPING","1790589600000"
"HISTORY","ORD001757","COMPLETED","1790593200000"
"ORDER","ORD001758","Tran Minh Duc","0912180080","6400000","1790583300000","1","COMPLETED"
"ITEM","ORD001758","P910","Sac du phong Anker - Mau 910","1","1580000"
"ITEM","ORD001758","P096","Chuot gaming Razer - Mau 096","2","2410000"
"HISTORY","ORD001758","PENDING","1790583300000"
"HISTORY","ORD001758","PROCESSING","1790586900000"
"HISTORY","ORD001758","SHIPPING","1790590500000"
"HISTORY","ORD001758","COMPLETED","1790594100000"
"ORDER","ORD001759","Le Minh Duc","0948065169","13490000","1790584200000","1","CANCELLED"
"ITEM","ORD001759","P669","Loa Bluetooth JBL - Mau 669","2","2530000"
"ITEM","ORD001759","P119","May in Canon - Mau 119","1","8100000"
"ITEM","ORD001759","P571","Cap USB-C Ugreen - Mau 571","1","330000"
"HISTORY","ORD001759","PENDING","1790584200000"
"HISTORY","ORD001759","PROCESSING","1790587800000"
"HISTORY","ORD001759","CANCELLED","1790591400000"
"ORDER","ORD001760","Nguyen Quang Huy","0917078290","45900000","1790585100000","1","CANCELLED"
"ITEM","ORD001760","P840","Bo chia HDMI Ugreen - Mau 840","4","297000"
"ITEM","ORD001760","P663","Man hinh Dell - Mau 663","2","10278000"
"ITEM","ORD001760","P124","Tai nghe Sony - Mau 124","1","3105000"
"ITEM","ORD001760","P103","Man hinh Dell - Mau 103","2","8244000"
"ITEM","ORD001760","P679","May in Canon - Mau 679","3","1521000"
"HISTORY","ORD001760","PENDING","1790585100000"
"HISTORY","ORD001760","CANCELLED","1790588700000"
"ORDER","ORD001761","Pham Dang Khoa","0999052311","21750000","1790586000000","2","PENDING"
"ITEM","ORD001761","P924","Tai nghe Sony - Mau 924","2","3870000"
"ITEM","ORD001761","P088","Webcam Logitech - Mau 088","3","2300000"
"ITEM","ORD001761","P490","Sac du phong Anker - Mau 490","4","850000"
"ITEM","ORD001761","P496","Chuot gaming Razer - Mau 496","3","1150000"
"ITEM","ORD001761","P693","USB Sandisk - Mau 693","2","130000"
"HISTORY","ORD001761","PENDING","1790586000000"
"ORDER","ORD001762","Dang Huynh Khoa","0927703711","33360000","1790586900000","2","PENDING"
"ITEM","ORD001762","P749","Loa Bluetooth JBL - Mau 749","4","3180000"
"ITEM","ORD001762","P137","Ban phim gaming Corsair - Mau 137","1","2950000"
"ITEM","ORD001762","P305","SSD Samsung - Mau 305","4","3690000"
"ITEM","ORD001762","P812","Router WiFi TP-Link - Mau 812","1","2930000"
"HISTORY","ORD001762","PENDING","1790586900000"
"ORDER","ORD001763","Vu Thu Ha","0921281381","22470000","1790587800000","2","PROCESSING"
"ITEM","ORD001763","P742","Ban phim Keychron - Mau 742","3","2820000"
"ITEM","ORD001763","P638","Microphone HyperX - Mau 638","1","3180000"
"ITEM","ORD001763","P806","RAM Kingston - Mau 806","1","600000"
"ITEM","ORD001763","P846","RAM Kingston - Mau 846","4","2220000"
"ITEM","ORD001763","P720","Bo chia HDMI Ugreen - Mau 720","3","450000"
"HISTORY","ORD001763","PENDING","1790587800000"
"HISTORY","ORD001763","PROCESSING","1790591400000"
"ORDER","ORD001764","Hoang Minh An","0958848168","12040000","1790588700000","2","PROCESSING"
"ITEM","ORD001764","P311","Cap USB-C Ugreen - Mau 311","3","160000"
"ITEM","ORD001764","P784","Tai nghe Sony - Mau 784","2","5780000"
"HISTORY","ORD001764","PENDING","1790588700000"
"HISTORY","ORD001764","PROCESSING","1790592300000"
"ORDER","ORD001765","Nguyen Bao Tran","0910289807","10440000","1790589600000","2","SHIPPING"
"ITEM","ORD001765","P132","Router WiFi TP-Link - Mau 132","2","2350000"
"ITEM","ORD001765","P845","SSD Samsung - Mau 845","2","2870000"
"HISTORY","ORD001765","PENDING","1790589600000"
"HISTORY","ORD001765","PROCESSING","1790593200000"
"HISTORY","ORD001765","SHIPPING","1790596800000"
"ORDER","ORD001766","Vo Minh An","0962170981","83440000","1790590500000","3","SHIPPING"
"ITEM","ORD001766","P484","Tai nghe Sony - Mau 484","2","5550000"
"ITEM","ORD001766","P789","Loa Bluetooth JBL - Mau 789","2","890000"
"ITEM","ORD001766","P977","Ban phim gaming Corsair - Mau 977","1","4140000"
"ITEM","ORD001766","P387","Laptop Asus - Mau 387","2","33030000"
"ITEM","ORD001766","P294","Gia do laptop Baseus - Mau 294","1","360000"
"HISTORY","ORD001766","PENDING","1790590500000"
"HISTORY","ORD001766","PROCESSING","1790594100000"
"HISTORY","ORD001766","SHIPPING","1790597700000"
"ORDER","ORD001767","Tran Ngoc Anh","0953092386","11080000","1790591400000","3","COMPLETED"
"ITEM","ORD001767","P306","RAM Kingston - Mau 306","4","2000000"
"ITEM","ORD001767","P234","Gia do laptop Baseus - Mau 234","4","770000"
"HISTORY","ORD001767","PENDING","1790591400000"
"HISTORY","ORD001767","PROCESSING","1790595000000"
"HISTORY","ORD001767","SHIPPING","1790598600000"
"HISTORY","ORD001767","COMPLETED","1790602200000"
"ORDER","ORD001768","Dang Thu Ha","0977196246","11820000","1790592300000","3","COMPLETED"
"ITEM","ORD001768","P360","Bo chia HDMI Ugreen - Mau 360","1","100000"
"ITEM","ORD001768","P212","Router WiFi TP-Link - Mau 212","1","1430000"
"ITEM","ORD001768","P324","Tai nghe Sony - Mau 324","2","3420000"
"ITEM","ORD001768","P209","Loa Bluetooth JBL - Mau 209","3","1150000"
"HISTORY","ORD001768","PENDING","1790592300000"
"HISTORY","ORD001768","PROCESSING","1790595900000"
"HISTORY","ORD001768","SHIPPING","1790599500000"
"HISTORY","ORD001768","COMPLETED","1790603100000"
"ORDER","ORD001769","Nguyen Tuan Kiet","0954609447","11970000","1790593200000","3","CANCELLED"
"ITEM","ORD001769","P902","Ban phim Keychron - Mau 902","3","2630000"
"ITEM","ORD001769","P308","Webcam Logitech - Mau 308","4","1020000"
"HISTORY","ORD001769","PENDING","1790593200000"
"HISTORY","ORD001769","PROCESSING","1790596800000"
"HISTORY","ORD001769","CANCELLED","1790600400000"
"ORDER","ORD001770","Le Thu Ha","0963978016","23370000","1790594100000","3","CANCELLED"
"ITEM","ORD001770","P508","Webcam Logitech - Mau 508","3","1950000"
"ITEM","ORD001770","P788","Webcam Logitech - Mau 788","4","2010000"
"ITEM","ORD001770","P455","O cung HDD Seagate - Mau 455","2","1880000"
"ITEM","ORD001770","P195","O cung HDD Seagate - Mau 195","4","1430000"
"HISTORY","ORD001770","PENDING","1790594100000"
"HISTORY","ORD001770","CANCELLED","1790597700000"
"ORDER","ORD001771","Dang Minh An","0922378983","13167000","1790595000000","1","PENDING"
"ITEM","ORD001771","P219","May in Canon - Mau 219","3","1872000"
"ITEM","ORD001771","P923","Man hinh Dell - Mau 923","1","3924000"
"ITEM","ORD001771","P962","Ban phim Keychron - Mau 962","1","963000"
"ITEM","ORD001771","P754","Gia do laptop Baseus - Mau 754","4","666000"
"HISTORY","ORD001771","PENDING","1790595000000"
"ORDER","ORD001772","Phan Thu Ha","0923706277","24320000","1790595900000","1","PENDING"
"ITEM","ORD001772","P221","Chuot khong day Logitech - Mau 221","1","550000"
"ITEM","ORD001772","P169","Loa Bluetooth JBL - Mau 169","3","5790000"
"ITEM","ORD001772","P069","Loa Bluetooth JBL - Mau 069","4","1600000"
"HISTORY","ORD001772","PENDING","1790595900000"
"ORDER","ORD001773","Dang Minh An","0979199714","10950000","1790596800000","1","PROCESSING"
"ITEM","ORD001773","P584","Tai nghe Sony - Mau 584","3","3650000"
"HISTORY","ORD001773","PENDING","1790596800000"
"HISTORY","ORD001773","PROCESSING","1790600400000"
"ORDER","ORD001774","Le Minh An","0935203365","31440000","1790597700000","1","PROCESSING"
"ITEM","ORD001774","P463","Man hinh Dell - Mau 463","4","7210000"
"ITEM","ORD001774","P410","Sac du phong Anker - Mau 410","2","1300000"
"HISTORY","ORD001774","PENDING","1790597700000"
"HISTORY","ORD001774","PROCESSING","1790601300000"
"ORDER","ORD001775","Bui Quang Huy","0963394718","31810000","1790598600000","1","SHIPPING"
"ITEM","ORD001775","P721","Chuot khong day Logitech - Mau 721","4","640000"
"ITEM","ORD001775","P728","Webcam Logitech - Mau 728","4","1940000"
"ITEM","ORD001775","P352","Router WiFi TP-Link - Mau 352","2","3140000"
"ITEM","ORD001775","P222","Ban phim Keychron - Mau 222","3","2500000"
"ITEM","ORD001775","P526","RAM Kingston - Mau 526","3","2570000"
"HISTORY","ORD001775","PENDING","1790598600000"
"HISTORY","ORD001775","PROCESSING","1790602200000"
"HISTORY","ORD001775","SHIPPING","1790605800000"
"ORDER","ORD001776","Bui Minh Duc","0980769453","121880000","1790599500000","2","SHIPPING"
"ITEM","ORD001776","P167","Laptop Asus - Mau 167","3","26820000"
"ITEM","ORD001776","P851","Cap USB-C Ugreen - Mau 851","1","140000"
"ITEM","ORD001776","P743","Man hinh Dell - Mau 743","4","10320000"
"HISTORY","ORD001776","PENDING","1790599500000"
"HISTORY","ORD001776","PROCESSING","1790603100000"
"HISTORY","ORD001776","SHIPPING","1790606700000"
"ORDER","ORD001777","Do Minh Duc","0962789201","13910000","1790600400000","2","COMPLETED"
"ITEM","ORD001777","P788","Webcam Logitech - Mau 788","3","2010000"
"ITEM","ORD001777","P023","Man hinh Dell - Mau 023","4","1970000"
"HISTORY","ORD001777","PENDING","1790600400000"
"HISTORY","ORD001777","PROCESSING","1790604000000"
"HISTORY","ORD001777","SHIPPING","1790607600000"
"HISTORY","ORD001777","COMPLETED","1790611200000"
"ORDER","ORD001778","Phan Quang Huy","0918394995","10320000","1790601300000","2","COMPLETED"
"ITEM","ORD001778","P217","Ban phim gaming Corsair - Mau 217","4","2580000"
"HISTORY","ORD001778","PENDING","1790601300000"
"HISTORY","ORD001778","PROCESSING","1790604900000"
"HISTORY","ORD001778","SHIPPING","1790608500000"
"HISTORY","ORD001778","COMPLETED","1790612100000"
"ORDER","ORD001779","Huynh Ngoc Anh","0915123390","12440000","1790602200000","2","CANCELLED"
"ITEM","ORD001779","P790","Sac du phong Anker - Mau 790","2","1530000"
"ITEM","ORD001779","P335","O cung HDD Seagate - Mau 335","2","1330000"
"ITEM","ORD001779","P828","Webcam Logitech - Mau 828","4","1240000"
"ITEM","ORD001779","P811","Cap USB-C Ugreen - Mau 811","4","440000"
"HISTORY","ORD001779","PENDING","1790602200000"
"HISTORY","ORD001779","PROCESSING","1790605800000"
"HISTORY","ORD001779","CANCELLED","1790609400000"
"ORDER","ORD001780","Huynh Huynh Khoa","0921294772","9420000","1790603100000","2","CANCELLED"
"ITEM","ORD001780","P235","O cung HDD Seagate - Mau 235","1","2740000"
"ITEM","ORD001780","P842","Ban phim Keychron - Mau 842","2","3340000"
"HISTORY","ORD001780","PENDING","1790603100000"
"HISTORY","ORD001780","CANCELLED","1790606700000"
"ORDER","ORD001781","Hoang Lan Chi","0915092352","23820000","1790604000000","3","PENDING"
"ITEM","ORD001781","P005","SSD Samsung - Mau 005","1","540000"
"ITEM","ORD001781","P264","Tai nghe Sony - Mau 264","4","5820000"
"HISTORY","ORD001781","PENDING","1790604000000"
"ORDER","ORD001782","Hoang Lan Chi","0990097347","17289000","1790604900000","3","PENDING"
"ITEM","ORD001782","P725","SSD Samsung - Mau 725","2","2124000"
"ITEM","ORD001782","P186","RAM Kingston - Mau 186","3","2367000"
"ITEM","ORD001782","P930","Sac du phong Anker - Mau 930","4","1485000"
"HISTORY","ORD001782","PENDING","1790604900000"
"ORDER","ORD001783","Tran Quang Huy","0995893990","5360000","1790605800000","3","PROCESSING"
"ITEM","ORD001783","P102","Ban phim Keychron - Mau 102","2","2680000"
"HISTORY","ORD001783","PENDING","1790605800000"
"HISTORY","ORD001783","PROCESSING","1790609400000"
"ORDER","ORD001784","Nguyen Minh Duc","0934268525","2280000","1790606700000","3","PROCESSING"
"ITEM","ORD001784","P653","USB Sandisk - Mau 653","4","570000"
"HISTORY","ORD001784","PENDING","1790606700000"
"HISTORY","ORD001784","PROCESSING","1790610300000"
"ORDER","ORD001785","Phan Thanh Nam","0997861422","630000","1790607600000","3","SHIPPING"
"ITEM","ORD001785","P330","Sac du phong Anker - Mau 330","1","630000"
"HISTORY","ORD001785","PENDING","1790607600000"
"HISTORY","ORD001785","PROCESSING","1790611200000"
"HISTORY","ORD001785","SHIPPING","1790614800000"
"ORDER","ORD001786","Tran Bao Tran","0973296858","29560000","1790608500000","1","SHIPPING"
"ITEM","ORD001786","P803","Man hinh Dell - Mau 803","4","7390000"
"HISTORY","ORD001786","PENDING","1790608500000"
"HISTORY","ORD001786","PROCESSING","1790612100000"
"HISTORY","ORD001786","SHIPPING","1790615700000"
"ORDER","ORD001787","Vu Bao Tran","0928383536","11500000","1790609400000","1","COMPLETED"
"ITEM","ORD001787","P388","Webcam Logitech - Mau 388","4","230000"
"ITEM","ORD001787","P590","Sac du phong Anker - Mau 590","3","290000"
"ITEM","ORD001787","P097","Ban phim gaming Corsair - Mau 097","3","590000"
"ITEM","ORD001787","P649","Loa Bluetooth JBL - Mau 649","2","3970000"
"HISTORY","ORD001787","PENDING","1790609400000"
"HISTORY","ORD001787","PROCESSING","1790613000000"
"HISTORY","ORD001787","SHIPPING","1790616600000"
"HISTORY","ORD001787","COMPLETED","1790620200000"
"ORDER","ORD001788","Do Quang Huy","0910934401","53700000","1790610300000","1","COMPLETED"
"ITEM","ORD001788","P501","Chuot khong day Logitech - Mau 501","1","850000"
"ITEM","ORD001788","P435","O cung HDD Seagate - Mau 435","1","1250000"
"ITEM","ORD001788","P842","Ban phim Keychron - Mau 842","2","3340000"
"ITEM","ORD001788","P032","Router WiFi TP-Link - Mau 032","2","1380000"
"ITEM","ORD001788","P483","Man hinh Dell - Mau 483","4","10540000"
"HISTORY","ORD001788","PENDING","1790610300000"
"HISTORY","ORD001788","PROCESSING","1790613900000"
"HISTORY","ORD001788","SHIPPING","1790617500000"
"HISTORY","ORD001788","COMPLETED","1790621100000"
"ORDER","ORD001789","Phan Tuan Kiet","0981148989","10430000","1790611200000","1","CANCELLED"
"ITEM","ORD001789","P155","O cung HDD Seagate - Mau 155","3","1140000"
"ITEM","ORD001789","P069","Loa Bluetooth JBL - Mau 069","3","1600000"
"ITEM","ORD001789","P729","Loa Bluetooth JBL - Mau 729","1","2210000"
"HISTORY","ORD001789","PENDING","1790611200000"
"HISTORY","ORD001789","PROCESSING","1790614800000"
"HISTORY","ORD001789","CANCELLED","1790618400000"
"ORDER","ORD001790","Le Dinh Hai","0965035002","10160000","1790612100000","1","CANCELLED"
"ITEM","ORD001790","P565","SSD Samsung - Mau 565","2","3740000"
"ITEM","ORD001790","P601","Chuot khong day Logitech - Mau 601","4","670000"
"HISTORY","ORD001790","PENDING","1790612100000"
"HISTORY","ORD001790","CANCELLED","1790615700000"
"ORDER","ORD001791","Bui Dang Khoa","0938718807","54420000","1790613000000","2","PENDING"
"ITEM","ORD001791","P767","Laptop Asus - Mau 767","3","14870000"
"ITEM","ORD001791","P712","Router WiFi TP-Link - Mau 712","3","890000"
"ITEM","ORD001791","P998","Microphone HyperX - Mau 998","3","2380000"
"HISTORY","ORD001791","PENDING","1790613000000"
"ORDER","ORD001792","Hoang Thanh Nam","0915109555","1620000","1790613900000","2","PENDING"
"ITEM","ORD001792","P540","Bo chia HDMI Ugreen - Mau 540","2","810000"
"HISTORY","ORD001792","PENDING","1790613900000"
"ORDER","ORD001793","Tran Huynh Khoa","0945808182","4869000","1790614800000","2","PROCESSING"
"ITEM","ORD001793","P591","Cap USB-C Ugreen - Mau 591","2","63000"
"ITEM","ORD001793","P840","Bo chia HDMI Ugreen - Mau 840","3","297000"
"ITEM","ORD001793","P313","USB Sandisk - Mau 313","4","531000"
"ITEM","ORD001793","P573","USB Sandisk - Mau 573","4","432000"
"HISTORY","ORD001793","PENDING","1790614800000"
"HISTORY","ORD001793","PROCESSING","1790618400000"
"ORDER","ORD001794","Vu Bao Tran","0984734321","2820000","1790615700000","2","PROCESSING"
"ITEM","ORD001794","P246","RAM Kingston - Mau 246","2","1410000"
"HISTORY","ORD001794","PENDING","1790615700000"
"HISTORY","ORD001794","PROCESSING","1790619300000"
"ORDER","ORD001795","Vu Huynh Khoa","0942552629","11890000","1790616600000","2","SHIPPING"
"ITEM","ORD001795","P751","Cap USB-C Ugreen - Mau 751","1","70000"
"ITEM","ORD001795","P121","Chuot khong day Logitech - Mau 121","2","210000"
"ITEM","ORD001795","P217","Ban phim gaming Corsair - Mau 217","4","2580000"
"ITEM","ORD001795","P013","USB Sandisk - Mau 013","3","360000"
"HISTORY","ORD001795","PENDING","1790616600000"
"HISTORY","ORD001795","PROCESSING","1790620200000"
"HISTORY","ORD001795","SHIPPING","1790623800000"
"ORDER","ORD001796","Pham Ngoc Anh","0980860891","6880000","1790617500000","3","SHIPPING"
"ITEM","ORD001796","P395","O cung HDD Seagate - Mau 395","3","1330000"
"ITEM","ORD001796","P051","Cap USB-C Ugreen - Mau 051","3","330000"
"ITEM","ORD001796","P736","Chuot gaming Razer - Mau 736","1","1900000"
"HISTORY","ORD001796","PENDING","1790617500000"
"HISTORY","ORD001796","PROCESSING","1790621100000"
"HISTORY","ORD001796","SHIPPING","1790624700000"
"ORDER","ORD001797","Hoang Tuan Kiet","0935798706","14330000","1790618400000","3","COMPLETED"
"ITEM","ORD001797","P906","RAM Kingston - Mau 906","1","2490000"
"ITEM","ORD001797","P112","Router WiFi TP-Link - Mau 112","4","640000"
"ITEM","ORD001797","P036","Chuot gaming Razer - Mau 036","2","2140000"
"ITEM","ORD001797","P222","Ban phim Keychron - Mau 222","2","2500000"
"HISTORY","ORD001797","PENDING","1790618400000"
"HISTORY","ORD001797","PROCESSING","1790622000000"
"HISTORY","ORD001797","SHIPPING","1790625600000"
"HISTORY","ORD001797","COMPLETED","1790629200000"
"ORDER","ORD001798","Vo Minh An","0946467050","3500000","1790619300000","3","COMPLETED"
"ITEM","ORD001798","P122","Ban phim Keychron - Mau 122","3","780000"
"ITEM","ORD001798","P792","Router WiFi TP-Link - Mau 792","1","1160000"
"HISTORY","ORD001798","PENDING","1790619300000"
"HISTORY","ORD001798","PROCESSING","1790622900000"
"HISTORY","ORD001798","SHIPPING","1790626500000"
"HISTORY","ORD001798","COMPLETED","1790630100000"
"ORDER","ORD001799","Tran Minh Duc","0997787187","11330000","1790620200000","3","CANCELLED"
"ITEM","ORD001799","P329","Loa Bluetooth JBL - Mau 329","1","5330000"
"ITEM","ORD001799","P931","Cap USB-C Ugreen - Mau 931","3","70000"
"ITEM","ORD001799","P568","Webcam Logitech - Mau 568","3","1210000"
"ITEM","ORD001799","P860","Bo chia HDMI Ugreen - Mau 860","3","720000"
"HISTORY","ORD001799","PENDING","1790620200000"
"HISTORY","ORD001799","PROCESSING","1790623800000"
"HISTORY","ORD001799","CANCELLED","1790627400000"
"ORDER","ORD001800","Hoang Dang Khoa","0965032548","66220000","1790621100000","3","CANCELLED"
"ITEM","ORD001800","P107","Laptop Asus - Mau 107","2","29990000"
"ITEM","ORD001800","P755","O cung HDD Seagate - Mau 755","3","2080000"
"HISTORY","ORD001800","PENDING","1790621100000"
"HISTORY","ORD001800","CANCELLED","1790624700000"
"ORDER","ORD001801","Vu Thanh Nam","0948018939","14600000","1790622000000","1","PENDING"
"ITEM","ORD001801","P997","Ban phim gaming Corsair - Mau 997","4","3650000"
"HISTORY","ORD001801","PENDING","1790622000000"
"ORDER","ORD001802","Dang Lan Chi","0964366053","50380000","1790622900000","1","PENDING"
"ITEM","ORD001802","P067","Laptop Asus - Mau 067","3","14550000"
"ITEM","ORD001802","P653","USB Sandisk - Mau 653","4","570000"
"ITEM","ORD001802","P097","Ban phim gaming Corsair - Mau 097","1","590000"
"ITEM","ORD001802","P510","Sac du phong Anker - Mau 510","2","1930000"
"HISTORY","ORD001802","PENDING","1790622900000"
"ORDER","ORD001803","Phan Lan Chi","0955976586","76360000","1790623800000","1","PROCESSING"
"ITEM","ORD001803","P146","RAM Kingston - Mau 146","1","1160000"
"ITEM","ORD001803","P518","Microphone HyperX - Mau 518","4","930000"
"ITEM","ORD001803","P927","Laptop Asus - Mau 927","2","34890000"
"ITEM","ORD001803","P375","O cung HDD Seagate - Mau 375","1","980000"
"ITEM","ORD001803","P681","Chuot khong day Logitech - Mau 681","2","360000"
"HISTORY","ORD001803","PENDING","1790623800000"
"HISTORY","ORD001803","PROCESSING","1790627400000"
"ORDER","ORD001804","Vu Tuan Kiet","0995511955","38169000","1790624700000","1","PROCESSING"
"ITEM","ORD001804","P930","Sac du phong Anker - Mau 930","3","1485000"
"ITEM","ORD001804","P119","May in Canon - Mau 119","1","7290000"
"ITEM","ORD001804","P287","Laptop Asus - Mau 287","1","16848000"
"ITEM","ORD001804","P879","May in Canon - Mau 879","4","2070000"
"ITEM","ORD001804","P318","Microphone HyperX - Mau 318","2","648000"
"HISTORY","ORD001804","PENDING","1790624700000"
"HISTORY","ORD001804","PROCESSING","1790628300000"
"ORDER","ORD001805","Hoang Minh An","0989786604","14760000","1790625600000","1","SHIPPING"
"ITEM","ORD001805","P305","SSD Samsung - Mau 305","4","3690000"
"HISTORY","ORD001805","PENDING","1790625600000"
"HISTORY","ORD001805","PROCESSING","1790629200000"
"HISTORY","ORD001805","SHIPPING","1790632800000"
"ORDER","ORD001806","Hoang Dinh Hai","0915177441","34910000","1790626500000","2","SHIPPING"
"ITEM","ORD001806","P938","Microphone HyperX - Mau 938","3","3990000"
"ITEM","ORD001806","P814","Gia do laptop Baseus - Mau 814","3","150000"
"ITEM","ORD001806","P483","Man hinh Dell - Mau 483","2","10540000"
"ITEM","ORD001806","P461","Chuot khong day Logitech - Mau 461","2","420000"
"ITEM","ORD001806","P941","Chuot khong day Logitech - Mau 941","1","570000"
"HISTORY","ORD001806","PENDING","1790626500000"
"HISTORY","ORD001806","PROCESSING","1790630100000"
"HISTORY","ORD001806","SHIPPING","1790633700000"
"ORDER","ORD001807","Vu Minh An","0955954190","36160000","1790627400000","2","COMPLETED"
"ITEM","ORD001807","P109","Loa Bluetooth JBL - Mau 109","1","6430000"
"ITEM","ORD001807","P231","Cap USB-C Ugreen - Mau 231","1","130000"
"ITEM","ORD001807","P599","May in Canon - Mau 599","4","2680000"
"ITEM","ORD001807","P661","Chuot khong day Logitech - Mau 661","4","580000"
"ITEM","ORD001807","P977","Ban phim gaming Corsair - Mau 977","4","4140000"
"HISTORY","ORD001807","PENDING","1790627400000"
"HISTORY","ORD001807","PROCESSING","1790631000000"
"HISTORY","ORD001807","SHIPPING","1790634600000"
"HISTORY","ORD001807","COMPLETED","1790638200000"
"ORDER","ORD001808","Vo Thu Ha","0968291394","2720000","1790628300000","2","COMPLETED"
"ITEM","ORD001808","P277","Ban phim gaming Corsair - Mau 277","2","500000"
"ITEM","ORD001808","P738","Microphone HyperX - Mau 738","2","860000"
"HISTORY","ORD001808","PENDING","1790628300000"
"HISTORY","ORD001808","PROCESSING","1790631900000"
"HISTORY","ORD001808","SHIPPING","1790635500000"
"HISTORY","ORD001808","COMPLETED","1790639100000"
"ORDER","ORD001809","Hoang Quang Huy","0928705372","23410000","1790629200000","2","CANCELLED"
"ITEM","ORD001809","P484","Tai nghe Sony - Mau 484","4","5550000"
"ITEM","ORD001809","P568","Webcam Logitech - Mau 568","1","1210000"
"HISTORY","ORD001809","PENDING","1790629200000"
"HISTORY","ORD001809","PROCESSING","1790632800000"
"HISTORY","ORD001809","CANCELLED","1790636400000"
"ORDER","ORD001810","Pham Thu Ha","0920608857","20240000","1790630100000","2","CANCELLED"
"ITEM","ORD001810","P917","Ban phim gaming Corsair - Mau 917","2","1860000"
"ITEM","ORD001810","P330","Sac du phong Anker - Mau 330","1","630000"
"ITEM","ORD001810","P113","USB Sandisk - Mau 113","2","400000"
"ITEM","ORD001810","P644","Tai nghe Sony - Mau 644","3","5030000"
"HISTORY","ORD001810","PENDING","1790630100000"
"HISTORY","ORD001810","CANCELLED","1790633700000"
"ORDER","ORD001811","Phan Huynh Khoa","0934508769","20980000","1790631000000","3","PENDING"
"ITEM","ORD001811","P905","SSD Samsung - Mau 905","2","1150000"
"ITEM","ORD001811","P924","Tai nghe Sony - Mau 924","4","3870000"
"ITEM","ORD001811","P520","Bo chia HDMI Ugreen - Mau 520","4","800000"
"HISTORY","ORD001811","PENDING","1790631000000"
"ORDER","ORD001812","Do Dang Khoa","0971054825","26440000","1790631900000","3","PENDING"
"ITEM","ORD001812","P012","Router WiFi TP-Link - Mau 012","4","2950000"
"ITEM","ORD001812","P271","Cap USB-C Ugreen - Mau 271","4","440000"
"ITEM","ORD001812","P056","Chuot gaming Razer - Mau 056","4","1570000"
"ITEM","ORD001812","P441","Chuot khong day Logitech - Mau 441","1","820000"
"ITEM","ORD001812","P479","May in Canon - Mau 479","1","5780000"
"HISTORY","ORD001812","PENDING","1790631900000"
"ORDER","ORD001813","Hoang Bao Tran","0912007427","20760000","1790632800000","3","PROCESSING"
"ITEM","ORD001813","P735","O cung HDD Seagate - Mau 735","3","2280000"
"ITEM","ORD001813","P544","Tai nghe Sony - Mau 544","3","4640000"
"HISTORY","ORD001813","PENDING","1790632800000"
"HISTORY","ORD001813","PROCESSING","1790636400000"
"ORDER","ORD001814","Huynh Tuan Kiet","0999383469","18980000","1790633700000","3","PROCESSING"
"ITEM","ORD001814","P871","Cap USB-C Ugreen - Mau 871","2","190000"
"ITEM","ORD001814","P396","Chuot gaming Razer - Mau 396","2","1450000"
"ITEM","ORD001814","P840","Bo chia HDMI Ugreen - Mau 840","3","330000"
"ITEM","ORD001814","P297","Ban phim gaming Corsair - Mau 297","3","4210000"
"ITEM","ORD001814","P028","Webcam Logitech - Mau 028","2","1040000"
"HISTORY","ORD001814","PENDING","1790633700000"
"HISTORY","ORD001814","PROCESSING","1790637300000"
"ORDER","ORD001815","Hoang Quang Huy","0952439749","11097000","1790634600000","3","SHIPPING"
"ITEM","ORD001815","P678","Microphone HyperX - Mau 678","2","2322000"
"ITEM","ORD001815","P261","Chuot khong day Logitech - Mau 261","1","765000"
"ITEM","ORD001815","P910","Sac du phong Anker - Mau 910","4","1422000"
"HISTORY","ORD001815","PENDING","1790634600000"
"HISTORY","ORD001815","PROCESSING","1790638200000"
"HISTORY","ORD001815","SHIPPING","1790641800000"
"ORDER","ORD001816","Vu Huynh Khoa","0973816700","690000","1790635500000","1","SHIPPING"
"ITEM","ORD001816","P258","Microphone HyperX - Mau 258","1","690000"
"HISTORY","ORD001816","PENDING","1790635500000"
"HISTORY","ORD001816","PROCESSING","1790639100000"
"HISTORY","ORD001816","SHIPPING","1790642700000"
"ORDER","ORD001817","Le Thu Ha","0957815059","24670000","1790636400000","1","COMPLETED"
"ITEM","ORD001817","P018","Microphone HyperX - Mau 018","4","3780000"
"ITEM","ORD001817","P882","Ban phim Keychron - Mau 882","3","3030000"
"ITEM","ORD001817","P213","USB Sandisk - Mau 213","1","460000"
"HISTORY","ORD001817","PENDING","1790636400000"
"HISTORY","ORD001817","PROCESSING","1790640000000"
"HISTORY","ORD001817","SHIPPING","1790643600000"
"HISTORY","ORD001817","COMPLETED","1790647200000"
"ORDER","ORD001818","Pham Bao Tran","0993813340","5710000","1790637300000","1","COMPLETED"
"ITEM","ORD001818","P516","Chuot gaming Razer - Mau 516","2","2310000"
"ITEM","ORD001818","P208","Webcam Logitech - Mau 208","1","590000"
"ITEM","ORD001818","P611","Cap USB-C Ugreen - Mau 611","2","250000"
"HISTORY","ORD001818","PENDING","1790637300000"
"HISTORY","ORD001818","PROCESSING","1790640900000"
"HISTORY","ORD001818","SHIPPING","1790644500000"
"HISTORY","ORD001818","COMPLETED","1790648100000"
"ORDER","ORD001819","Dang Thanh Nam","0916247571","1440000","1790638200000","1","CANCELLED"
"ITEM","ORD001819","P900","Bo chia HDMI Ugreen - Mau 900","2","720000"
"HISTORY","ORD001819","PENDING","1790638200000"
"HISTORY","ORD001819","PROCESSING","1790641800000"
"HISTORY","ORD001819","CANCELLED","1790645400000"
"ORDER","ORD001820","Vu Dang Khoa","0964054061","7120000","1790639100000","1","CANCELLED"
"ITEM","ORD001820","P762","Ban phim Keychron - Mau 762","4","1780000"
"HISTORY","ORD001820","PENDING","1790639100000"
"HISTORY","ORD001820","CANCELLED","1790642700000"
"ORDER","ORD001821","Hoang Ngoc Anh","0912614462","89590000","1790640000000","2","PENDING"
"ITEM","ORD001821","P367","Laptop Asus - Mau 367","4","22210000"
"ITEM","ORD001821","P920","Bo chia HDMI Ugreen - Mau 920","3","250000"
"HISTORY","ORD001821","PENDING","1790640000000"
"ORDER","ORD001822","Hoang Dinh Hai","0946435966","12490000","1790640900000","2","PENDING"
"ITEM","ORD001822","P006","RAM Kingston - Mau 006","3","2370000"
"ITEM","ORD001822","P933","USB Sandisk - Mau 933","3","170000"
"ITEM","ORD001822","P634","Gia do laptop Baseus - Mau 634","2","240000"
"ITEM","ORD001822","P229","Loa Bluetooth JBL - Mau 229","1","4010000"
"ITEM","ORD001822","P913","USB Sandisk - Mau 913","2","190000"
"HISTORY","ORD001822","PENDING","1790640900000"
"ORDER","ORD001823","Nguyen Bao Tran","0983994568","5080000","1790641800000","2","PROCESSING"
"ITEM","ORD001823","P929","Loa Bluetooth JBL - Mau 929","3","550000"
"ITEM","ORD001823","P233","USB Sandisk - Mau 233","3","510000"
"ITEM","ORD001823","P135","O cung HDD Seagate - Mau 135","1","1900000"
"HISTORY","ORD001823","PENDING","1790641800000"
"HISTORY","ORD001823","PROCESSING","1790645400000"
"ORDER","ORD001824","Nguyen Minh Duc","0933630472","7650000","1790642700000","2","PROCESSING"
"ITEM","ORD001824","P086","RAM Kingston - Mau 086","3","2550000"
"HISTORY","ORD001824","PENDING","1790642700000"
"HISTORY","ORD001824","PROCESSING","1790646300000"
"ORDER","ORD001825","Le Quang Huy","0979911285","9640000","1790643600000","2","SHIPPING"
"ITEM","ORD001825","P321","Chuot khong day Logitech - Mau 321","1","850000"
"ITEM","ORD001825","P896","Chuot gaming Razer - Mau 896","3","2280000"
"ITEM","ORD001825","P215","O cung HDD Seagate - Mau 215","1","1950000"
"HISTORY","ORD001825","PENDING","1790643600000"
"HISTORY","ORD001825","PROCESSING","1790647200000"
"HISTORY","ORD001825","SHIPPING","1790650800000"
"ORDER","ORD001826","Nguyen Thu Ha","0962006518","6579000","1790644500000","3","SHIPPING"
"ITEM","ORD001826","P020","Bo chia HDMI Ugreen - Mau 020","3","369000"
"ITEM","ORD001826","P725","SSD Samsung - Mau 725","2","2124000"
"ITEM","ORD001826","P450","Sac du phong Anker - Mau 450","2","234000"
"ITEM","ORD001826","P671","Cap USB-C Ugreen - Mau 671","2","378000"
"HISTORY","ORD001826","PENDING","1790644500000"
"HISTORY","ORD001826","PROCESSING","1790648100000"
"HISTORY","ORD001826","SHIPPING","1790651700000"
"ORDER","ORD001827","Bui Dang Khoa","0942593259","24640000","1790645400000","3","COMPLETED"
"ITEM","ORD001827","P611","Cap USB-C Ugreen - Mau 611","2","250000"
"ITEM","ORD001827","P958","Microphone HyperX - Mau 958","1","1640000"
"ITEM","ORD001827","P667","Laptop Asus - Mau 667","1","20190000"
"ITEM","ORD001827","P170","Sac du phong Anker - Mau 170","3","770000"
"HISTORY","ORD001827","PENDING","1790645400000"
"HISTORY","ORD001827","PROCESSING","1790649000000"
"HISTORY","ORD001827","SHIPPING","1790652600000"
"HISTORY","ORD001827","COMPLETED","1790656200000"
"ORDER","ORD001828","Dang Thu Ha","0913487711","43660000","1790646300000","3","COMPLETED"
"ITEM","ORD001828","P727","Laptop Asus - Mau 727","1","32410000"
"ITEM","ORD001828","P042","Ban phim Keychron - Mau 042","4","1700000"
"ITEM","ORD001828","P184","Tai nghe Sony - Mau 184","1","4450000"
"HISTORY","ORD001828","PENDING","1790646300000"
"HISTORY","ORD001828","PROCESSING","1790649900000"
"HISTORY","ORD001828","SHIPPING","1790653500000"
"HISTORY","ORD001828","COMPLETED","1790657100000"
"ORDER","ORD001829","Nguyen Thu Ha","0941916351","20050000","1790647200000","3","CANCELLED"
"ITEM","ORD001829","P079","May in Canon - Mau 079","4","2810000"
"ITEM","ORD001829","P800","Bo chia HDMI Ugreen - Mau 800","1","250000"
"ITEM","ORD001829","P313","USB Sandisk - Mau 313","4","590000"
"ITEM","ORD001829","P578","Microphone HyperX - Mau 578","2","3100000"
"HISTORY","ORD001829","PENDING","1790647200000"
"HISTORY","ORD001829","PROCESSING","1790650800000"
"HISTORY","ORD001829","CANCELLED","1790654400000"
"ORDER","ORD001830","Pham Tuan Kiet","0996128351","16780000","1790648100000","3","CANCELLED"
"ITEM","ORD001830","P046","RAM Kingston - Mau 046","2","890000"
"ITEM","ORD001830","P344","Tai nghe Sony - Mau 344","2","6090000"
"ITEM","ORD001830","P373","USB Sandisk - Mau 373","4","600000"
"ITEM","ORD001830","P893","USB Sandisk - Mau 893","2","210000"
"HISTORY","ORD001830","PENDING","1790648100000"
"HISTORY","ORD001830","CANCELLED","1790651700000"
"ORDER","ORD001831","Le Bao Tran","0990799226","55030000","1790649000000","1","PENDING"
"ITEM","ORD001831","P550","Sac du phong Anker - Mau 550","3","1530000"
"ITEM","ORD001831","P826","RAM Kingston - Mau 826","4","1690000"
"ITEM","ORD001831","P563","Man hinh Dell - Mau 563","4","10850000"
"ITEM","ORD001831","P153","USB Sandisk - Mau 153","1","280000"
"HISTORY","ORD001831","PENDING","1790649000000"
"ORDER","ORD001832","Vo Minh Duc","0915805023","16500000","1790649900000","1","PENDING"
"ITEM","ORD001832","P655","O cung HDD Seagate - Mau 655","4","2250000"
"ITEM","ORD001832","P926","RAM Kingston - Mau 926","2","2340000"
"ITEM","ORD001832","P246","RAM Kingston - Mau 246","2","1410000"
"HISTORY","ORD001832","PENDING","1790649900000"
"ORDER","ORD001833","Pham Dang Khoa","0977956197","21010000","1790650800000","1","PROCESSING"
"ITEM","ORD001833","P185","SSD Samsung - Mau 185","2","1480000"
"ITEM","ORD001833","P079","May in Canon - Mau 079","1","2810000"
"ITEM","ORD001833","P859","May in Canon - Mau 859","4","3810000"
"HISTORY","ORD001833","PENDING","1790650800000"
"HISTORY","ORD001833","PROCESSING","1790654400000"
"ORDER","ORD001834","Pham Bao Tran","0966223130","5720000","1790651700000","1","PROCESSING"
"ITEM","ORD001834","P001","Chuot khong day Logitech M185","2","500000"
"ITEM","ORD001834","P711","Cap USB-C Ugreen - Mau 711","2","320000"
"ITEM","ORD001834","P469","Loa Bluetooth JBL - Mau 469","1","1800000"
"ITEM","ORD001834","P896","Chuot gaming Razer - Mau 896","1","2280000"
"HISTORY","ORD001834","PENDING","1790651700000"
"HISTORY","ORD001834","PROCESSING","1790655300000"
"ORDER","ORD001835","Bui Lan Chi","0967788980","7660000","1790652600000","1","SHIPPING"
"ITEM","ORD001835","P171","Cap USB-C Ugreen - Mau 171","2","410000"
"ITEM","ORD001835","P080","Bo chia HDMI Ugreen - Mau 080","2","360000"
"ITEM","ORD001835","P823","Man hinh Dell - Mau 823","3","2040000"
"HISTORY","ORD001835","PENDING","1790652600000"
"HISTORY","ORD001835","PROCESSING","1790656200000"
"HISTORY","ORD001835","SHIPPING","1790659800000"
"ORDER","ORD001836","Do Ngoc Anh","0960395135","35560000","1790653500000","2","SHIPPING"
"ITEM","ORD001836","P317","Ban phim gaming Corsair - Mau 317","4","1520000"
"ITEM","ORD001836","P155","O cung HDD Seagate - Mau 155","1","1140000"
"ITEM","ORD001836","P817","Ban phim gaming Corsair - Mau 817","4","2930000"
"ITEM","ORD001836","P779","May in Canon - Mau 779","2","7210000"
"ITEM","ORD001836","P750","Sac du phong Anker - Mau 750","4","550000"
"HISTORY","ORD001836","PENDING","1790653500000"
"HISTORY","ORD001836","PROCESSING","1790657100000"
"HISTORY","ORD001836","SHIPPING","1790660700000"
"ORDER","ORD001837","Vu Lan Chi","0956437685","4230000","1790654400000","2","COMPLETED"
"ITEM","ORD001837","P430","Sac du phong Anker - Mau 430","4","747000"
"ITEM","ORD001837","P912","Router WiFi TP-Link - Mau 912","2","621000"
"HISTORY","ORD001837","PENDING","1790654400000"
"HISTORY","ORD001837","PROCESSING","1790658000000"
"HISTORY","ORD001837","SHIPPING","1790661600000"
"HISTORY","ORD001837","COMPLETED","1790665200000"
"ORDER","ORD001838","Do Lan Chi","0951036216","25140000","1790655300000","2","COMPLETED"
"ITEM","ORD001838","P915","O cung HDD Seagate - Mau 915","3","1960000"
"ITEM","ORD001838","P523","Man hinh Dell - Mau 523","3","5520000"
"ITEM","ORD001838","P179","May in Canon - Mau 179","1","2700000"
"HISTORY","ORD001838","PENDING","1790655300000"
"HISTORY","ORD001838","PROCESSING","1790658900000"
"HISTORY","ORD001838","SHIPPING","1790662500000"
"HISTORY","ORD001838","COMPLETED","1790666100000"
"ORDER","ORD001839","Huynh Minh Duc","0990653759","20210000","1790656200000","2","CANCELLED"
"ITEM","ORD001839","P474","Gia do laptop Baseus - Mau 474","4","640000"
"ITEM","ORD001839","P676","Chuot gaming Razer - Mau 676","1","890000"
"ITEM","ORD001839","P319","May in Canon - Mau 319","4","3690000"
"ITEM","ORD001839","P306","RAM Kingston - Mau 306","1","2000000"
"HISTORY","ORD001839","PENDING","1790656200000"
"HISTORY","ORD001839","PROCESSING","1790659800000"
"HISTORY","ORD001839","CANCELLED","1790663400000"
"ORDER","ORD001840","Vo Tuan Kiet","0913182624","2390000","1790657100000","2","CANCELLED"
"ITEM","ORD001840","P466","RAM Kingston - Mau 466","1","2390000"
"HISTORY","ORD001840","PENDING","1790657100000"
"HISTORY","ORD001840","CANCELLED","1790660700000"
"ORDER","ORD001841","Vo Ngoc Anh","0974193606","5750000","1790658000000","3","PENDING"
"ITEM","ORD001841","P971","Cap USB-C Ugreen - Mau 971","3","290000"
"ITEM","ORD001841","P162","Ban phim Keychron - Mau 162","3","510000"
"ITEM","ORD001841","P710","Sac du phong Anker - Mau 710","2","670000"
"ITEM","ORD001841","P138","Microphone HyperX - Mau 138","2","910000"
"ITEM","ORD001841","P733","USB Sandisk - Mau 733","1","190000"
"HISTORY","ORD001841","PENDING","1790658000000"
"ORDER","ORD001842","Bui Ngoc Anh","0917137377","13200000","1790658900000","3","PENDING"
"ITEM","ORD001842","P391","Cap USB-C Ugreen - Mau 391","3","60000"
"ITEM","ORD001842","P024","Tai nghe Sony - Mau 024","2","2460000"
"ITEM","ORD001842","P179","May in Canon - Mau 179","3","2700000"
"HISTORY","ORD001842","PENDING","1790658900000"
"ORDER","ORD001843","Do Bao Tran","0948266182","23280000","1790659800000","3","PROCESSING"
"ITEM","ORD001843","P701","Chuot khong day Logitech - Mau 701","4","810000"
"ITEM","ORD001843","P540","Bo chia HDMI Ugreen - Mau 540","4","810000"
"ITEM","ORD001843","P244","Tai nghe Sony - Mau 244","4","4200000"
"HISTORY","ORD001843","PENDING","1790659800000"
"HISTORY","ORD001843","PROCESSING","1790663400000"
"ORDER","ORD001844","Phan Tuan Kiet","0925115402","440000","1790660700000","3","PROCESSING"
"ITEM","ORD001844","P673","USB Sandisk - Mau 673","4","110000"
"HISTORY","ORD001844","PENDING","1790660700000"
"HISTORY","ORD001844","PROCESSING","1790664300000"
"ORDER","ORD001845","Vu Tuan Kiet","0958534202","12180000","1790661600000","3","SHIPPING"
"ITEM","ORD001845","P375","O cung HDD Seagate - Mau 375","1","980000"
"ITEM","ORD001845","P004","Tai nghe Sony - Mau 004","2","4110000"
"ITEM","ORD001845","P886","RAM Kingston - Mau 886","2","1490000"
"HISTORY","ORD001845","PENDING","1790661600000"
"HISTORY","ORD001845","PROCESSING","1790665200000"
"HISTORY","ORD001845","SHIPPING","1790668800000"
"ORDER","ORD001846","Huynh Quang Huy","0960108566","65460000","1790662500000","1","SHIPPING"
"ITEM","ORD001846","P707","Laptop Asus - Mau 707","2","32730000"
"HISTORY","ORD001846","PENDING","1790662500000"
"HISTORY","ORD001846","PROCESSING","1790666100000"
"HISTORY","ORD001846","SHIPPING","1790669700000"
"ORDER","ORD001847","Vu Tuan Kiet","0993143035","57320000","1790663400000","1","COMPLETED"
"ITEM","ORD001847","P345","SSD Samsung - Mau 345","1","3620000"
"ITEM","ORD001847","P747","Laptop Asus - Mau 747","3","17900000"
"HISTORY","ORD001847","PENDING","1790663400000"
"HISTORY","ORD001847","PROCESSING","1790667000000"
"HISTORY","ORD001847","SHIPPING","1790670600000"
"HISTORY","ORD001847","COMPLETED","1790674200000"
"ORDER","ORD001848","Hoang Dang Khoa","0984486511","22536000","1790664300000","1","COMPLETED"
"ITEM","ORD001848","P604","Tai nghe Sony - Mau 604","4","5634000"
"HISTORY","ORD001848","PENDING","1790664300000"
"HISTORY","ORD001848","PROCESSING","1790667900000"
"HISTORY","ORD001848","SHIPPING","1790671500000"
"HISTORY","ORD001848","COMPLETED","1790675100000"
"ORDER","ORD001849","Bui Thu Ha","0991221725","1580000","1790665200000","1","CANCELLED"
"ITEM","ORD001849","P342","Ban phim Keychron - Mau 342","1","1580000"
"HISTORY","ORD001849","PENDING","1790665200000"
"HISTORY","ORD001849","PROCESSING","1790668800000"
"HISTORY","ORD001849","CANCELLED","1790672400000"
"ORDER","ORD001850","Pham Dinh Hai","0938166710","16920000","1790666100000","1","CANCELLED"
"ITEM","ORD001850","P919","May in Canon - Mau 919","3","5200000"
"ITEM","ORD001850","P571","Cap USB-C Ugreen - Mau 571","4","330000"
"HISTORY","ORD001850","PENDING","1790666100000"
"HISTORY","ORD001850","CANCELLED","1790669700000"
"ORDER","ORD001851","Pham Minh An","0944031554","9490000","1790667000000","2","PENDING"
"ITEM","ORD001851","P038","Microphone HyperX - Mau 038","1","1420000"
"ITEM","ORD001851","P922","Ban phim Keychron - Mau 922","3","2690000"
"HISTORY","ORD001851","PENDING","1790667000000"
"ORDER","ORD001852","Vu Thanh Nam","0911237240","23010000","1790667900000","2","PENDING"
"ITEM","ORD001852","P860","Bo chia HDMI Ugreen - Mau 860","4","720000"
"ITEM","ORD001852","P914","Gia do laptop Baseus - Mau 914","4","570000"
"ITEM","ORD001852","P443","Man hinh Dell - Mau 443","3","5790000"
"ITEM","ORD001852","P374","Gia do laptop Baseus - Mau 374","2","240000"
"HISTORY","ORD001852","PENDING","1790667900000"
"ORDER","ORD001853","Phan Dinh Hai","0923892814","4730000","1790668800000","2","PROCESSING"
"ITEM","ORD001853","P853","USB Sandisk - Mau 853","1","120000"
"ITEM","ORD001853","P905","SSD Samsung - Mau 905","2","1150000"
"ITEM","ORD001853","P278","Microphone HyperX - Mau 278","3","610000"
"ITEM","ORD001853","P634","Gia do laptop Baseus - Mau 634","2","240000"
"HISTORY","ORD001853","PENDING","1790668800000"
"HISTORY","ORD001853","PROCESSING","1790672400000"
"ORDER","ORD001854","Do Dinh Hai","0928441934","7860000","1790669700000","2","PROCESSING"
"ITEM","ORD001854","P569","Loa Bluetooth JBL - Mau 569","2","3930000"
"HISTORY","ORD001854","PENDING","1790669700000"
"HISTORY","ORD001854","PROCESSING","1790673300000"
"ORDER","ORD001855","Hoang Dinh Hai","0951392185","68630000","1790670600000","2","SHIPPING"
"ITEM","ORD001855","P591","Cap USB-C Ugreen - Mau 591","4","70000"
"ITEM","ORD001855","P100","Bo chia HDMI Ugreen - Mau 100","3","220000"
"ITEM","ORD001855","P727","Laptop Asus - Mau 727","2","32410000"
"ITEM","ORD001855","P845","SSD Samsung - Mau 845","1","2870000"
"HISTORY","ORD001855","PENDING","1790670600000"
"HISTORY","ORD001855","PROCESSING","1790674200000"
"HISTORY","ORD001855","SHIPPING","1790677800000"
"ORDER","ORD001856","Phan Huynh Khoa","0976125066","15590000","1790671500000","3","SHIPPING"
"ITEM","ORD001856","P522","Ban phim Keychron - Mau 522","3","3170000"
"ITEM","ORD001856","P954","Gia do laptop Baseus - Mau 954","2","370000"
"ITEM","ORD001856","P316","Chuot gaming Razer - Mau 316","3","360000"
"ITEM","ORD001856","P255","O cung HDD Seagate - Mau 255","3","1420000"
"HISTORY","ORD001856","PENDING","1790671500000"
"HISTORY","ORD001856","PROCESSING","1790675100000"
"HISTORY","ORD001856","SHIPPING","1790678700000"
"ORDER","ORD001857","Hoang Dang Khoa","0983512570","18880000","1790672400000","3","COMPLETED"
"ITEM","ORD001857","P455","O cung HDD Seagate - Mau 455","2","1880000"
"ITEM","ORD001857","P018","Microphone HyperX - Mau 018","4","3780000"
"HISTORY","ORD001857","PENDING","1790672400000"
"HISTORY","ORD001857","PROCESSING","1790676000000"
"HISTORY","ORD001857","SHIPPING","1790679600000"
"HISTORY","ORD001857","COMPLETED","1790683200000"
"ORDER","ORD001858","Tran Quang Huy","0963133810","120240000","1790673300000","3","COMPLETED"
"ITEM","ORD001858","P720","Bo chia HDMI Ugreen - Mau 720","1","450000"
"ITEM","ORD001858","P472","Router WiFi TP-Link - Mau 472","4","1300000"
"ITEM","ORD001858","P387","Laptop Asus - Mau 387","3","33030000"
"ITEM","ORD001858","P299","May in Canon - Mau 299","2","7750000"
"HISTORY","ORD001858","PENDING","1790673300000"
"HISTORY","ORD001858","PROCESSING","1790676900000"
"HISTORY","ORD001858","SHIPPING","1790680500000"
"HISTORY","ORD001858","COMPLETED","1790684100000"
"ORDER","ORD001859","Vu Thanh Nam","0998770852","26541000","1790674200000","3","CANCELLED"
"ITEM","ORD001859","P983","Man hinh Dell - Mau 983","2","9279000"
"ITEM","ORD001859","P053","USB Sandisk - Mau 053","4","495000"
"ITEM","ORD001859","P332","Router WiFi TP-Link - Mau 332","4","1386000"
"ITEM","ORD001859","P162","Ban phim Keychron - Mau 162","1","459000"
"HISTORY","ORD001859","PENDING","1790674200000"
"HISTORY","ORD001859","PROCESSING","1790677800000"
"HISTORY","ORD001859","CANCELLED","1790681400000"
"ORDER","ORD001860","Vo Huynh Khoa","0990015319","38530000","1790675100000","3","CANCELLED"
"ITEM","ORD001860","P168","Webcam Logitech - Mau 168","3","1890000"
"ITEM","ORD001860","P727","Laptop Asus - Mau 727","1","32410000"
"ITEM","ORD001860","P551","Cap USB-C Ugreen - Mau 551","1","450000"
"HISTORY","ORD001860","PENDING","1790675100000"
"HISTORY","ORD001860","CANCELLED","1790678700000"
"ORDER","ORD001861","Pham Lan Chi","0991362896","12890000","1790676000000","1","PENDING"
"ITEM","ORD001861","P662","Ban phim Keychron - Mau 662","4","2480000"
"ITEM","ORD001861","P751","Cap USB-C Ugreen - Mau 751","1","70000"
"ITEM","ORD001861","P758","Microphone HyperX - Mau 758","4","540000"
"ITEM","ORD001861","P821","Chuot khong day Logitech - Mau 821","2","370000"
"HISTORY","ORD001861","PENDING","1790676000000"
"ORDER","ORD001862","Bui Ngoc Anh","0965324719","11190000","1790676900000","1","PENDING"
"ITEM","ORD001862","P479","May in Canon - Mau 479","1","5780000"
"ITEM","ORD001862","P377","Ban phim gaming Corsair - Mau 377","1","3810000"
"ITEM","ORD001862","P694","Gia do laptop Baseus - Mau 694","2","800000"
"HISTORY","ORD001862","PENDING","1790676900000"
"ORDER","ORD001863","Vo Ngoc Anh","0999908834","25850000","1790677800000","1","PROCESSING"
"ITEM","ORD001863","P633","USB Sandisk - Mau 633","3","590000"
"ITEM","ORD001863","P154","Gia do laptop Baseus - Mau 154","4","790000"
"ITEM","ORD001863","P703","Man hinh Dell - Mau 703","2","6580000"
"ITEM","ORD001863","P728","Webcam Logitech - Mau 728","4","1940000"
"HISTORY","ORD001863","PENDING","1790677800000"
"HISTORY","ORD001863","PROCESSING","1790681400000"
"ORDER","ORD001864","Pham Ngoc Anh","0969587099","6850000","1790678700000","1","PROCESSING"
"ITEM","ORD001864","P121","Chuot khong day Logitech - Mau 121","2","210000"
"ITEM","ORD001864","P394","Gia do laptop Baseus - Mau 394","4","120000"
"ITEM","ORD001864","P280","Bo chia HDMI Ugreen - Mau 280","1","130000"
"ITEM","ORD001864","P888","Webcam Logitech - Mau 888","3","1700000"
"ITEM","ORD001864","P374","Gia do laptop Baseus - Mau 374","3","240000"
"HISTORY","ORD001864","PENDING","1790678700000"
"HISTORY","ORD001864","PROCESSING","1790682300000"
"ORDER","ORD001865","Huynh Ngoc Anh","0933920731","16290000","1790679600000","1","SHIPPING"
"ITEM","ORD001865","P832","Router WiFi TP-Link - Mau 832","2","3430000"
"ITEM","ORD001865","P110","Sac du phong Anker - Mau 110","1","390000"
"ITEM","ORD001865","P337","Ban phim gaming Corsair - Mau 337","4","1560000"
"ITEM","ORD001865","P076","Chuot gaming Razer - Mau 076","4","700000"
"HISTORY","ORD001865","PENDING","1790679600000"
"HISTORY","ORD001865","PROCESSING","1790683200000"
"HISTORY","ORD001865","SHIPPING","1790686800000"
"ORDER","ORD001866","Le Lan Chi","0977316201","3000000","1790680500000","2","SHIPPING"
"ITEM","ORD001866","P534","Gia do laptop Baseus - Mau 534","1","790000"
"ITEM","ORD001866","P969","Loa Bluetooth JBL - Mau 969","1","2210000"
"HISTORY","ORD001866","PENDING","1790680500000"
"HISTORY","ORD001866","PROCESSING","1790684100000"
"HISTORY","ORD001866","SHIPPING","1790687700000"
"ORDER","ORD001867","Dang Ngoc Anh","0985207571","64960000","1790681400000","2","COMPLETED"
"ITEM","ORD001867","P827","Laptop Asus - Mau 827","1","30860000"
"ITEM","ORD001867","P259","May in Canon - Mau 259","4","8000000"
"ITEM","ORD001867","P084","Tai nghe Sony - Mau 084","3","700000"
"HISTORY","ORD001867","PENDING","1790681400000"
"HISTORY","ORD001867","PROCESSING","1790685000000"
"HISTORY","ORD001867","SHIPPING","1790688600000"
"HISTORY","ORD001867","COMPLETED","1790692200000"
"ORDER","ORD001868","Tran Bao Tran","0917041007","3160000","1790682300000","2","COMPLETED"
"ITEM","ORD001868","P334","Gia do laptop Baseus - Mau 334","4","790000"
"HISTORY","ORD001868","PENDING","1790682300000"
"HISTORY","ORD001868","PROCESSING","1790685900000"
"HISTORY","ORD001868","SHIPPING","1790689500000"
"HISTORY","ORD001868","COMPLETED","1790693100000"
"ORDER","ORD001869","Huynh Minh Duc","0964997825","36690000","1790683200000","2","CANCELLED"
"ITEM","ORD001869","P907","Laptop Asus - Mau 907","3","12230000"
"HISTORY","ORD001869","PENDING","1790683200000"
"HISTORY","ORD001869","PROCESSING","1790686800000"
"HISTORY","ORD001869","CANCELLED","1790690400000"
"ORDER","ORD001870","Do Thu Ha","0950334172","7803000","1790684100000","2","CANCELLED"
"ITEM","ORD001870","P655","O cung HDD Seagate - Mau 655","3","2025000"
"ITEM","ORD001870","P968","Webcam Logitech - Mau 968","4","432000"
"HISTORY","ORD001870","PENDING","1790684100000"
"HISTORY","ORD001870","CANCELLED","1790687700000"
"ORDER","ORD001871","Bui Huynh Khoa","0916946048","3700000","1790685000000","3","PENDING"
"ITEM","ORD001871","P201","Chuot khong day Logitech - Mau 201","2","760000"
"ITEM","ORD001871","P596","Chuot gaming Razer - Mau 596","2","1090000"
"HISTORY","ORD001871","PENDING","1790685000000"
"ORDER","ORD001872","Phan Thanh Nam","0948978962","19760000","1790685900000","3","PENDING"
"ITEM","ORD001872","P309","Loa Bluetooth JBL - Mau 309","4","3560000"
"ITEM","ORD001872","P941","Chuot khong day Logitech - Mau 941","2","570000"
"ITEM","ORD001872","P193","USB Sandisk - Mau 193","4","170000"
"ITEM","ORD001872","P881","Chuot khong day Logitech - Mau 881","2","310000"
"ITEM","ORD001872","P332","Router WiFi TP-Link - Mau 332","2","1540000"
"HISTORY","ORD001872","PENDING","1790685900000"
"ORDER","ORD001873","Pham Lan Chi","0997182575","39370000","1790686800000","3","PROCESSING"
"ITEM","ORD001873","P013","USB Sandisk - Mau 013","4","360000"
"ITEM","ORD001873","P960","Bo chia HDMI Ugreen - Mau 960","4","750000"
"ITEM","ORD001873","P444","Tai nghe Sony - Mau 444","4","6530000"
"ITEM","ORD001873","P465","SSD Samsung - Mau 465","1","4210000"
"ITEM","ORD001873","P879","May in Canon - Mau 879","2","2300000"
"HISTORY","ORD001873","PENDING","1790686800000"
"HISTORY","ORD001873","PROCESSING","1790690400000"
"ORDER","ORD001874","Tran Minh Duc","0991043697","29190000","1790687700000","3","PROCESSING"
"ITEM","ORD001874","P003","Man hinh Dell 24 inch","2","3000000"
"ITEM","ORD001874","P792","Router WiFi TP-Link - Mau 792","3","1160000"
"ITEM","ORD001874","P378","Microphone HyperX - Mau 378","2","3810000"
"ITEM","ORD001874","P399","May in Canon - Mau 399","4","1590000"
"ITEM","ORD001874","P290","Sac du phong Anker - Mau 290","3","1910000"
"HISTORY","ORD001874","PENDING","1790687700000"
"HISTORY","ORD001874","PROCESSING","1790691300000"
"ORDER","ORD001875","Bui Dinh Hai","0982438000","21770000","1790688600000","3","SHIPPING"
"ITEM","ORD001875","P382","Ban phim Keychron - Mau 382","3","1060000"
"ITEM","ORD001875","P226","RAM Kingston - Mau 226","4","1070000"
"ITEM","ORD001875","P923","Man hinh Dell - Mau 923","1","4360000"
"ITEM","ORD001875","P571","Cap USB-C Ugreen - Mau 571","1","330000"
"ITEM","ORD001875","P303","Man hinh Dell - Mau 303","2","4810000"
"HISTORY","ORD001875","PENDING","1790688600000"
"HISTORY","ORD001875","PROCESSING","1790692200000"
"HISTORY","ORD001875","SHIPPING","1790695800000"
"ORDER","ORD001876","Hoang Quang Huy","0966594289","111170000","1790689500000","1","SHIPPING"
"ITEM","ORD001876","P947","Laptop Asus - Mau 947","4","24830000"
"ITEM","ORD001876","P343","Man hinh Dell - Mau 343","1","11850000"
"HISTORY","ORD001876","PENDING","1790689500000"
"HISTORY","ORD001876","PROCESSING","1790693100000"
"HISTORY","ORD001876","SHIPPING","1790696700000"
"ORDER","ORD001877","Dang Quang Huy","0924926770","14780000","1790690400000","1","COMPLETED"
"ITEM","ORD001877","P196","Chuot gaming Razer - Mau 196","2","2440000"
"ITEM","ORD001877","P890","Sac du phong Anker - Mau 890","3","1780000"
"ITEM","ORD001877","P552","Router WiFi TP-Link - Mau 552","1","1320000"
"ITEM","ORD001877","P242","Ban phim Keychron - Mau 242","2","1620000"
"HISTORY","ORD001877","PENDING","1790690400000"
"HISTORY","ORD001877","PROCESSING","1790694000000"
"HISTORY","ORD001877","SHIPPING","1790697600000"
"HISTORY","ORD001877","COMPLETED","1790701200000"
"ORDER","ORD001878","Dang Lan Chi","0939532678","360000","1790691300000","1","COMPLETED"
"ITEM","ORD001878","P940","Bo chia HDMI Ugreen - Mau 940","3","120000"
"HISTORY","ORD001878","PENDING","1790691300000"
"HISTORY","ORD001878","PROCESSING","1790694900000"
"HISTORY","ORD001878","SHIPPING","1790698500000"
"HISTORY","ORD001878","COMPLETED","1790702100000"
"ORDER","ORD001879","Phan Bao Tran","0955720373","770000","1790692200000","1","CANCELLED"
"ITEM","ORD001879","P170","Sac du phong Anker - Mau 170","1","770000"
"HISTORY","ORD001879","PENDING","1790692200000"
"HISTORY","ORD001879","PROCESSING","1790695800000"
"HISTORY","ORD001879","CANCELLED","1790699400000"
"ORDER","ORD001880","Hoang Quang Huy","0958583341","18040000","1790693100000","1","CANCELLED"
"ITEM","ORD001880","P945","SSD Samsung - Mau 945","3","4430000"
"ITEM","ORD001880","P561","Chuot khong day Logitech - Mau 561","3","530000"
"ITEM","ORD001880","P094","Gia do laptop Baseus - Mau 094","4","790000"
"HISTORY","ORD001880","PENDING","1790693100000"
"HISTORY","ORD001880","CANCELLED","1790696700000"
"ORDER","ORD001881","Dang Quang Huy","0926940305","14454000","1790694000000","2","PENDING"
"ITEM","ORD001881","P171","Cap USB-C Ugreen - Mau 171","4","369000"
"ITEM","ORD001881","P915","O cung HDD Seagate - Mau 915","1","1764000"
"ITEM","ORD001881","P654","Gia do laptop Baseus - Mau 654","2","441000"
"ITEM","ORD001881","P845","SSD Samsung - Mau 845","4","2583000"
"HISTORY","ORD001881","PENDING","1790694000000"
"ORDER","ORD001882","Phan Thanh Nam","0975383994","64080000","1790694900000","2","PENDING"
"ITEM","ORD001882","P805","SSD Samsung - Mau 805","4","1560000"
"ITEM","ORD001882","P868","Webcam Logitech - Mau 868","3","2330000"
"ITEM","ORD001882","P587","Laptop Asus - Mau 587","3","16950000"
"HISTORY","ORD001882","PENDING","1790694900000"
"ORDER","ORD001883","Do Tuan Kiet","0987861737","5640000","1790695800000","2","PROCESSING"
"ITEM","ORD001883","P482","Ban phim Keychron - Mau 482","1","2740000"
"ITEM","ORD001883","P052","Router WiFi TP-Link - Mau 052","1","2900000"
"HISTORY","ORD001883","PENDING","1790695800000"
"HISTORY","ORD001883","PROCESSING","1790699400000"
"ORDER","ORD001884","Le Dinh Hai","0935487834","23980000","1790696700000","2","PROCESSING"
"ITEM","ORD001884","P146","RAM Kingston - Mau 146","4","1160000"
"ITEM","ORD001884","P441","Chuot khong day Logitech - Mau 441","2","820000"
"ITEM","ORD001884","P995","O cung HDD Seagate - Mau 995","4","2730000"
"ITEM","ORD001884","P046","RAM Kingston - Mau 046","3","890000"
"ITEM","ORD001884","P582","Ban phim Keychron - Mau 582","3","1370000"
"HISTORY","ORD001884","PENDING","1790696700000"
"HISTORY","ORD001884","PROCESSING","1790700300000"
"ORDER","ORD001885","Tran Thu Ha","0956129485","8810000","1790697600000","2","SHIPPING"
"ITEM","ORD001885","P090","Sac du phong Anker - Mau 090","4","1070000"
"ITEM","ORD001885","P939","May in Canon - Mau 939","3","1510000"
"HISTORY","ORD001885","PENDING","1790697600000"
"HISTORY","ORD001885","PROCESSING","1790701200000"
"HISTORY","ORD001885","SHIPPING","1790704800000"
"ORDER","ORD001886","Le Ngoc Anh","0967893189","171160000","1790698500000","3","SHIPPING"
"ITEM","ORD001886","P967","Laptop Asus - Mau 967","4","30150000"
"ITEM","ORD001886","P532","Router WiFi TP-Link - Mau 532","3","2110000"
"ITEM","ORD001886","P783","Man hinh Dell - Mau 783","4","9610000"
"ITEM","ORD001886","P443","Man hinh Dell - Mau 443","1","5790000"
"HISTORY","ORD001886","PENDING","1790698500000"
"HISTORY","ORD001886","PROCESSING","1790702100000"
"HISTORY","ORD001886","SHIPPING","1790705700000"
"ORDER","ORD001887","Vo Lan Chi","0922398797","7190000","1790699400000","3","COMPLETED"
"ITEM","ORD001887","P110","Sac du phong Anker - Mau 110","3","390000"
"ITEM","ORD001887","P192","Router WiFi TP-Link - Mau 192","2","2770000"
"ITEM","ORD001887","P541","Chuot khong day Logitech - Mau 541","4","120000"
"HISTORY","ORD001887","PENDING","1790699400000"
"HISTORY","ORD001887","PROCESSING","1790703000000"
"HISTORY","ORD001887","SHIPPING","1790706600000"
"HISTORY","ORD001887","COMPLETED","1790710200000"
"ORDER","ORD001888","Dang Lan Chi","0999803280","72180000","1790700300000","3","COMPLETED"
"ITEM","ORD001888","P747","Laptop Asus - Mau 747","4","17900000"
"ITEM","ORD001888","P131","Cap USB-C Ugreen - Mau 131","2","290000"
"HISTORY","ORD001888","PENDING","1790700300000"
"HISTORY","ORD001888","PROCESSING","1790703900000"
"HISTORY","ORD001888","SHIPPING","1790707500000"
"HISTORY","ORD001888","COMPLETED","1790711100000"
"ORDER","ORD001889","Hoang Dinh Hai","0927380583","12100000","1790701200000","3","CANCELLED"
"ITEM","ORD001889","P777","Ban phim gaming Corsair - Mau 777","3","2940000"
"ITEM","ORD001889","P958","Microphone HyperX - Mau 958","2","1640000"
"HISTORY","ORD001889","PENDING","1790701200000"
"HISTORY","ORD001889","PROCESSING","1790704800000"
"HISTORY","ORD001889","CANCELLED","1790708400000"
"ORDER","ORD001890","Bui Bao Tran","0928769714","22000000","1790702100000","3","CANCELLED"
"ITEM","ORD001890","P749","Loa Bluetooth JBL - Mau 749","1","3180000"
"ITEM","ORD001890","P924","Tai nghe Sony - Mau 924","3","3870000"
"ITEM","ORD001890","P463","Man hinh Dell - Mau 463","1","7210000"
"HISTORY","ORD001890","PENDING","1790702100000"
"HISTORY","ORD001890","CANCELLED","1790705700000"
"ORDER","ORD001891","Vo Tuan Kiet","0982429704","29290000","1790703000000","1","PENDING"
"ITEM","ORD001891","P409","Loa Bluetooth JBL - Mau 409","4","5980000"
"ITEM","ORD001891","P990","Sac du phong Anker - Mau 990","1","260000"
"ITEM","ORD001891","P945","SSD Samsung - Mau 945","1","4430000"
"ITEM","ORD001891","P193","USB Sandisk - Mau 193","4","170000"
"HISTORY","ORD001891","PENDING","1790703000000"
"ORDER","ORD001892","Bui Lan Chi","0924146117","12123000","1790703900000","1","PENDING"
"ITEM","ORD001892","P893","USB Sandisk - Mau 893","1","189000"
"ITEM","ORD001892","P429","Loa Bluetooth JBL - Mau 429","2","1638000"
"ITEM","ORD001892","P090","Sac du phong Anker - Mau 090","4","963000"
"ITEM","ORD001892","P762","Ban phim Keychron - Mau 762","3","1602000"
"HISTORY","ORD001892","PENDING","1790703900000"
"ORDER","ORD001893","Phan Quang Huy","0944292707","8240000","1790704800000","1","PROCESSING"
"ITEM","ORD001893","P437","Ban phim gaming Corsair - Mau 437","4","1350000"
"ITEM","ORD001893","P002","Ban phim Keychron K2","2","750000"
"ITEM","ORD001893","P128","Webcam Logitech - Mau 128","1","1340000"
"HISTORY","ORD001893","PENDING","1790704800000"
"HISTORY","ORD001893","PROCESSING","1790708400000"
"ORDER","ORD001894","Vo Dang Khoa","0931246363","10480000","1790705700000","1","PROCESSING"
"ITEM","ORD001894","P129","Loa Bluetooth JBL - Mau 129","1","4080000"
"ITEM","ORD001894","P666","RAM Kingston - Mau 666","4","1600000"
"HISTORY","ORD001894","PENDING","1790705700000"
"HISTORY","ORD001894","PROCESSING","1790709300000"
"ORDER","ORD001895","Hoang Dang Khoa","0982509514","7680000","1790706600000","1","SHIPPING"
"ITEM","ORD001895","P704","Tai nghe Sony - Mau 704","1","5780000"
"ITEM","ORD001895","P252","Router WiFi TP-Link - Mau 252","2","950000"
"HISTORY","ORD001895","PENDING","1790706600000"
"HISTORY","ORD001895","PROCESSING","1790710200000"
"HISTORY","ORD001895","SHIPPING","1790713800000"
"ORDER","ORD001896","Phan Minh An","0943772531","42220000","1790707500000","2","SHIPPING"
"ITEM","ORD001896","P420","Bo chia HDMI Ugreen - Mau 420","1","740000"
"ITEM","ORD001896","P554","Gia do laptop Baseus - Mau 554","3","300000"
"ITEM","ORD001896","P267","Laptop Asus - Mau 267","2","20290000"
"HISTORY","ORD001896","PENDING","1790707500000"
"HISTORY","ORD001896","PROCESSING","1790711100000"
"HISTORY","ORD001896","SHIPPING","1790714700000"
"ORDER","ORD001897","Hoang Thanh Nam","0987194941","11510000","1790708400000","2","COMPLETED"
"ITEM","ORD001897","P852","Router WiFi TP-Link - Mau 852","3","1640000"
"ITEM","ORD001897","P721","Chuot khong day Logitech - Mau 721","1","640000"
"ITEM","ORD001897","P643","Man hinh Dell - Mau 643","1","5950000"
"HISTORY","ORD001897","PENDING","1790708400000"
"HISTORY","ORD001897","PROCESSING","1790712000000"
"HISTORY","ORD001897","SHIPPING","1790715600000"
"HISTORY","ORD001897","COMPLETED","1790719200000"
"ORDER","ORD001898","Tran Dinh Hai","0976980104","2330000","1790709300000","2","COMPLETED"
"ITEM","ORD001898","P868","Webcam Logitech - Mau 868","1","2330000"
"HISTORY","ORD001898","PENDING","1790709300000"
"HISTORY","ORD001898","PROCESSING","1790712900000"
"HISTORY","ORD001898","SHIPPING","1790716500000"
"HISTORY","ORD001898","COMPLETED","1790720100000"
"ORDER","ORD001899","Vu Thanh Nam","0930780373","7330000","1790710200000","2","CANCELLED"
"ITEM","ORD001899","P830","Sac du phong Anker - Mau 830","3","1730000"
"ITEM","ORD001899","P266","RAM Kingston - Mau 266","1","540000"
"ITEM","ORD001899","P421","Chuot khong day Logitech - Mau 421","2","800000"
"HISTORY","ORD001899","PENDING","1790710200000"
"HISTORY","ORD001899","PROCESSING","1790713800000"
"HISTORY","ORD001899","CANCELLED","1790717400000"
"ORDER","ORD001900","Phan Minh Duc","0964968934","12870000","1790711100000","2","CANCELLED"
"ITEM","ORD001900","P337","Ban phim gaming Corsair - Mau 337","3","1560000"
"ITEM","ORD001900","P142","Ban phim Keychron - Mau 142","1","1980000"
"ITEM","ORD001900","P328","Webcam Logitech - Mau 328","1","1910000"
"ITEM","ORD001900","P425","SSD Samsung - Mau 425","2","2150000"
"HISTORY","ORD001900","PENDING","1790711100000"
"HISTORY","ORD001900","CANCELLED","1790714700000"
"ORDER","ORD001901","Pham Huynh Khoa","0942060779","71290000","1790712000000","3","PENDING"
"ITEM","ORD001901","P878","Microphone HyperX - Mau 878","4","2010000"
"ITEM","ORD001901","P142","Ban phim Keychron - Mau 142","4","1980000"
"ITEM","ORD001901","P683","Man hinh Dell - Mau 683","4","13710000"
"ITEM","ORD001901","P361","Chuot khong day Logitech - Mau 361","1","490000"
"HISTORY","ORD001901","PENDING","1790712000000"
"ORDER","ORD001902","Vo Minh An","0981157427","51240000","1790712900000","3","PENDING"
"ITEM","ORD001902","P507","Laptop Asus - Mau 507","1","15320000"
"ITEM","ORD001902","P743","Man hinh Dell - Mau 743","3","10320000"
"ITEM","ORD001902","P942","Ban phim Keychron - Mau 942","2","780000"
"ITEM","ORD001902","P501","Chuot khong day Logitech - Mau 501","4","850000"
"HISTORY","ORD001902","PENDING","1790712900000"
"ORDER","ORD001903","Nguyen Ngoc Anh","0966739913","15264000","1790713800000","3","PROCESSING"
"ITEM","ORD001903","P823","Man hinh Dell - Mau 823","1","1836000"
"ITEM","ORD001903","P437","Ban phim gaming Corsair - Mau 437","4","1215000"
"ITEM","ORD001903","P495","O cung HDD Seagate - Mau 495","4","2142000"
"HISTORY","ORD001903","PENDING","1790713800000"
"HISTORY","ORD001903","PROCESSING","1790717400000"
"ORDER","ORD001904","Vo Ngoc Anh","0946122241","19830000","1790714700000","3","PROCESSING"
"ITEM","ORD001904","P891","Cap USB-C Ugreen - Mau 891","2","370000"
"ITEM","ORD001904","P558","Microphone HyperX - Mau 558","3","3820000"
"ITEM","ORD001904","P216","Chuot gaming Razer - Mau 216","3","2040000"
"ITEM","ORD001904","P881","Chuot khong day Logitech - Mau 881","1","310000"
"ITEM","ORD001904","P493","USB Sandisk - Mau 493","4","300000"
"HISTORY","ORD001904","PENDING","1790714700000"
"HISTORY","ORD001904","PROCESSING","1790718300000"
"ORDER","ORD001905","Vo Thanh Nam","0943992543","22440000","1790715600000","3","SHIPPING"
"ITEM","ORD001905","P994","Gia do laptop Baseus - Mau 994","2","140000"
"ITEM","ORD001905","P124","Tai nghe Sony - Mau 124","4","3450000"
"ITEM","ORD001905","P759","May in Canon - Mau 759","2","4180000"
"HISTORY","ORD001905","PENDING","1790715600000"
"HISTORY","ORD001905","PROCESSING","1790719200000"
"HISTORY","ORD001905","SHIPPING","1790722800000"
"ORDER","ORD001906","Hoang Huynh Khoa","0917294700","960000","1790716500000","1","SHIPPING"
"ITEM","ORD001906","P760","Bo chia HDMI Ugreen - Mau 760","3","320000"
"HISTORY","ORD001906","PENDING","1790716500000"
"HISTORY","ORD001906","PROCESSING","1790720100000"
"HISTORY","ORD001906","SHIPPING","1790723700000"
"ORDER","ORD001907","Le Dang Khoa","0953612732","50000000","1790717400000","1","COMPLETED"
"ITEM","ORD001907","P543","Man hinh Dell - Mau 543","1","3370000"
"ITEM","ORD001907","P927","Laptop Asus - Mau 927","1","34890000"
"ITEM","ORD001907","P746","RAM Kingston - Mau 746","4","2480000"
"ITEM","ORD001907","P020","Bo chia HDMI Ugreen - Mau 020","2","410000"
"ITEM","ORD001907","P698","Microphone HyperX - Mau 698","2","500000"
"HISTORY","ORD001907","PENDING","1790717400000"
"HISTORY","ORD001907","PROCESSING","1790721000000"
"HISTORY","ORD001907","SHIPPING","1790724600000"
"HISTORY","ORD001907","COMPLETED","1790728200000"
"ORDER","ORD001908","Le Huynh Khoa","0929078878","21160000","1790718300000","1","COMPLETED"
"ITEM","ORD001908","P150","Sac du phong Anker - Mau 150","1","1890000"
"ITEM","ORD001908","P159","May in Canon - Mau 159","2","1970000"
"ITEM","ORD001908","P924","Tai nghe Sony - Mau 924","3","3870000"
"ITEM","ORD001908","P866","RAM Kingston - Mau 866","4","580000"
"ITEM","ORD001908","P076","Chuot gaming Razer - Mau 076","2","700000"
"HISTORY","ORD001908","PENDING","1790718300000"
"HISTORY","ORD001908","PROCESSING","1790721900000"
"HISTORY","ORD001908","SHIPPING","1790725500000"
"HISTORY","ORD001908","COMPLETED","1790729100000"
"ORDER","ORD001909","Dang Minh Duc","0939879640","28550000","1790719200000","1","CANCELLED"
"ITEM","ORD001909","P476","Chuot gaming Razer - Mau 476","2","1660000"
"ITEM","ORD001909","P854","Gia do laptop Baseus - Mau 854","2","680000"
"ITEM","ORD001909","P304","Tai nghe Sony - Mau 304","4","5630000"
"ITEM","ORD001909","P074","Gia do laptop Baseus - Mau 074","3","450000"
"HISTORY","ORD001909","PENDING","1790719200000"
"HISTORY","ORD001909","PROCESSING","1790722800000"
"HISTORY","ORD001909","CANCELLED","1790726400000"
"ORDER","ORD001910","Tran Lan Chi","0968346529","4780000","1790720100000","1","CANCELLED"
"ITEM","ORD001910","P975","O cung HDD Seagate - Mau 975","2","1290000"
"ITEM","ORD001910","P976","Chuot gaming Razer - Mau 976","1","2200000"
"HISTORY","ORD001910","PENDING","1790720100000"
"HISTORY","ORD001910","CANCELLED","1790723700000"
"ORDER","ORD001911","Bui Thanh Nam","0929349264","5330000","1790721000000","2","PENDING"
"ITEM","ORD001911","P053","USB Sandisk - Mau 053","3","550000"
"ITEM","ORD001911","P268","Webcam Logitech - Mau 268","2","340000"
"ITEM","ORD001911","P003","Man hinh Dell 24 inch","1","3000000"
"HISTORY","ORD001911","PENDING","1790721000000"
"ORDER","ORD001912","Phan Bao Tran","0927777685","2870000","1790721900000","2","PENDING"
"ITEM","ORD001912","P128","Webcam Logitech - Mau 128","2","1340000"
"ITEM","ORD001912","P691","Cap USB-C Ugreen - Mau 691","1","190000"
"HISTORY","ORD001912","PENDING","1790721900000"
"ORDER","ORD001913","Pham Dang Khoa","0957764731","22230000","1790722800000","2","PROCESSING"
"ITEM","ORD001913","P134","Gia do laptop Baseus - Mau 134","2","530000"
"ITEM","ORD001913","P138","Microphone HyperX - Mau 138","2","910000"
"ITEM","ORD001913","P447","Laptop Asus - Mau 447","1","19350000"
"HISTORY","ORD001913","PENDING","1790722800000"
"HISTORY","ORD001913","PROCESSING","1790726400000"
"ORDER","ORD001914","Le Bao Tran","0956463437","19431000","1790723700000","2","PROCESSING"
"ITEM","ORD001914","P746","RAM Kingston - Mau 746","1","2232000"
"ITEM","ORD001914","P805","SSD Samsung - Mau 805","4","1404000"
"ITEM","ORD001914","P852","Router WiFi TP-Link - Mau 852","4","1476000"
"ITEM","ORD001914","P948","Webcam Logitech - Mau 948","1","1683000"
"ITEM","ORD001914","P744","Tai nghe Sony - Mau 744","1","3996000"
"HISTORY","ORD001914","PENDING","1790723700000"
"HISTORY","ORD001914","PROCESSING","1790727300000"
"ORDER","ORD001915","Le Lan Chi","0925798496","37020000","1790724600000","2","SHIPPING"
"ITEM","ORD001915","P275","O cung HDD Seagate - Mau 275","2","980000"
"ITEM","ORD001915","P704","Tai nghe Sony - Mau 704","3","5780000"
"ITEM","ORD001915","P945","SSD Samsung - Mau 945","4","4430000"
"HISTORY","ORD001915","PENDING","1790724600000"
"HISTORY","ORD001915","PROCESSING","1790728200000"
"HISTORY","ORD001915","SHIPPING","1790731800000"
"ORDER","ORD001916","Huynh Huynh Khoa","0911044091","11340000","1790725500000","3","SHIPPING"
"ITEM","ORD001916","P537","Ban phim gaming Corsair - Mau 537","3","3780000"
"HISTORY","ORD001916","PENDING","1790725500000"
"HISTORY","ORD001916","PROCESSING","1790729100000"
"HISTORY","ORD001916","SHIPPING","1790732700000"
"ORDER","ORD001917","Nguyen Dang Khoa","0974589838","7360000","1790726400000","3","COMPLETED"
"ITEM","ORD001917","P160","Bo chia HDMI Ugreen - Mau 160","2","680000"
"ITEM","ORD001917","P426","RAM Kingston - Mau 426","1","1880000"
"ITEM","ORD001917","P320","Bo chia HDMI Ugreen - Mau 320","4","780000"
"ITEM","ORD001917","P277","Ban phim gaming Corsair - Mau 277","2","500000"
"HISTORY","ORD001917","PENDING","1790726400000"
"HISTORY","ORD001917","PROCESSING","1790730000000"
"HISTORY","ORD001917","SHIPPING","1790733600000"
"HISTORY","ORD001917","COMPLETED","1790737200000"
"ORDER","ORD001918","Hoang Quang Huy","0958845066","16520000","1790727300000","3","COMPLETED"
"ITEM","ORD001918","P987","Laptop Asus - Mau 987","1","16520000"
"HISTORY","ORD001918","PENDING","1790727300000"
"HISTORY","ORD001918","PROCESSING","1790730900000"
"HISTORY","ORD001918","SHIPPING","1790734500000"
"HISTORY","ORD001918","COMPLETED","1790738100000"
"ORDER","ORD001919","Tran Minh An","0944743852","4760000","1790728200000","3","CANCELLED"
"ITEM","ORD001919","P998","Microphone HyperX - Mau 998","2","2380000"
"HISTORY","ORD001919","PENDING","1790728200000"
"HISTORY","ORD001919","PROCESSING","1790731800000"
"HISTORY","ORD001919","CANCELLED","1790735400000"
"ORDER","ORD001920","Vo Ngoc Anh","0942073893","8560000","1790729100000","3","CANCELLED"
"ITEM","ORD001920","P182","Ban phim Keychron - Mau 182","4","2140000"
"HISTORY","ORD001920","PENDING","1790729100000"
"HISTORY","ORD001920","CANCELLED","1790732700000"
"ORDER","ORD001921","Bui Dinh Hai","0985793413","13560000","1790730000000","1","PENDING"
"ITEM","ORD001921","P834","Gia do laptop Baseus - Mau 834","4","610000"
"ITEM","ORD001921","P348","Webcam Logitech - Mau 348","1","2360000"
"ITEM","ORD001921","P880","Bo chia HDMI Ugreen - Mau 880","2","840000"
"ITEM","ORD001921","P355","O cung HDD Seagate - Mau 355","4","1770000"
"HISTORY","ORD001921","PENDING","1790730000000"
"ORDER","ORD001922","Tran Bao Tran","0927232906","34800000","1790730900000","1","PENDING"
"ITEM","ORD001922","P605","SSD Samsung - Mau 605","4","1170000"
"ITEM","ORD001922","P169","Loa Bluetooth JBL - Mau 169","4","5790000"
"ITEM","ORD001922","P512","Router WiFi TP-Link - Mau 512","2","3480000"
"HISTORY","ORD001922","PENDING","1790730900000"
"ORDER","ORD001923","Le Quang Huy","0910858330","10790000","1790731800000","1","PROCESSING"
"ITEM","ORD001923","P271","Cap USB-C Ugreen - Mau 271","4","440000"
"ITEM","ORD001923","P557","Ban phim gaming Corsair - Mau 557","1","2760000"
"ITEM","ORD001923","P090","Sac du phong Anker - Mau 090","3","1070000"
"ITEM","ORD001923","P549","Loa Bluetooth JBL - Mau 549","1","3060000"
"HISTORY","ORD001923","PENDING","1790731800000"
"HISTORY","ORD001923","PROCESSING","1790735400000"
"ORDER","ORD001924","Le Thanh Nam","0929170294","7460000","1790732700000","1","PROCESSING"
"ITEM","ORD001924","P397","Ban phim gaming Corsair - Mau 397","4","1710000"
"ITEM","ORD001924","P850","Sac du phong Anker - Mau 850","1","620000"
"HISTORY","ORD001924","PENDING","1790732700000"
"HISTORY","ORD001924","PROCESSING","1790736300000"
"ORDER","ORD001925","Pham Huynh Khoa","0944933813","17271000","1790733600000","1","SHIPPING"
"ITEM","ORD001925","P999","May in Canon - Mau 999","2","6075000"
"ITEM","ORD001925","P985","SSD Samsung - Mau 985","1","3645000"
"ITEM","ORD001925","P816","Chuot gaming Razer - Mau 816","4","369000"
"HISTORY","ORD001925","PENDING","1790733600000"
"HISTORY","ORD001925","PROCESSING","1790737200000"
"HISTORY","ORD001925","SHIPPING","1790740800000"
"ORDER","ORD001926","Huynh Thu Ha","0948153558","10200000","1790734500000","2","SHIPPING"
"ITEM","ORD001926","P718","Microphone HyperX - Mau 718","3","3400000"
"HISTORY","ORD001926","PENDING","1790734500000"
"HISTORY","ORD001926","PROCESSING","1790738100000"
"HISTORY","ORD001926","SHIPPING","1790741700000"
"ORDER","ORD001927","Nguyen Dang Khoa","0998682335","8210000","1790735400000","2","COMPLETED"
"ITEM","ORD001927","P729","Loa Bluetooth JBL - Mau 729","3","2210000"
"ITEM","ORD001927","P334","Gia do laptop Baseus - Mau 334","2","790000"
"HISTORY","ORD001927","PENDING","1790735400000"
"HISTORY","ORD001927","PROCESSING","1790739000000"
"HISTORY","ORD001927","SHIPPING","1790742600000"
"HISTORY","ORD001927","COMPLETED","1790746200000"
"ORDER","ORD001928","Vo Huynh Khoa","0956953661","12030000","1790736300000","2","COMPLETED"
"ITEM","ORD001928","P015","O cung HDD Seagate - Mau 015","3","2310000"
"ITEM","ORD001928","P982","Ban phim Keychron - Mau 982","2","2550000"
"HISTORY","ORD001928","PENDING","1790736300000"
"HISTORY","ORD001928","PROCESSING","1790739900000"
"HISTORY","ORD001928","SHIPPING","1790743500000"
"HISTORY","ORD001928","COMPLETED","1790747100000"
"ORDER","ORD001929","Huynh Quang Huy","0944176823","1190000","1790737200000","2","CANCELLED"
"ITEM","ORD001929","P710","Sac du phong Anker - Mau 710","1","670000"
"ITEM","ORD001929","P450","Sac du phong Anker - Mau 450","2","260000"
"HISTORY","ORD001929","PENDING","1790737200000"
"HISTORY","ORD001929","PROCESSING","1790740800000"
"HISTORY","ORD001929","CANCELLED","1790744400000"
"ORDER","ORD001930","Dang Dinh Hai","0988153975","2340000","1790738100000","2","CANCELLED"
"ITEM","ORD001930","P942","Ban phim Keychron - Mau 942","3","780000"
"HISTORY","ORD001930","PENDING","1790738100000"
"HISTORY","ORD001930","CANCELLED","1790741700000"
"ORDER","ORD001931","Pham Huynh Khoa","0910305283","134700000","1790739000000","3","PENDING"
"ITEM","ORD001931","P241","Chuot khong day Logitech - Mau 241","4","580000"
"ITEM","ORD001931","P547","Laptop Asus - Mau 547","4","23150000"
"ITEM","ORD001931","P264","Tai nghe Sony - Mau 264","2","5820000"
"ITEM","ORD001931","P446","RAM Kingston - Mau 446","4","840000"
"ITEM","ORD001931","P583","Man hinh Dell - Mau 583","3","8260000"
"HISTORY","ORD001931","PENDING","1790739000000"
"ORDER","ORD001932","Vu Ngoc Anh","0945005076","380000","1790739900000","3","PENDING"
"ITEM","ORD001932","P614","Gia do laptop Baseus - Mau 614","1","380000"
"HISTORY","ORD001932","PENDING","1790739900000"
"ORDER","ORD001933","Phan Tuan Kiet","0924481810","880000","1790740800000","3","PROCESSING"
"ITEM","ORD001933","P801","Chuot khong day Logitech - Mau 801","1","880000"
"HISTORY","ORD001933","PENDING","1790740800000"
"HISTORY","ORD001933","PROCESSING","1790744400000"
"ORDER","ORD001934","Bui Ngoc Anh","0974612423","6110000","1790741700000","3","PROCESSING"
"ITEM","ORD001934","P762","Ban phim Keychron - Mau 762","2","1780000"
"ITEM","ORD001934","P321","Chuot khong day Logitech - Mau 321","3","850000"
"HISTORY","ORD001934","PENDING","1790741700000"
"HISTORY","ORD001934","PROCESSING","1790745300000"
"ORDER","ORD001935","Vu Minh An","0957202311","28920000","1790742600000","3","SHIPPING"
"ITEM","ORD001935","P428","Webcam Logitech - Mau 428","3","1770000"
"ITEM","ORD001935","P829","Loa Bluetooth JBL - Mau 829","1","3490000"
"ITEM","ORD001935","P644","Tai nghe Sony - Mau 644","4","5030000"
"HISTORY","ORD001935","PENDING","1790742600000"
"HISTORY","ORD001935","PROCESSING","1790746200000"
"HISTORY","ORD001935","SHIPPING","1790749800000"
"ORDER","ORD001936","Vo Lan Chi","0960863764","12960000","1790743500000","1","SHIPPING"
"ITEM","ORD001936","P464","Tai nghe Sony - Mau 464","4","1350000"
"ITEM","ORD001936","P635","O cung HDD Seagate - Mau 635","4","999000"
"ITEM","ORD001936","P156","Chuot gaming Razer - Mau 156","2","351000"
"ITEM","ORD001936","P272","Router WiFi TP-Link - Mau 272","3","954000"
"HISTORY","ORD001936","PENDING","1790743500000"
"HISTORY","ORD001936","PROCESSING","1790747100000"
"HISTORY","ORD001936","SHIPPING","1790750700000"
"ORDER","ORD001937","Vo Tuan Kiet","0952542934","12910000","1790744400000","1","COMPLETED"
"ITEM","ORD001937","P321","Chuot khong day Logitech - Mau 321","3","850000"
"ITEM","ORD001937","P294","Gia do laptop Baseus - Mau 294","2","360000"
"ITEM","ORD001937","P957","Ban phim gaming Corsair - Mau 957","2","600000"
"ITEM","ORD001937","P846","RAM Kingston - Mau 846","3","2220000"
"ITEM","ORD001937","P789","Loa Bluetooth JBL - Mau 789","2","890000"
"HISTORY","ORD001937","PENDING","1790744400000"
"HISTORY","ORD001937","PROCESSING","1790748000000"
"HISTORY","ORD001937","SHIPPING","1790751600000"
"HISTORY","ORD001937","COMPLETED","1790755200000"
"ORDER","ORD001938","Pham Quang Huy","0956938064","9100000","1790745300000","1","COMPLETED"
"ITEM","ORD001938","P474","Gia do laptop Baseus - Mau 474","3","640000"
"ITEM","ORD001938","P908","Webcam Logitech - Mau 908","2","1520000"
"ITEM","ORD001938","P637","Ban phim gaming Corsair - Mau 637","3","1380000"
"HISTORY","ORD001938","PENDING","1790745300000"
"HISTORY","ORD001938","PROCESSING","1790748900000"
"HISTORY","ORD001938","SHIPPING","1790752500000"
"HISTORY","ORD001938","COMPLETED","1790756100000"
"ORDER","ORD001939","Bui Bao Tran","0965704974","19630000","1790746200000","1","CANCELLED"
"ITEM","ORD001939","P564","Tai nghe Sony - Mau 564","2","5670000"
"ITEM","ORD001939","P437","Ban phim gaming Corsair - Mau 437","1","1350000"
"ITEM","ORD001939","P048","Webcam Logitech - Mau 048","3","980000"
"ITEM","ORD001939","P306","RAM Kingston - Mau 306","2","2000000"
"HISTORY","ORD001939","PENDING","1790746200000"
"HISTORY","ORD001939","PROCESSING","1790749800000"
"HISTORY","ORD001939","CANCELLED","1790753400000"
"ORDER","ORD001940","Vo Dang Khoa","0938034916","21760000","1790747100000","1","CANCELLED"
"ITEM","ORD001940","P220","Bo chia HDMI Ugreen - Mau 220","2","490000"
"ITEM","ORD001940","P363","Man hinh Dell - Mau 363","2","10390000"
"HISTORY","ORD001940","PENDING","1790747100000"
"HISTORY","ORD001940","CANCELLED","1790750700000"
"ORDER","ORD001941","Hoang Bao Tran","0990566610","4710000","1790748000000","2","PENDING"
"ITEM","ORD001941","P358","Microphone HyperX - Mau 358","1","2570000"
"ITEM","ORD001941","P182","Ban phim Keychron - Mau 182","1","2140000"
"HISTORY","ORD001941","PENDING","1790748000000"
"ORDER","ORD001942","Vo Tuan Kiet","0984428252","23430000","1790748900000","2","PENDING"
"ITEM","ORD001942","P750","Sac du phong Anker - Mau 750","4","550000"
"ITEM","ORD001942","P372","Router WiFi TP-Link - Mau 372","3","2980000"
"ITEM","ORD001942","P981","Chuot khong day Logitech - Mau 981","4","140000"
"ITEM","ORD001942","P098","Microphone HyperX - Mau 098","3","3910000"
"HISTORY","ORD001942","PENDING","1790748900000"
"ORDER","ORD001943","Nguyen Dang Khoa","0914327578","10420000","1790749800000","2","PROCESSING"
"ITEM","ORD001943","P506","RAM Kingston - Mau 506","2","1550000"
"ITEM","ORD001943","P696","Chuot gaming Razer - Mau 696","3","2440000"
"HISTORY","ORD001943","PENDING","1790749800000"
"HISTORY","ORD001943","PROCESSING","1790753400000"
"ORDER","ORD001944","Vu Minh An","0945212488","83960000","1790750700000","2","PROCESSING"
"ITEM","ORD001944","P539","May in Canon - Mau 539","4","8330000"
"ITEM","ORD001944","P963","Man hinh Dell - Mau 963","4","11900000"
"ITEM","ORD001944","P966","RAM Kingston - Mau 966","4","760000"
"HISTORY","ORD001944","PENDING","1790750700000"
"HISTORY","ORD001944","PROCESSING","1790754300000"
"ORDER","ORD001945","Hoang Bao Tran","0964694441","16620000","1790751600000","2","SHIPPING"
"ITEM","ORD001945","P849","Loa Bluetooth JBL - Mau 849","1","2280000"
"ITEM","ORD001945","P744","Tai nghe Sony - Mau 744","3","4440000"
"ITEM","ORD001945","P497","Ban phim gaming Corsair - Mau 497","1","590000"
"ITEM","ORD001945","P774","Gia do laptop Baseus - Mau 774","2","110000"
"ITEM","ORD001945","P931","Cap USB-C Ugreen - Mau 931","3","70000"
"HISTORY","ORD001945","PENDING","1790751600000"
"HISTORY","ORD001945","PROCESSING","1790755200000"
"HISTORY","ORD001945","SHIPPING","1790758800000"
"ORDER","ORD001946","Bui Minh Duc","0989433135","6190000","1790752500000","3","SHIPPING"
"ITEM","ORD001946","P284","Tai nghe Sony - Mau 284","1","5720000"
"ITEM","ORD001946","P594","Gia do laptop Baseus - Mau 594","1","470000"
"HISTORY","ORD001946","PENDING","1790752500000"
"HISTORY","ORD001946","PROCESSING","1790756100000"
"HISTORY","ORD001946","SHIPPING","1790759700000"
"ORDER","ORD001947","Nguyen Quang Huy","0995546402","405000","1790753400000","3","COMPLETED"
"ITEM","ORD001947","P031","Cap USB-C Ugreen - Mau 031","1","405000"
"HISTORY","ORD001947","PENDING","1790753400000"
"HISTORY","ORD001947","PROCESSING","1790757000000"
"HISTORY","ORD001947","SHIPPING","1790760600000"
"HISTORY","ORD001947","COMPLETED","1790764200000"
"ORDER","ORD001948","Hoang Thu Ha","0944590867","78380000","1790754300000","3","COMPLETED"
"ITEM","ORD001948","P007","Laptop Asus - Mau 007","4","14700000"
"ITEM","ORD001948","P988","Webcam Logitech - Mau 988","4","410000"
"ITEM","ORD001948","P197","Ban phim gaming Corsair - Mau 197","1","1660000"
"ITEM","ORD001948","P766","RAM Kingston - Mau 766","3","2640000"
"ITEM","ORD001948","P057","Ban phim gaming Corsair - Mau 057","2","4180000"
"HISTORY","ORD001948","PENDING","1790754300000"
"HISTORY","ORD001948","PROCESSING","1790757900000"
"HISTORY","ORD001948","SHIPPING","1790761500000"
"HISTORY","ORD001948","COMPLETED","1790765100000"
"ORDER","ORD001949","Do Quang Huy","0998742951","2100000","1790755200000","3","CANCELLED"
"ITEM","ORD001949","P230","Sac du phong Anker - Mau 230","3","700000"
"HISTORY","ORD001949","PENDING","1790755200000"
"HISTORY","ORD001949","PROCESSING","1790758800000"
"HISTORY","ORD001949","CANCELLED","1790762400000"
"ORDER","ORD001950","Tran Dinh Hai","0918637551","5900000","1790756100000","3","CANCELLED"
"ITEM","ORD001950","P295","O cung HDD Seagate - Mau 295","3","1870000"
"ITEM","ORD001950","P590","Sac du phong Anker - Mau 590","1","290000"
"HISTORY","ORD001950","PENDING","1790756100000"
"HISTORY","ORD001950","CANCELLED","1790759700000"
"ORDER","ORD001951","Phan Minh An","0987135180","114910000","1790757000000","1","PENDING"
"ITEM","ORD001951","P912","Router WiFi TP-Link - Mau 912","3","690000"
"ITEM","ORD001951","P867","Laptop Asus - Mau 867","4","28210000"
"HISTORY","ORD001951","PENDING","1790757000000"
"ORDER","ORD001952","Bui Quang Huy","0915083469","14180000","1790757900000","1","PENDING"
"ITEM","ORD001952","P979","May in Canon - Mau 979","2","4200000"
"ITEM","ORD001952","P342","Ban phim Keychron - Mau 342","3","1580000"
"ITEM","ORD001952","P174","Gia do laptop Baseus - Mau 174","3","240000"
"ITEM","ORD001952","P340","Bo chia HDMI Ugreen - Mau 340","1","320000"
"HISTORY","ORD001952","PENDING","1790757900000"
"ORDER","ORD001953","Nguyen Thanh Nam","0970470910","21220000","1790758800000","1","PROCESSING"
"ITEM","ORD001953","P482","Ban phim Keychron - Mau 482","3","2740000"
"ITEM","ORD001953","P079","May in Canon - Mau 079","1","2810000"
"ITEM","ORD001953","P088","Webcam Logitech - Mau 088","4","2300000"
"ITEM","ORD001953","P597","Ban phim gaming Corsair - Mau 597","1","580000"
"ITEM","ORD001953","P988","Webcam Logitech - Mau 988","1","410000"
"HISTORY","ORD001953","PENDING","1790758800000"
"HISTORY","ORD001953","PROCESSING","1790762400000"
"ORDER","ORD001954","Do Lan Chi","0920148651","7000000","1790759700000","1","PROCESSING"
"ITEM","ORD001954","P072","Router WiFi TP-Link - Mau 072","4","1040000"
"ITEM","ORD001954","P113","USB Sandisk - Mau 113","3","400000"
"ITEM","ORD001954","P816","Chuot gaming Razer - Mau 816","4","410000"
"HISTORY","ORD001954","PENDING","1790759700000"
"HISTORY","ORD001954","PROCESSING","1790763300000"
"ORDER","ORD001955","Vu Dinh Hai","0948029668","16520000","1790760600000","1","SHIPPING"
"ITEM","ORD001955","P582","Ban phim Keychron - Mau 582","4","1370000"
"ITEM","ORD001955","P557","Ban phim gaming Corsair - Mau 557","4","2760000"
"HISTORY","ORD001955","PENDING","1790760600000"
"HISTORY","ORD001955","PROCESSING","1790764200000"
"HISTORY","ORD001955","SHIPPING","1790767800000"
"ORDER","ORD001956","Do Bao Tran","0944542451","7010000","1790761500000","2","SHIPPING"
"ITEM","ORD001956","P211","Cap USB-C Ugreen - Mau 211","2","170000"
"ITEM","ORD001956","P316","Chuot gaming Razer - Mau 316","4","360000"
"ITEM","ORD001956","P773","USB Sandisk - Mau 773","4","570000"
"ITEM","ORD001956","P838","Microphone HyperX - Mau 838","4","710000"
"ITEM","ORD001956","P073","USB Sandisk - Mau 073","1","110000"
"HISTORY","ORD001956","PENDING","1790761500000"
"HISTORY","ORD001956","PROCESSING","1790765100000"
"HISTORY","ORD001956","SHIPPING","1790768700000"
"ORDER","ORD001957","Bui Minh An","0951359233","20020000","1790762400000","2","COMPLETED"
"ITEM","ORD001957","P386","RAM Kingston - Mau 386","1","1210000"
"ITEM","ORD001957","P829","Loa Bluetooth JBL - Mau 829","1","3490000"
"ITEM","ORD001957","P405","SSD Samsung - Mau 405","1","3090000"
"ITEM","ORD001957","P907","Laptop Asus - Mau 907","1","12230000"
"HISTORY","ORD001957","PENDING","1790762400000"
"HISTORY","ORD001957","PROCESSING","1790766000000"
"HISTORY","ORD001957","SHIPPING","1790769600000"
"HISTORY","ORD001957","COMPLETED","1790773200000"
"ORDER","ORD001958","Pham Thu Ha","0964053261","3672000","1790763300000","2","COMPLETED"
"ITEM","ORD001958","P129","Loa Bluetooth JBL - Mau 129","1","3672000"
"HISTORY","ORD001958","PENDING","1790763300000"
"HISTORY","ORD001958","PROCESSING","1790766900000"
"HISTORY","ORD001958","SHIPPING","1790770500000"
"HISTORY","ORD001958","COMPLETED","1790774100000"
"ORDER","ORD001959","Bui Lan Chi","0971287946","14190000","1790764200000","2","CANCELLED"
"ITEM","ORD001959","P950","Sac du phong Anker - Mau 950","4","740000"
"ITEM","ORD001959","P516","Chuot gaming Razer - Mau 516","3","2310000"
"ITEM","ORD001959","P425","SSD Samsung - Mau 425","2","2150000"
"HISTORY","ORD001959","PENDING","1790764200000"
"HISTORY","ORD001959","PROCESSING","1790767800000"
"HISTORY","ORD001959","CANCELLED","1790771400000"
"ORDER","ORD001960","Dang Thanh Nam","0961334818","16350000","1790765100000","2","CANCELLED"
"ITEM","ORD001960","P245","SSD Samsung - Mau 245","1","3750000"
"ITEM","ORD001960","P456","Chuot gaming Razer - Mau 456","3","2000000"
"ITEM","ORD001960","P930","Sac du phong Anker - Mau 930","4","1650000"
"HISTORY","ORD001960","PENDING","1790765100000"
"HISTORY","ORD001960","CANCELLED","1790768700000"
"ORDER","ORD001961","Bui Lan Chi","0969124023","9920000","1790766000000","3","PENDING"
"ITEM","ORD001961","P746","RAM Kingston - Mau 746","4","2480000"
"HISTORY","ORD001961","PENDING","1790766000000"
"ORDER","ORD001962","Le Lan Chi","0928736847","430000","1790766900000","3","PENDING"
"ITEM","ORD001962","P831","Cap USB-C Ugreen - Mau 831","1","430000"
"HISTORY","ORD001962","PENDING","1790766900000"
"ORDER","ORD001963","Huynh Bao Tran","0974076402","16300000","1790767800000","3","PROCESSING"
"ITEM","ORD001963","P125","SSD Samsung - Mau 125","4","2710000"
"ITEM","ORD001963","P620","Bo chia HDMI Ugreen - Mau 620","1","600000"
"ITEM","ORD001963","P488","Webcam Logitech - Mau 488","3","1620000"
"HISTORY","ORD001963","PENDING","1790767800000"
"HISTORY","ORD001963","PROCESSING","1790771400000"
"ORDER","ORD001964","Pham Minh An","0921710781","101860000","1790768700000","3","PROCESSING"
"ITEM","ORD001964","P478","Microphone HyperX - Mau 478","1","470000"
"ITEM","ORD001964","P231","Cap USB-C Ugreen - Mau 231","3","130000"
"ITEM","ORD001964","P847","Laptop Asus - Mau 847","4","25250000"
"HISTORY","ORD001964","PENDING","1790768700000"
"HISTORY","ORD001964","PROCESSING","1790772300000"
"ORDER","ORD001965","Tran Bao Tran","0951679373","28430000","1790769600000","3","SHIPPING"
"ITEM","ORD001965","P457","Ban phim gaming Corsair - Mau 457","2","2370000"
"ITEM","ORD001965","P129","Loa Bluetooth JBL - Mau 129","3","4080000"
"ITEM","ORD001965","P318","Microphone HyperX - Mau 318","4","720000"
"ITEM","ORD001965","P759","May in Canon - Mau 759","2","4180000"
"ITEM","ORD001965","P893","USB Sandisk - Mau 893","1","210000"
"HISTORY","ORD001965","PENDING","1790769600000"
"HISTORY","ORD001965","PROCESSING","1790773200000"
"HISTORY","ORD001965","SHIPPING","1790776800000"
"ORDER","ORD001966","Nguyen Ngoc Anh","0960591959","9480000","1790770500000","1","SHIPPING"
"ITEM","ORD001966","P457","Ban phim gaming Corsair - Mau 457","4","2370000"
"HISTORY","ORD001966","PENDING","1790770500000"
"HISTORY","ORD001966","PROCESSING","1790774100000"
"HISTORY","ORD001966","SHIPPING","1790777700000"
"ORDER","ORD001967","Phan Huynh Khoa","0913868198","10870000","1790771400000","1","COMPLETED"
"ITEM","ORD001967","P014","Gia do laptop Baseus - Mau 014","1","340000"
"ITEM","ORD001967","P505","SSD Samsung - Mau 505","3","3510000"
"HISTORY","ORD001967","PENDING","1790771400000"
"HISTORY","ORD001967","PROCESSING","1790775000000"
"HISTORY","ORD001967","SHIPPING","1790778600000"
"HISTORY","ORD001967","COMPLETED","1790782200000"
"ORDER","ORD001968","Hoang Lan Chi","0985873119","30160000","1790772300000","1","COMPLETED"
"ITEM","ORD001968","P824","Tai nghe Sony - Mau 824","4","5060000"
"ITEM","ORD001968","P474","Gia do laptop Baseus - Mau 474","4","640000"
"ITEM","ORD001968","P099","May in Canon - Mau 099","2","3680000"
"HISTORY","ORD001968","PENDING","1790772300000"
"HISTORY","ORD001968","PROCESSING","1790775900000"
"HISTORY","ORD001968","SHIPPING","1790779500000"
"HISTORY","ORD001968","COMPLETED","1790783100000"
"ORDER","ORD001969","Dang Huynh Khoa","0951727337","1134000","1790773200000","1","CANCELLED"
"ITEM","ORD001969","P330","Sac du phong Anker - Mau 330","2","567000"
"HISTORY","ORD001969","PENDING","1790773200000"
"HISTORY","ORD001969","PROCESSING","1790776800000"
"HISTORY","ORD001969","CANCELLED","1790780400000"
"ORDER","ORD001970","Vu Minh An","0958760823","20550000","1790774100000","1","CANCELLED"
"ITEM","ORD001970","P975","O cung HDD Seagate - Mau 975","1","1290000"
"ITEM","ORD001970","P765","SSD Samsung - Mau 765","4","4220000"
"ITEM","ORD001970","P823","Man hinh Dell - Mau 823","1","2040000"
"ITEM","ORD001970","P933","USB Sandisk - Mau 933","2","170000"
"HISTORY","ORD001970","PENDING","1790774100000"
"HISTORY","ORD001970","CANCELLED","1790777700000"
"ORDER","ORD001971","Hoang Dang Khoa","0984876091","99730000","1790775000000","2","PENDING"
"ITEM","ORD001971","P279","May in Canon - Mau 279","2","4510000"
"ITEM","ORD001971","P532","Router WiFi TP-Link - Mau 532","3","2110000"
"ITEM","ORD001971","P833","USB Sandisk - Mau 833","2","80000"
"ITEM","ORD001971","P790","Sac du phong Anker - Mau 790","2","1530000"
"ITEM","ORD001971","P267","Laptop Asus - Mau 267","4","20290000"
"HISTORY","ORD001971","PENDING","1790775000000"
"ORDER","ORD001972","Dang Huynh Khoa","0939160485","720000","1790775900000","2","PENDING"
"ITEM","ORD001972","P294","Gia do laptop Baseus - Mau 294","2","360000"
"HISTORY","ORD001972","PENDING","1790775900000"
"ORDER","ORD001973","Vo Thu Ha","0953054398","125390000","1790776800000","2","PROCESSING"
"ITEM","ORD001973","P266","RAM Kingston - Mau 266","4","540000"
"ITEM","ORD001973","P527","Laptop Asus - Mau 527","3","32450000"
"ITEM","ORD001973","P897","Ban phim gaming Corsair - Mau 897","4","4480000"
"ITEM","ORD001973","P923","Man hinh Dell - Mau 923","1","4360000"
"ITEM","ORD001973","P629","Loa Bluetooth JBL - Mau 629","4","900000"
"HISTORY","ORD001973","PENDING","1790776800000"
"HISTORY","ORD001973","PROCESSING","1790780400000"
"ORDER","ORD001974","Tran Minh An","0973983464","3320000","1790777700000","2","PROCESSING"
"ITEM","ORD001974","P430","Sac du phong Anker - Mau 430","4","830000"
"HISTORY","ORD001974","PENDING","1790777700000"
"HISTORY","ORD001974","PROCESSING","1790781300000"
"ORDER","ORD001975","Phan Bao Tran","0997724001","9830000","1790778600000","2","SHIPPING"
"ITEM","ORD001975","P134","Gia do laptop Baseus - Mau 134","3","530000"
"ITEM","ORD001975","P415","O cung HDD Seagate - Mau 415","4","990000"
"ITEM","ORD001975","P182","Ban phim Keychron - Mau 182","2","2140000"
"HISTORY","ORD001975","PENDING","1790778600000"
"HISTORY","ORD001975","PROCESSING","1790782200000"
"HISTORY","ORD001975","SHIPPING","1790785800000"
"ORDER","ORD001976","Le Thanh Nam","0943560880","83700000","1790779500000","3","SHIPPING"
"ITEM","ORD001976","P647","Laptop Asus - Mau 647","3","26570000"
"ITEM","ORD001976","P938","Microphone HyperX - Mau 938","1","3990000"
"HISTORY","ORD001976","PENDING","1790779500000"
"HISTORY","ORD001976","PROCESSING","1790783100000"
"HISTORY","ORD001976","SHIPPING","1790786700000"
"ORDER","ORD001977","Do Thanh Nam","0984230820","3130000","1790780400000","3","COMPLETED"
"ITEM","ORD001977","P556","Chuot gaming Razer - Mau 556","2","980000"
"ITEM","ORD001977","P953","USB Sandisk - Mau 953","2","190000"
"ITEM","ORD001977","P961","Chuot khong day Logitech - Mau 961","1","790000"
"HISTORY","ORD001977","PENDING","1790780400000"
"HISTORY","ORD001977","PROCESSING","1790784000000"
"HISTORY","ORD001977","SHIPPING","1790787600000"
"HISTORY","ORD001977","COMPLETED","1790791200000"
"ORDER","ORD001978","Hoang Dinh Hai","0980640143","35710000","1790781300000","3","COMPLETED"
"ITEM","ORD001978","P462","Ban phim Keychron - Mau 462","3","1630000"
"ITEM","ORD001978","P167","Laptop Asus - Mau 167","1","26820000"
"ITEM","ORD001978","P489","Loa Bluetooth JBL - Mau 489","4","1000000"
"HISTORY","ORD001978","PENDING","1790781300000"
"HISTORY","ORD001978","PROCESSING","1790784900000"
"HISTORY","ORD001978","SHIPPING","1790788500000"
"HISTORY","ORD001978","COMPLETED","1790792100000"
"ORDER","ORD001979","Dang Minh Duc","0994976176","13830000","1790782200000","3","CANCELLED"
"ITEM","ORD001979","P011","Cap USB-C Ugreen - Mau 011","1","70000"
"ITEM","ORD001979","P417","Ban phim gaming Corsair - Mau 417","4","1490000"
"ITEM","ORD001979","P479","May in Canon - Mau 479","1","5780000"
"ITEM","ORD001979","P657","Ban phim gaming Corsair - Mau 657","2","1010000"
"HISTORY","ORD001979","PENDING","1790782200000"
"HISTORY","ORD001979","PROCESSING","1790785800000"
"HISTORY","ORD001979","CANCELLED","1790789400000"
"ORDER","ORD001980","Vo Bao Tran","0965100445","7299000","1790783100000","3","CANCELLED"
"ITEM","ORD001980","P994","Gia do laptop Baseus - Mau 994","2","126000"
"ITEM","ORD001980","P280","Bo chia HDMI Ugreen - Mau 280","3","117000"
"ITEM","ORD001980","P746","RAM Kingston - Mau 746","3","2232000"
"HISTORY","ORD001980","PENDING","1790783100000"
"HISTORY","ORD001980","CANCELLED","1790786700000"
"ORDER","ORD001981","Bui Quang Huy","0912215772","6300000","1790784000000","1","PENDING"
"ITEM","ORD001981","P568","Webcam Logitech - Mau 568","3","1210000"
"ITEM","ORD001981","P325","SSD Samsung - Mau 325","1","2670000"
"HISTORY","ORD001981","PENDING","1790784000000"
"ORDER","ORD001982","Vo Thanh Nam","0978128714","2370000","1790784900000","1","PENDING"
"ITEM","ORD001982","P534","Gia do laptop Baseus - Mau 534","3","790000"
"HISTORY","ORD001982","PENDING","1790784900000"
"ORDER","ORD001983","Phan Thanh Nam","0976143151","16820000","1790785800000","1","PROCESSING"
"ITEM","ORD001983","P088","Webcam Logitech - Mau 088","4","2300000"
"ITEM","ORD001983","P758","Microphone HyperX - Mau 758","1","540000"
"ITEM","ORD001983","P149","Loa Bluetooth JBL - Mau 149","3","1840000"
"ITEM","ORD001983","P690","Sac du phong Anker - Mau 690","2","780000"
"HISTORY","ORD001983","PENDING","1790785800000"
"HISTORY","ORD001983","PROCESSING","1790789400000"
"ORDER","ORD001984","Vu Lan Chi","0948264276","16560000","1790786700000","1","PROCESSING"
"ITEM","ORD001984","P977","Ban phim gaming Corsair - Mau 977","4","4140000"
"HISTORY","ORD001984","PENDING","1790786700000"
"HISTORY","ORD001984","PROCESSING","1790790300000"
"ORDER","ORD001985","Dang Dinh Hai","0992869129","19890000","1790787600000","1","SHIPPING"
"ITEM","ORD001985","P056","Chuot gaming Razer - Mau 056","4","1570000"
"ITEM","ORD001985","P244","Tai nghe Sony - Mau 244","1","4200000"
"ITEM","ORD001985","P776","Chuot gaming Razer - Mau 776","2","2290000"
"ITEM","ORD001985","P576","Chuot gaming Razer - Mau 576","3","1610000"
"HISTORY","ORD001985","PENDING","1790787600000"
"HISTORY","ORD001985","PROCESSING","1790791200000"
"HISTORY","ORD001985","SHIPPING","1790794800000"
"ORDER","ORD001986","Hoang Minh Duc","0954920545","54310000","1790788500000","2","SHIPPING"
"ITEM","ORD001986","P652","Router WiFi TP-Link - Mau 652","2","1500000"
"ITEM","ORD001986","P899","May in Canon - Mau 899","2","7940000"
"ITEM","ORD001986","P019","May in Canon - Mau 019","3","6790000"
"ITEM","ORD001986","P589","Loa Bluetooth JBL - Mau 589","3","5020000"
"HISTORY","ORD001986","PENDING","1790788500000"
"HISTORY","ORD001986","PROCESSING","1790792100000"
"HISTORY","ORD001986","SHIPPING","1790795700000"
"ORDER","ORD001987","Vu Dinh Hai","0971120852","44680000","1790789400000","2","COMPLETED"
"ITEM","ORD001987","P877","Ban phim gaming Corsair - Mau 877","3","1220000"
"ITEM","ORD001987","P249","Loa Bluetooth JBL - Mau 249","1","3900000"
"ITEM","ORD001987","P232","Router WiFi TP-Link - Mau 232","1","2230000"
"ITEM","ORD001987","P927","Laptop Asus - Mau 927","1","34890000"
"HISTORY","ORD001987","PENDING","1790789400000"
"HISTORY","ORD001987","PROCESSING","1790793000000"
"HISTORY","ORD001987","SHIPPING","1790796600000"
"HISTORY","ORD001987","COMPLETED","1790800200000"
"ORDER","ORD001988","Vo Lan Chi","0919651966","5800000","1790790300000","2","COMPLETED"
"ITEM","ORD001988","P052","Router WiFi TP-Link - Mau 052","2","2900000"
"HISTORY","ORD001988","PENDING","1790790300000"
"HISTORY","ORD001988","PROCESSING","1790793900000"
"HISTORY","ORD001988","SHIPPING","1790797500000"
"HISTORY","ORD001988","COMPLETED","1790801100000"
"ORDER","ORD001989","Dang Tuan Kiet","0951197234","110520000","1790791200000","2","CANCELLED"
"ITEM","ORD001989","P395","O cung HDD Seagate - Mau 395","1","1330000"
"ITEM","ORD001989","P327","Laptop Asus - Mau 327","4","25570000"
"ITEM","ORD001989","P369","Loa Bluetooth JBL - Mau 369","3","410000"
"ITEM","ORD001989","P518","Microphone HyperX - Mau 518","4","930000"
"ITEM","ORD001989","P921","Chuot khong day Logitech - Mau 921","4","490000"
"HISTORY","ORD001989","PENDING","1790791200000"
"HISTORY","ORD001989","PROCESSING","1790794800000"
"HISTORY","ORD001989","CANCELLED","1790798400000"
"ORDER","ORD001990","Tran Tuan Kiet","0923388419","9610000","1790792100000","2","CANCELLED"
"ITEM","ORD001990","P037","Ban phim gaming Corsair - Mau 037","2","3170000"
"ITEM","ORD001990","P091","Cap USB-C Ugreen - Mau 091","1","70000"
"ITEM","ORD001990","P013","USB Sandisk - Mau 013","2","360000"
"ITEM","ORD001990","P480","Bo chia HDMI Ugreen - Mau 480","4","620000"
"HISTORY","ORD001990","PENDING","1790792100000"
"HISTORY","ORD001990","CANCELLED","1790795700000"
"ORDER","ORD001991","Hoang Bao Tran","0916604866","4176000","1790793000000","3","PENDING"
"ITEM","ORD001991","P157","Ban phim gaming Corsair - Mau 157","2","1116000"
"ITEM","ORD001991","P005","SSD Samsung - Mau 005","4","486000"
"HISTORY","ORD001991","PENDING","1790793000000"
"ORDER","ORD001992","Tran Minh An","0939493888","37820000","1790793900000","3","PENDING"
"ITEM","ORD001992","P584","Tai nghe Sony - Mau 584","4","3650000"
"ITEM","ORD001992","P347","Laptop Asus - Mau 347","1","17040000"
"ITEM","ORD001992","P050","Sac du phong Anker - Mau 050","3","1990000"
"ITEM","ORD001992","P591","Cap USB-C Ugreen - Mau 591","3","70000"
"HISTORY","ORD001992","PENDING","1790793900000"
"ORDER","ORD001993","Vo Lan Chi","0991560411","90570000","1790794800000","3","PROCESSING"
"ITEM","ORD001993","P915","O cung HDD Seagate - Mau 915","1","1960000"
"ITEM","ORD001993","P307","Laptop Asus - Mau 307","3","23260000"
"ITEM","ORD001993","P066","RAM Kingston - Mau 066","3","2220000"
"ITEM","ORD001993","P989","Loa Bluetooth JBL - Mau 989","3","2650000"
"ITEM","ORD001993","P532","Router WiFi TP-Link - Mau 532","2","2110000"
"HISTORY","ORD001993","PENDING","1790794800000"
"HISTORY","ORD001993","PROCESSING","1790798400000"
"ORDER","ORD001994","Dang Lan Chi","0947815720","10220000","1790795700000","3","PROCESSING"
"ITEM","ORD001994","P048","Webcam Logitech - Mau 048","1","980000"
"ITEM","ORD001994","P263","Man hinh Dell - Mau 263","1","6840000"
"ITEM","ORD001994","P421","Chuot khong day Logitech - Mau 421","3","800000"
"HISTORY","ORD001994","PENDING","1790795700000"
"HISTORY","ORD001994","PROCESSING","1790799300000"
"ORDER","ORD001995","Vu Bao Tran","0919945753","10230000","1790796600000","3","SHIPPING"
"ITEM","ORD001995","P760","Bo chia HDMI Ugreen - Mau 760","3","320000"
"ITEM","ORD001995","P006","RAM Kingston - Mau 006","1","2370000"
"ITEM","ORD001995","P269","Loa Bluetooth JBL - Mau 269","3","2300000"
"HISTORY","ORD001995","PENDING","1790796600000"
"HISTORY","ORD001995","PROCESSING","1790800200000"
"HISTORY","ORD001995","SHIPPING","1790803800000"
"ORDER","ORD001996","Vu Minh An","0987609277","11010000","1790797500000","1","SHIPPING"
"ITEM","ORD001996","P585","SSD Samsung - Mau 585","2","3430000"
"ITEM","ORD001996","P895","O cung HDD Seagate - Mau 895","1","2060000"
"ITEM","ORD001996","P664","Tai nghe Sony - Mau 664","3","610000"
"ITEM","ORD001996","P740","Bo chia HDMI Ugreen - Mau 740","1","260000"
"HISTORY","ORD001996","PENDING","1790797500000"
"HISTORY","ORD001996","PROCESSING","1790801100000"
"HISTORY","ORD001996","SHIPPING","1790804700000"
"ORDER","ORD001997","Huynh Minh Duc","0956074540","70850000","1790798400000","1","COMPLETED"
"ITEM","ORD001997","P626","RAM Kingston - Mau 626","3","650000"
"ITEM","ORD001997","P673","USB Sandisk - Mau 673","2","110000"
"ITEM","ORD001997","P287","Laptop Asus - Mau 287","1","18720000"
"ITEM","ORD001997","P223","Man hinh Dell - Mau 223","4","12490000"
"HISTORY","ORD001997","PENDING","1790798400000"
"HISTORY","ORD001997","PROCESSING","1790802000000"
"HISTORY","ORD001997","SHIPPING","1790805600000"
"HISTORY","ORD001997","COMPLETED","1790809200000"
"ORDER","ORD001998","Le Minh Duc","0992763282","214070000","1790799300000","1","COMPLETED"
"ITEM","ORD001998","P647","Laptop Asus - Mau 647","3","26570000"
"ITEM","ORD001998","P027","Laptop Asus - Mau 027","4","29720000"
"ITEM","ORD001998","P003","Man hinh Dell 24 inch","3","3000000"
"ITEM","ORD001998","P692","Router WiFi TP-Link - Mau 692","2","3240000"
"HISTORY","ORD001998","PENDING","1790799300000"
"HISTORY","ORD001998","PROCESSING","1790802900000"
"HISTORY","ORD001998","SHIPPING","1790806500000"
"HISTORY","ORD001998","COMPLETED","1790810100000"
"ORDER","ORD001999","Nguyen Minh Duc","0912722783","62580000","1790800200000","1","CANCELLED"
"ITEM","ORD001999","P943","Man hinh Dell - Mau 943","3","11780000"
"ITEM","ORD001999","P339","May in Canon - Mau 339","3","7760000"
"ITEM","ORD001999","P415","O cung HDD Seagate - Mau 415","4","990000"
"HISTORY","ORD001999","PENDING","1790800200000"
"HISTORY","ORD001999","PROCESSING","1790803800000"
"HISTORY","ORD001999","CANCELLED","1790807400000"
"ORDER","ORD002000","Nguyen Lan Chi","0955337060","107520000","1790801100000","1","CANCELLED"
"ITEM","ORD002000","P675","O cung HDD Seagate - Mau 675","3","1530000"
"ITEM","ORD002000","P434","Gia do laptop Baseus - Mau 434","1","650000"
"ITEM","ORD002000","P327","Laptop Asus - Mau 327","4","25570000"
"HISTORY","ORD002000","PENDING","1790801100000"
"HISTORY","ORD002000","CANCELLED","1790804700000"
